filename,class_name,image_id
5_19_1_0000.jpg,5_19_1,38754
5_19_1_0001.jpg,5_19_1,10737
5_19_1_0002.jpg,5_19_1,1970
5_19_1_0003.jpg,5_19_1,50421
5_19_1_0004.jpg,5_19_1,21649
5_19_1_0005.jpg,5_19_1,20158
5_19_1_0006.jpg,5_19_1,18740
5_19_1_0007.jpg,5_19_1,12269
5_19_1_0008.jpg,5_19_1,50066
5_19_1_0009.jpg,5_19_1,10490
5_19_1_0010.jpg,5_19_1,42472
5_19_1_0011.jpg,5_19_1,50308
5_19_1_0012.jpg,5_19_1,33269
5_19_1_0013.jpg,5_19_1,9933
5_19_1_0014.jpg,5_19_1,35136
5_19_1_0015.jpg,5_19_1,28505
5_19_1_0016.jpg,5_19_1,2242
5_19_1_0017.jpg,5_19_1,2164
5_19_1_0018.jpg,5_19_1,10258
5_19_1_0019.jpg,5_19_1,18507
5_19_1_0020.jpg,5_19_1,19519
5_19_1_0021.jpg,5_19_1,31559
5_19_1_0022.jpg,5_19_1,37365
5_19_1_0023.jpg,5_19_1,2014
5_19_1_0024.jpg,5_19_1,33900
5_19_1_0025.jpg,5_19_1,17530
5_19_1_0026.jpg,5_19_1,46625
5_19_1_0027.jpg,5_19_1,39157
5_19_1_0028.jpg,5_19_1,45181
5_19_1_0029.jpg,5_19_1,33255
5_19_1_0030.jpg,5_19_1,28446
5_19_1_0031.jpg,5_19_1,18604
5_19_1_0032.jpg,5_19_1,29623
5_19_1_0033.jpg,5_19_1,35051
5_19_1_0034.jpg,5_19_1,21846
5_19_1_0035.jpg,5_19_1,55774
5_19_1_0036.jpg,5_19_1,760
5_19_1_0037.jpg,5_19_1,52064
5_19_1_0038.jpg,5_19_1,55084
5_19_1_0039.jpg,5_19_1,14328
5_19_1_0040.jpg,5_19_1,44554
5_19_1_0041.jpg,5_19_1,28540
5_19_1_0042.jpg,5_19_1,24909
5_19_1_0043.jpg,5_19_1,21824
5_19_1_0044.jpg,5_19_1,14105
5_19_1_0045.jpg,5_19_1,18427
5_19_1_0046.jpg,5_19_1,52428
5_19_1_0047.jpg,5_19_1,24754
5_19_1_0048.jpg,5_19_1,10485
5_19_1_0049.jpg,5_19_1,10230
5_19_1_0050.jpg,5_19_1,26537
5_19_1_0051.jpg,5_19_1,10358
5_19_1_0052.jpg,5_19_1,25681
5_19_1_0053.jpg,5_19_1,25113
5_19_1_0054.jpg,5_19_1,37423
5_19_1_0055.jpg,5_19_1,21139
5_19_1_0056.jpg,5_19_1,55318
5_19_1_0057.jpg,5_19_1,3869
5_19_1_0058.jpg,5_19_1,48515
5_19_1_0059.jpg,5_19_1,29955
5_19_1_0060.jpg,5_19_1,32897
5_19_1_0061.jpg,5_19_1,11136
5_19_1_0062.jpg,5_19_1,26500
5_19_1_0063.jpg,5_19_1,9286
5_19_1_0064.jpg,5_19_1,33521
5_19_1_0065.jpg,5_19_1,23073
5_19_1_0066.jpg,5_19_1,58765
5_19_1_0067.jpg,5_19_1,38422
5_19_1_0068.jpg,5_19_1,38018
5_19_1_0069.jpg,5_19_1,25768
5_19_1_0070.jpg,5_19_1,34584
5_19_1_0071.jpg,5_19_1,17021
5_19_1_0072.jpg,5_19_1,45395
5_19_1_0073.jpg,5_19_1,8910
5_19_1_0074.jpg,5_19_1,4680
5_19_1_0075.jpg,5_19_1,39608
5_19_1_0076.jpg,5_19_1,19161
5_19_1_0077.jpg,5_19_1,53024
5_19_1_0078.jpg,5_19_1,22793
5_19_1_0079.jpg,5_19_1,9318
5_19_1_0080.jpg,5_19_1,19522
5_19_1_0081.jpg,5_19_1,10463
5_19_1_0082.jpg,5_19_1,26540
5_19_1_0083.jpg,5_19_1,21843
5_19_1_0084.jpg,5_19_1,29744
5_19_1_0085.jpg,5_19_1,38673
5_19_1_0086.jpg,5_19_1,25875
5_19_1_0087.jpg,5_19_1,14555
5_19_1_0088.jpg,5_19_1,26081
5_19_1_0089.jpg,5_19_1,25594
5_19_1_0090.jpg,5_19_1,18171
5_19_1_0091.jpg,5_19_1,41792
5_19_1_0092.jpg,5_19_1,21236
5_19_1_0093.jpg,5_19_1,45306
5_19_1_0094.jpg,5_19_1,43393
5_19_1_0095.jpg,5_19_1,39056
5_19_1_0096.jpg,5_19_1,9086
5_19_1_0097.jpg,5_19_1,37644
5_19_1_0098.jpg,5_19_1,38616
5_19_1_0099.jpg,5_19_1,16020
5_19_1_0100.jpg,5_19_1,32802
5_19_1_0101.jpg,5_19_1,48506
5_19_1_0102.jpg,5_19_1,20156
5_19_1_0103.jpg,5_19_1,14570
5_19_1_0104.jpg,5_19_1,30073
5_19_1_0105.jpg,5_19_1,26529
5_19_1_0106.jpg,5_19_1,21376
5_19_1_0107.jpg,5_19_1,38794
5_19_1_0108.jpg,5_19_1,43595
5_19_1_0109.jpg,5_19_1,33698
5_19_1_0110.jpg,5_19_1,18582
5_19_1_0111.jpg,5_19_1,43461
5_19_1_0112.jpg,5_19_1,24439
5_19_1_0113.jpg,5_19_1,52845
5_19_1_0114.jpg,5_19_1,53104
5_19_1_0115.jpg,5_19_1,6977
5_19_1_0116.jpg,5_19_1,19212
5_19_1_0117.jpg,5_19_1,57404
5_19_1_0118.jpg,5_19_1,2254
5_19_1_0119.jpg,5_19_1,55015
5_19_1_0120.jpg,5_19_1,24188
5_19_1_0121.jpg,5_19_1,27565
5_19_1_0122.jpg,5_19_1,21277
5_19_1_0123.jpg,5_19_1,8559
5_19_1_0124.jpg,5_19_1,18238
5_19_1_0125.jpg,5_19_1,34026
5_19_1_0126.jpg,5_19_1,46930
5_19_1_0127.jpg,5_19_1,24117
5_19_1_0128.jpg,5_19_1,18311
5_19_1_0129.jpg,5_19_1,39307
5_19_1_0130.jpg,5_19_1,31341
5_19_1_0131.jpg,5_19_1,27292
5_19_1_0132.jpg,5_19_1,38898
5_19_1_0133.jpg,5_19_1,29900
5_19_1_0134.jpg,5_19_1,12488
5_19_1_0135.jpg,5_19_1,21146
5_19_1_0136.jpg,5_19_1,12270
5_19_1_0137.jpg,5_19_1,20252
5_19_1_0138.jpg,5_19_1,50636
5_19_1_0139.jpg,5_19_1,33902
5_19_1_0140.jpg,5_19_1,33031
5_19_1_0141.jpg,5_19_1,21101
5_19_1_0142.jpg,5_19_1,50822
5_19_1_0143.jpg,5_19_1,34904
5_19_1_0144.jpg,5_19_1,28777
5_19_1_0145.jpg,5_19_1,34800
5_19_1_0146.jpg,5_19_1,27418
5_19_1_0147.jpg,5_19_1,25773
5_19_1_0148.jpg,5_19_1,18563
5_19_1_0149.jpg,5_19_1,12189
5_19_1_0150.jpg,5_19_1,31722
5_19_1_0151.jpg,5_19_1,31098
5_19_1_0152.jpg,5_19_1,10119
5_19_1_0153.jpg,5_19_1,51970
5_19_1_0154.jpg,5_19_1,5012
5_19_1_0155.jpg,5_19_1,10708
5_19_1_0156.jpg,5_19_1,13640
5_19_1_0157.jpg,5_19_1,38398
5_19_1_0158.jpg,5_19_1,14361
5_19_1_0159.jpg,5_19_1,54120
5_19_1_0160.jpg,5_19_1,43238
5_19_1_0161.jpg,5_19_1,28509
5_19_1_0162.jpg,5_19_1,35516
5_19_1_0163.jpg,5_19_1,8408
5_19_1_0164.jpg,5_19_1,26823
5_19_1_0165.jpg,5_19_1,26618
5_19_1_0166.jpg,5_19_1,35507
5_19_1_0167.jpg,5_19_1,30249
5_19_1_0168.jpg,5_19_1,32597
5_19_1_0169.jpg,5_19_1,20476
5_19_1_0170.jpg,5_19_1,33586
5_19_1_0171.jpg,5_19_1,1065
5_19_1_0172.jpg,5_19_1,43234
5_19_1_0173.jpg,5_19_1,47153
5_19_1_0174.jpg,5_19_1,10825
5_19_1_0175.jpg,5_19_1,43309
5_19_1_0176.jpg,5_19_1,32979
5_19_1_0177.jpg,5_19_1,51236
5_19_1_0178.jpg,5_19_1,21233
5_19_1_0179.jpg,5_19_1,52849
5_19_1_0180.jpg,5_19_1,38837
5_19_1_0181.jpg,5_19_1,24907
5_19_1_0182.jpg,5_19_1,10740
5_19_1_0183.jpg,5_19_1,23089
5_19_1_0184.jpg,5_19_1,28943
5_19_1_0185.jpg,5_19_1,14277
5_19_1_0186.jpg,5_19_1,29751
5_19_1_0187.jpg,5_19_1,526
5_19_1_0188.jpg,5_19_1,47342
5_19_1_0189.jpg,5_19_1,47133
5_19_1_0190.jpg,5_19_1,21113
5_19_1_0191.jpg,5_19_1,31365
5_19_1_0192.jpg,5_19_1,52162
5_19_1_0193.jpg,5_19_1,16321
5_19_1_0194.jpg,5_19_1,31628
5_19_1_0195.jpg,5_19_1,10609
5_19_1_0196.jpg,5_19_1,38276
5_19_1_0197.jpg,5_19_1,23359
5_19_1_0198.jpg,5_19_1,38746
5_19_1_0199.jpg,5_19_1,37616
5_19_1_0200.jpg,5_19_1,17531
5_19_1_0201.jpg,5_19_1,26209
5_19_1_0202.jpg,5_19_1,52171
5_19_1_0203.jpg,5_19_1,14464
5_19_1_0204.jpg,5_19_1,33038
5_19_1_0205.jpg,5_19_1,53246
5_19_1_0206.jpg,5_19_1,32619
5_19_1_0207.jpg,5_19_1,37
5_19_1_0208.jpg,5_19_1,36983
5_19_1_0209.jpg,5_19_1,24436
5_19_1_0210.jpg,5_19_1,30860
5_19_1_0211.jpg,5_19_1,1602
5_19_1_0212.jpg,5_19_1,10753
5_19_1_0213.jpg,5_19_1,25823
5_19_1_0214.jpg,5_19_1,55288
5_19_1_0215.jpg,5_19_1,23751
5_19_1_0216.jpg,5_19_1,19869
5_19_1_0217.jpg,5_19_1,7609
5_19_1_0218.jpg,5_19_1,19910
5_19_1_0219.jpg,5_19_1,34031
5_19_1_0220.jpg,5_19_1,9285
5_19_1_0221.jpg,5_19_1,9885
5_19_1_0222.jpg,5_19_1,48966
5_19_1_0223.jpg,5_19_1,30763
5_19_1_0224.jpg,5_19_1,56757
5_19_1_0225.jpg,5_19_1,8888
5_19_1_0226.jpg,5_19_1,52118
5_19_1_0227.jpg,5_19_1,32706
5_19_1_0228.jpg,5_19_1,52744
5_19_1_0229.jpg,5_19_1,11165
5_19_1_0230.jpg,5_19_1,11322
5_19_1_0231.jpg,5_19_1,39529
5_19_1_0232.jpg,5_19_1,30477
5_19_1_0233.jpg,5_19_1,33423
5_19_1_0234.jpg,5_19_1,14996
5_19_1_0235.jpg,5_19_1,21169
5_19_1_0236.jpg,5_19_1,32495
5_19_1_0237.jpg,5_19_1,37507
5_19_1_0238.jpg,5_19_1,28548
5_19_1_0239.jpg,5_19_1,18273
5_19_1_0240.jpg,5_19_1,33036
5_19_1_0241.jpg,5_19_1,51932
5_19_1_0242.jpg,5_19_1,48549
5_19_1_0243.jpg,5_19_1,43669
5_19_1_0244.jpg,5_19_1,17688
5_19_1_0245.jpg,5_19_1,45921
5_19_1_0246.jpg,5_19_1,23948
5_19_1_0247.jpg,5_19_1,27410
5_19_1_0248.jpg,5_19_1,41973
5_19_1_0249.jpg,5_19_1,26200
5_19_1_0250.jpg,5_19_1,29091
5_19_1_0251.jpg,5_19_1,32025
5_19_1_0252.jpg,5_19_1,29679
5_19_1_0253.jpg,5_19_1,11025
5_19_1_0254.jpg,5_19_1,20314
5_19_1_0255.jpg,5_19_1,18833
5_19_1_0256.jpg,5_19_1,8480
5_19_1_0257.jpg,5_19_1,24802
5_19_1_0258.jpg,5_19_1,1640
5_19_1_0259.jpg,5_19_1,35011
5_19_1_0260.jpg,5_19_1,33606
5_19_1_0261.jpg,5_19_1,19273
5_19_1_0262.jpg,5_19_1,35014
5_19_1_0263.jpg,5_19_1,18601
5_19_1_0264.jpg,5_19_1,772
5_19_1_0265.jpg,5_19_1,9080
5_19_1_0266.jpg,5_19_1,45614
5_19_1_0267.jpg,5_19_1,38489
5_19_1_0268.jpg,5_19_1,7816
5_19_1_0269.jpg,5_19_1,19210
5_19_1_0270.jpg,5_19_1,8617
5_19_1_0271.jpg,5_19_1,2236
5_19_1_0272.jpg,5_19_1,24609
5_19_1_0273.jpg,5_19_1,9077
5_19_1_0274.jpg,5_19_1,31911
5_19_1_0275.jpg,5_19_1,19829
5_19_1_0276.jpg,5_19_1,21856
5_19_1_0277.jpg,5_19_1,41508
5_19_1_0278.jpg,5_19_1,30753
5_19_1_0279.jpg,5_19_1,18353
5_19_1_0280.jpg,5_19_1,33035
5_19_1_0281.jpg,5_19_1,11601
5_19_1_0282.jpg,5_19_1,47615
5_19_1_0283.jpg,5_19_1,34116
5_19_1_0284.jpg,5_19_1,34416
5_19_1_0285.jpg,5_19_1,30408
5_19_1_0286.jpg,5_19_1,20043
5_19_1_0287.jpg,5_19_1,53764
5_19_1_0288.jpg,5_19_1,30420
5_19_1_0289.jpg,5_19_1,55431
5_19_1_0290.jpg,5_19_1,27976
5_19_1_0291.jpg,5_19_1,16964
5_19_1_0292.jpg,5_19_1,10275
5_19_1_0293.jpg,5_19_1,10375
5_19_1_0294.jpg,5_19_1,39485
5_19_1_0295.jpg,5_19_1,28857
5_19_1_0296.jpg,5_19_1,25564
5_19_1_0297.jpg,5_19_1,28592
5_19_1_0298.jpg,5_19_1,28154
5_19_1_0299.jpg,5_19_1,30230
5_19_1_0300.jpg,5_19_1,48505
5_19_1_0301.jpg,5_19_1,6787
5_19_1_0302.jpg,5_19_1,42127
5_19_1_0303.jpg,5_19_1,39239
5_19_1_0304.jpg,5_19_1,38994
5_19_1_0305.jpg,5_19_1,10413
5_19_1_0306.jpg,5_19_1,7988
5_19_1_0307.jpg,5_19_1,27619
5_19_1_0308.jpg,5_19_1,48394
5_19_1_0309.jpg,5_19_1,24893
5_19_1_0310.jpg,5_19_1,54744
5_19_1_0311.jpg,5_19_1,10688
5_19_1_0312.jpg,5_19_1,20351
5_19_1_0313.jpg,5_19_1,17010
5_19_1_0314.jpg,5_19_1,16960
5_19_1_0315.jpg,5_19_1,32899
5_19_1_0316.jpg,5_19_1,29582
5_19_1_0317.jpg,5_19_1,12292
5_19_1_0318.jpg,5_19_1,16614
5_19_1_0319.jpg,5_19_1,21873
5_19_1_0320.jpg,5_19_1,30080
5_19_1_0321.jpg,5_19_1,20384
5_19_1_0322.jpg,5_19_1,9185
5_19_1_0323.jpg,5_19_1,29313
5_19_1_0324.jpg,5_19_1,55455
5_19_1_0325.jpg,5_19_1,33432
5_19_1_0326.jpg,5_19_1,10391
5_19_1_0327.jpg,5_19_1,5657
5_19_1_0328.jpg,5_19_1,39217
5_19_1_0329.jpg,5_19_1,33094
5_19_1_0330.jpg,5_19_1,1238
5_19_1_0331.jpg,5_19_1,10239
5_19_1_0332.jpg,5_19_1,51847
5_19_1_0333.jpg,5_19_1,19773
5_19_1_0334.jpg,5_19_1,15120
5_19_1_0335.jpg,5_19_1,27882
5_19_1_0336.jpg,5_19_1,30756
5_19_1_0337.jpg,5_19_1,30638
5_19_1_0338.jpg,5_19_1,18345
5_19_1_0339.jpg,5_19_1,27563
5_19_1_0340.jpg,5_19_1,7812
5_19_1_0341.jpg,5_19_1,14653
5_19_1_0342.jpg,5_19_1,26521
5_19_1_0343.jpg,5_19_1,102
5_19_1_0344.jpg,5_19_1,27055
5_19_1_0345.jpg,5_19_1,21172
5_19_1_0346.jpg,5_19_1,53674
5_19_1_0347.jpg,5_19_1,53772
5_19_1_0348.jpg,5_19_1,29784
5_19_1_0349.jpg,5_19_1,22121
5_19_1_0350.jpg,5_19_1,28546
5_19_1_0351.jpg,5_19_1,44444
5_19_1_0352.jpg,5_19_1,48598
5_19_1_0353.jpg,5_19_1,53622
5_19_1_0354.jpg,5_19_1,33653
5_19_1_0355.jpg,5_19_1,39619
5_19_1_0356.jpg,5_19_1,46981
5_19_1_0357.jpg,5_19_1,30789
5_19_1_0358.jpg,5_19_1,14012
5_19_1_0359.jpg,5_19_1,16952
5_19_1_0360.jpg,5_19_1,23289
5_19_1_0361.jpg,5_19_1,18477
5_19_1_0362.jpg,5_19_1,7810
5_19_1_0363.jpg,5_19_1,34657
5_19_1_0364.jpg,5_19_1,49999
5_19_1_0365.jpg,5_19_1,33141
5_19_1_0366.jpg,5_19_1,7993
5_19_1_0367.jpg,5_19_1,50887
5_19_1_0368.jpg,5_19_1,24033
5_19_1_0369.jpg,5_19_1,7498
5_19_1_0370.jpg,5_19_1,5552
5_19_1_0371.jpg,5_19_1,34894
5_19_1_0372.jpg,5_19_1,30544
5_19_1_0373.jpg,5_19_1,31458
5_19_1_0374.jpg,5_19_1,32646
5_19_1_0375.jpg,5_19_1,14240
5_19_1_0376.jpg,5_19_1,7473
5_19_1_0377.jpg,5_19_1,31631
5_19_1_0378.jpg,5_19_1,9323
5_19_1_0379.jpg,5_19_1,16769
5_19_1_0380.jpg,5_19_1,8750
5_19_1_0381.jpg,5_19_1,35456
5_19_1_0382.jpg,5_19_1,8666
5_19_1_0383.jpg,5_19_1,42239
5_19_1_0384.jpg,5_19_1,19723
5_19_1_0385.jpg,5_19_1,27659
5_19_1_0386.jpg,5_19_1,11003
5_19_1_0387.jpg,5_19_1,34086
5_19_1_0388.jpg,5_19_1,20220
5_19_1_0389.jpg,5_19_1,34653
5_19_1_0390.jpg,5_19_1,35446
5_19_1_0391.jpg,5_19_1,3266
5_19_1_0392.jpg,5_19_1,38032
5_19_1_0393.jpg,5_19_1,9391
5_19_1_0394.jpg,5_19_1,28438
5_19_1_0395.jpg,5_19_1,39440
5_19_1_0396.jpg,5_19_1,34802
5_19_1_0397.jpg,5_19_1,33984
5_19_1_0398.jpg,5_19_1,32300
5_19_1_0399.jpg,5_19_1,24263
5_19_1_0400.jpg,5_19_1,21040
5_19_1_0401.jpg,5_19_1,17775
5_19_1_0402.jpg,5_19_1,41521
5_19_1_0403.jpg,5_19_1,46690
5_19_1_0404.jpg,5_19_1,24042
5_19_1_0405.jpg,5_19_1,19840
5_19_1_0406.jpg,5_19_1,21178
5_19_1_0407.jpg,5_19_1,27294
5_19_1_0408.jpg,5_19_1,11435
5_19_1_0409.jpg,5_19_1,38982
5_19_1_0410.jpg,5_19_1,23409
5_19_1_0411.jpg,5_19_1,29873
5_19_1_0412.jpg,5_19_1,24260
5_19_1_0413.jpg,5_19_1,51571
5_19_1_0414.jpg,5_19_1,9112
5_19_1_0415.jpg,5_19_1,951
5_19_1_0416.jpg,5_19_1,29890
5_19_1_0417.jpg,5_19_1,38093
5_19_1_0418.jpg,5_19_1,33946
5_19_1_0419.jpg,5_19_1,10446
5_19_1_0420.jpg,5_19_1,9128
5_19_1_0421.jpg,5_19_1,32999
5_19_1_0422.jpg,5_19_1,18321
5_19_1_0423.jpg,5_19_1,31569
5_19_1_0424.jpg,5_19_1,11620
5_19_1_0425.jpg,5_19_1,25345
5_19_1_0426.jpg,5_19_1,8785
5_19_1_0427.jpg,5_19_1,20121
5_19_1_0428.jpg,5_19_1,26037
5_19_1_0429.jpg,5_19_1,22117
5_19_1_0430.jpg,5_19_1,14246
5_19_1_0431.jpg,5_19_1,29094
5_19_1_0432.jpg,5_19_1,33218
5_19_1_0433.jpg,5_19_1,45350
5_19_1_0434.jpg,5_19_1,23514
5_19_1_0435.jpg,5_19_1,37688
5_19_1_0436.jpg,5_19_1,39247
5_19_1_0437.jpg,5_19_1,32594
5_19_1_0438.jpg,5_19_1,853
5_19_1_0439.jpg,5_19_1,41489
5_19_1_0440.jpg,5_19_1,56855
5_19_1_0441.jpg,5_19_1,33618
5_19_1_0442.jpg,5_19_1,23397
5_19_1_0443.jpg,5_19_1,40904
5_19_1_0444.jpg,5_19_1,10509
5_19_1_0445.jpg,5_19_1,11860
5_19_1_0446.jpg,5_19_1,10863
5_19_1_0447.jpg,5_19_1,10619
5_19_1_0448.jpg,5_19_1,50485
5_19_1_0449.jpg,5_19_1,14059
5_19_1_0450.jpg,5_19_1,21484
5_19_1_0451.jpg,5_19_1,22016
5_19_1_0452.jpg,5_19_1,37451
5_19_1_0453.jpg,5_19_1,18226
5_19_1_0454.jpg,5_19_1,46894
5_19_1_0455.jpg,5_19_1,25049
5_19_1_0456.jpg,5_19_1,17764
5_19_1_0457.jpg,5_19_1,43565
5_19_1_0458.jpg,5_19_1,38592
5_19_1_0459.jpg,5_19_1,21125
5_19_1_0460.jpg,5_19_1,31560
5_19_1_0461.jpg,5_19_1,30859
5_19_1_0462.jpg,5_19_1,20471
5_19_1_0463.jpg,5_19_1,5661
5_19_1_0464.jpg,5_19_1,10221
5_19_1_0465.jpg,5_19_1,38602
5_19_1_0466.jpg,5_19_1,21696
5_19_1_0467.jpg,5_19_1,3902
5_19_1_0468.jpg,5_19_1,586
5_19_1_0469.jpg,5_19_1,24664
5_19_1_0470.jpg,5_19_1,52917
5_19_1_0471.jpg,5_19_1,11434
5_19_1_0472.jpg,5_19_1,38698
5_19_1_0473.jpg,5_19_1,21069
5_19_1_0474.jpg,5_19_1,14465
5_19_1_0475.jpg,5_19_1,50333
5_19_1_0476.jpg,5_19_1,29229
5_19_1_0477.jpg,5_19_1,33515
5_19_1_0478.jpg,5_19_1,45449
5_19_1_0479.jpg,5_19_1,28713
5_19_1_0480.jpg,5_19_1,33894
5_19_1_0481.jpg,5_19_1,981
5_19_1_0482.jpg,5_19_1,9182
5_19_1_0483.jpg,5_19_1,43744
5_19_1_0484.jpg,5_19_1,12992
5_19_1_0485.jpg,5_19_1,33272
5_19_1_0486.jpg,5_19_1,2704
5_19_1_0487.jpg,5_19_1,26030
5_19_1_0488.jpg,5_19_1,34773
5_19_1_0489.jpg,5_19_1,33529
5_19_1_0490.jpg,5_19_1,12904
5_19_1_0491.jpg,5_19_1,28825
5_19_1_0492.jpg,5_19_1,11304
5_19_1_0493.jpg,5_19_1,3719
5_19_1_0494.jpg,5_19_1,23806
5_19_1_0495.jpg,5_19_1,25865
5_19_1_0496.jpg,5_19_1,54378
5_19_1_0497.jpg,5_19_1,3409
5_19_1_0498.jpg,5_19_1,25660
5_19_1_0499.jpg,5_19_1,18208
5_19_1_0500.jpg,5_19_1,43330
5_19_1_0501.jpg,5_19_1,20368
5_19_1_0502.jpg,5_19_1,41273
5_19_1_0503.jpg,5_19_1,10496
5_19_1_0504.jpg,5_19_1,25525
5_19_1_0505.jpg,5_19_1,53306
5_19_1_0506.jpg,5_19_1,33820
5_19_1_0507.jpg,5_19_1,38072
5_19_1_0508.jpg,5_19_1,51058
5_19_1_0509.jpg,5_19_1,14008
5_19_1_0510.jpg,5_19_1,19787
5_19_1_0511.jpg,5_19_1,14553
5_19_1_0512.jpg,5_19_1,54660
5_19_1_0513.jpg,5_19_1,55963
5_19_1_0514.jpg,5_19_1,16258
5_19_1_0515.jpg,5_19_1,28195
5_19_1_0516.jpg,5_19_1,1967
5_19_1_0517.jpg,5_19_1,16332
5_19_1_0518.jpg,5_19_1,50067
5_19_1_0519.jpg,5_19_1,24641
5_19_1_0520.jpg,5_19_1,53461
5_19_1_0521.jpg,5_19_1,28164
5_19_1_0522.jpg,5_19_1,54903
5_19_1_0523.jpg,5_19_1,41754
5_19_1_0524.jpg,5_19_1,49959
5_19_1_0525.jpg,5_19_1,20318
5_19_1_0526.jpg,5_19_1,14309
5_19_1_0527.jpg,5_19_1,53896
5_19_1_0528.jpg,5_19_1,45180
5_19_1_0529.jpg,5_19_1,10653
5_19_1_0530.jpg,5_19_1,26635
5_19_1_0531.jpg,5_19_1,3033
5_19_1_0532.jpg,5_19_1,30340
5_19_1_0533.jpg,5_19_1,18704
5_19_1_0534.jpg,5_19_1,17610
5_19_1_0535.jpg,5_19_1,56787
5_19_1_0536.jpg,5_19_1,29998
5_19_1_0537.jpg,5_19_1,25384
5_19_1_0538.jpg,5_19_1,23623
5_19_1_0539.jpg,5_19_1,57308
5_19_1_0540.jpg,5_19_1,54340
5_19_1_0541.jpg,5_19_1,19152
5_19_1_0542.jpg,5_19_1,18712
5_19_1_0543.jpg,5_19_1,1854
5_19_1_0544.jpg,5_19_1,39533
5_19_1_0545.jpg,5_19_1,17053
5_19_1_0546.jpg,5_19_1,27379
5_19_1_0547.jpg,5_19_1,24543
5_19_1_0548.jpg,5_19_1,21874
5_19_1_0549.jpg,5_19_1,8892
5_19_1_0550.jpg,5_19_1,53029
5_19_1_0551.jpg,5_19_1,21883
5_19_1_0552.jpg,5_19_1,25463
5_19_1_0553.jpg,5_19_1,38848
5_19_1_0554.jpg,5_19_1,31720
5_19_1_0555.jpg,5_19_1,27471
5_19_1_0556.jpg,5_19_1,43071
5_19_1_0557.jpg,5_19_1,24623
5_19_1_0558.jpg,5_19_1,2052
5_19_1_0559.jpg,5_19_1,10861
5_19_1_0560.jpg,5_19_1,21056
5_19_1_0561.jpg,5_19_1,16319
5_19_1_0562.jpg,5_19_1,34737
5_19_1_0563.jpg,5_19_1,21176
5_19_1_0564.jpg,5_19_1,2966
5_19_1_0565.jpg,5_19_1,10658
5_19_1_0566.jpg,5_19_1,35520
5_19_1_0567.jpg,5_19_1,28939
5_19_1_0568.jpg,5_19_1,25174
5_19_1_0569.jpg,5_19_1,48451
5_19_1_0570.jpg,5_19_1,53848
5_19_1_0571.jpg,5_19_1,24034
5_19_1_0572.jpg,5_19_1,29006
5_19_1_0573.jpg,5_19_1,37477
5_19_1_0574.jpg,5_19_1,31755
5_19_1_0575.jpg,5_19_1,10867
5_19_1_0576.jpg,5_19_1,26840
5_19_1_0577.jpg,5_19_1,34423
5_19_1_0578.jpg,5_19_1,16957
5_19_1_0579.jpg,5_19_1,20609
5_19_1_0580.jpg,5_19_1,4141
5_19_1_0581.jpg,5_19_1,45644
5_19_1_0582.jpg,5_19_1,28998
5_19_1_0583.jpg,5_19_1,79
5_19_1_0584.jpg,5_19_1,32175
5_19_1_0585.jpg,5_19_1,55213
5_19_1_0586.jpg,5_19_1,33022
5_19_1_0587.jpg,5_19_1,43550
5_19_1_0588.jpg,5_19_1,47129
5_19_1_0589.jpg,5_19_1,50471
5_19_1_0590.jpg,5_19_1,50093
5_19_1_0591.jpg,5_19_1,41801
5_19_1_0592.jpg,5_19_1,17326
5_19_1_0593.jpg,5_19_1,25858
5_19_1_0594.jpg,5_19_1,28861
5_19_1_0595.jpg,5_19_1,9014
5_19_1_0596.jpg,5_19_1,40927
5_19_1_0597.jpg,5_19_1,24604
5_19_1_0598.jpg,5_19_1,38135
5_19_1_0599.jpg,5_19_1,24038
5_19_1_0600.jpg,5_19_1,11132
5_19_1_0601.jpg,5_19_1,47134
5_19_1_0602.jpg,5_19_1,23433
5_19_1_0603.jpg,5_19_1,31594
5_19_1_0604.jpg,5_19_1,23867
5_19_1_0605.jpg,5_19_1,41263
5_19_1_0606.jpg,5_19_1,28021
5_19_1_0607.jpg,5_19_1,24484
5_19_1_0608.jpg,5_19_1,27614
5_19_1_0609.jpg,5_19_1,44501
5_19_1_0610.jpg,5_19_1,23270
5_19_1_0611.jpg,5_19_1,33614
5_19_1_0612.jpg,5_19_1,11299
5_19_1_0613.jpg,5_19_1,17014
5_19_1_0614.jpg,5_19_1,28463
5_19_1_0615.jpg,5_19_1,40939
5_19_1_0616.jpg,5_19_1,26524
5_19_1_0617.jpg,5_19_1,42482
5_19_1_0618.jpg,5_19_1,50890
5_19_1_0619.jpg,5_19_1,16165
5_19_1_0620.jpg,5_19_1,37870
5_19_1_0621.jpg,5_19_1,34071
5_19_1_0622.jpg,5_19_1,23462
5_19_1_0623.jpg,5_19_1,27856
5_19_1_0624.jpg,5_19_1,33358
5_19_1_0625.jpg,5_19_1,34
5_19_1_0626.jpg,5_19_1,23592
5_19_1_0627.jpg,5_19_1,22432
5_19_1_0628.jpg,5_19_1,18210
5_19_1_0629.jpg,5_19_1,28827
5_19_1_0630.jpg,5_19_1,53824
5_19_1_0631.jpg,5_19_1,34691
5_19_1_0632.jpg,5_19_1,37508
5_19_1_0633.jpg,5_19_1,39261
5_19_1_0634.jpg,5_19_1,24385
5_19_1_0635.jpg,5_19_1,30167
5_19_1_0636.jpg,5_19_1,29228
5_19_1_0637.jpg,5_19_1,29235
5_19_1_0638.jpg,5_19_1,42401
5_19_1_0639.jpg,5_19_1,18344
5_19_1_0640.jpg,5_19_1,31751
5_19_1_0641.jpg,5_19_1,30423
5_19_1_0642.jpg,5_19_1,54310
5_19_1_0643.jpg,5_19_1,54377
5_19_1_0644.jpg,5_19_1,50028
5_19_1_0645.jpg,5_19_1,15914
5_19_1_0646.jpg,5_19_1,39483
5_19_1_0647.jpg,5_19_1,9684
5_19_1_0648.jpg,5_19_1,22062
5_19_1_0649.jpg,5_19_1,31982
5_19_1_0650.jpg,5_19_1,40920
5_19_1_0651.jpg,5_19_1,38540
5_19_1_0652.jpg,5_19_1,38030
5_19_1_0653.jpg,5_19_1,24705
5_19_1_0654.jpg,5_19_1,10252
5_19_1_0655.jpg,5_19_1,56902
5_19_1_0656.jpg,5_19_1,51240
5_19_1_0657.jpg,5_19_1,19692
5_19_1_0658.jpg,5_19_1,42055
5_19_1_0659.jpg,5_19_1,23902
5_19_1_0660.jpg,5_19_1,18832
5_19_1_0661.jpg,5_19_1,55214
5_19_1_0662.jpg,5_19_1,17582
5_19_1_0663.jpg,5_19_1,12750
5_19_1_0664.jpg,5_19_1,1948
5_19_1_0665.jpg,5_19_1,4996
5_19_1_0666.jpg,5_19_1,20157
5_19_1_0667.jpg,5_19_1,30474
5_19_1_0668.jpg,5_19_1,37682
5_19_1_0669.jpg,5_19_1,52847
5_19_1_0670.jpg,5_19_1,9121
5_19_1_0671.jpg,5_19_1,29801
5_19_1_0672.jpg,5_19_1,28263
5_19_1_0673.jpg,5_19_1,38442
5_19_1_0674.jpg,5_19_1,34405
5_19_1_0675.jpg,5_19_1,17119
5_19_1_0676.jpg,5_19_1,46980
5_19_1_0677.jpg,5_19_1,44415
5_19_1_0678.jpg,5_19_1,26719
5_19_1_0679.jpg,5_19_1,31124
5_19_1_0680.jpg,5_19_1,27470
5_19_1_0681.jpg,5_19_1,20115
5_19_1_0682.jpg,5_19_1,12823
5_19_1_0683.jpg,5_19_1,39371
5_19_1_0684.jpg,5_19_1,43586
5_19_1_0685.jpg,5_19_1,662
5_19_1_0686.jpg,5_19_1,51237
5_19_1_0687.jpg,5_19_1,52898
5_19_1_0688.jpg,5_19_1,10612
5_19_1_0689.jpg,5_19_1,53233
5_19_1_0690.jpg,5_19_1,28635
5_19_1_0691.jpg,5_19_1,18555
5_19_1_0692.jpg,5_19_1,16219
5_19_1_0693.jpg,5_19_1,54958
5_19_1_0694.jpg,5_19_1,44400
5_19_1_0695.jpg,5_19_1,32035
5_19_1_0696.jpg,5_19_1,30160
5_19_1_0697.jpg,5_19_1,5553
5_19_1_0698.jpg,5_19_1,33706
5_19_1_0699.jpg,5_19_1,20360
5_19_1_0700.jpg,5_19_1,11032
5_19_1_0701.jpg,5_19_1,29859
5_19_1_0702.jpg,5_19_1,11673
5_19_1_0703.jpg,5_19_1,54808
5_19_1_0704.jpg,5_19_1,30161
5_19_1_0705.jpg,5_19_1,41293
5_19_1_0706.jpg,5_19_1,32647
5_19_1_0707.jpg,5_19_1,33735
5_19_1_0708.jpg,5_19_1,35472
5_19_1_0709.jpg,5_19_1,24287
5_19_1_0710.jpg,5_19_1,29265
5_19_1_0711.jpg,5_19_1,37711
5_19_1_0712.jpg,5_19_1,56659
5_19_1_0713.jpg,5_19_1,47105
5_19_1_0714.jpg,5_19_1,31545
5_19_1_0715.jpg,5_19_1,28683
5_19_1_0716.jpg,5_19_1,58916
5_19_1_0717.jpg,5_19_1,33356
5_19_1_0718.jpg,5_19_1,29429
5_19_1_0719.jpg,5_19_1,14308
5_19_1_0720.jpg,5_19_1,50579
5_19_1_0721.jpg,5_19_1,30467
5_19_1_0722.jpg,5_19_1,29638
5_19_1_0723.jpg,5_19_1,20934
5_19_1_0724.jpg,5_19_1,51570
5_19_1_0725.jpg,5_19_1,20268
5_19_1_0726.jpg,5_19_1,38708
5_19_1_0727.jpg,5_19_1,21815
5_19_1_0728.jpg,5_19_1,53172
5_19_1_0729.jpg,5_19_1,32214
5_19_1_0730.jpg,5_19_1,30732
5_19_1_0731.jpg,5_19_1,38300
5_19_1_0732.jpg,5_19_1,19854
5_19_1_0733.jpg,5_19_1,21638
5_19_1_0734.jpg,5_19_1,29161
5_19_1_0735.jpg,5_19_1,9240
5_19_1_0736.jpg,5_19_1,45931
5_19_1_0737.jpg,5_19_1,22175
5_19_1_0738.jpg,5_19_1,19685
5_19_1_0739.jpg,5_19_1,21473
5_19_1_0740.jpg,5_19_1,24732
5_19_1_0741.jpg,5_19_1,24341
5_19_1_0742.jpg,5_19_1,33086
5_19_1_0743.jpg,5_19_1,9353
5_19_1_0744.jpg,5_19_1,12190
5_19_1_0745.jpg,5_19_1,13218
5_19_1_0746.jpg,5_19_1,19444
5_19_1_0747.jpg,5_19_1,26656
5_19_1_0748.jpg,5_19_1,44066
5_19_1_0749.jpg,5_19_1,13639
5_19_1_0750.jpg,5_19_1,45476
5_19_1_0751.jpg,5_19_1,18348
5_19_1_0752.jpg,5_19_1,8483
5_19_1_0753.jpg,5_19_1,28286
5_19_1_0754.jpg,5_19_1,27990
5_19_1_0755.jpg,5_19_1,24619
5_19_1_0756.jpg,5_19_1,33149
5_19_1_0757.jpg,5_19_1,30202
5_19_1_0758.jpg,5_19_1,28309
5_19_1_0759.jpg,5_19_1,8215
5_19_1_0760.jpg,5_19_1,18016
5_19_1_0761.jpg,5_19_1,28457
5_19_1_0762.jpg,5_19_1,27028
5_19_1_0763.jpg,5_19_1,52870
5_19_1_0764.jpg,5_19_1,34892
5_19_1_0765.jpg,5_19_1,44111
5_19_1_0766.jpg,5_19_1,1603
5_19_1_0767.jpg,5_19_1,52735
5_19_1_0768.jpg,5_19_1,34406
5_19_1_0769.jpg,5_19_1,26545
5_19_1_0770.jpg,5_19_1,30547
5_19_1_0771.jpg,5_19_1,739
5_19_1_0772.jpg,5_19_1,25481
5_19_1_0773.jpg,5_19_1,23381
5_19_1_0774.jpg,5_19_1,51845
5_19_1_0775.jpg,5_19_1,27036
5_19_1_0776.jpg,5_19_1,28435
5_19_1_0777.jpg,5_19_1,33009
5_19_1_0778.jpg,5_19_1,50852
5_19_1_0779.jpg,5_19_1,49947
5_19_1_0780.jpg,5_19_1,33281
5_19_1_0781.jpg,5_19_1,37385
5_19_1_0782.jpg,5_19_1,18606
5_19_1_0783.jpg,5_19_1,30839
5_19_1_0784.jpg,5_19_1,18570
5_19_1_0785.jpg,5_19_1,21557
5_19_1_0786.jpg,5_19_1,28994
5_19_1_0787.jpg,5_19_1,2134
5_19_1_0788.jpg,5_19_1,27014
5_19_1_0789.jpg,5_19_1,24747
5_19_1_0790.jpg,5_19_1,41505
5_19_1_0791.jpg,5_19_1,43035
5_19_1_0792.jpg,5_19_1,54623
5_19_1_0793.jpg,5_19_1,27700
5_19_1_0794.jpg,5_19_1,47690
5_19_1_0795.jpg,5_19_1,14995
5_19_1_0796.jpg,5_19_1,30236
5_19_1_0797.jpg,5_19_1,11307
5_19_1_0798.jpg,5_19_1,38112
5_19_1_0799.jpg,5_19_1,2038
5_19_1_0800.jpg,5_19_1,27218
5_19_1_0801.jpg,5_19_1,35224
5_19_1_0802.jpg,5_19_1,33970
5_19_1_0803.jpg,5_19_1,40898
5_19_1_0804.jpg,5_19_1,2041
5_19_1_0805.jpg,5_19_1,9569
5_19_1_0806.jpg,5_19_1,38896
5_19_1_0807.jpg,5_19_1,28805
5_19_1_0808.jpg,5_19_1,11966
5_19_1_0809.jpg,5_19_1,30064
5_19_1_0810.jpg,5_19_1,16404
5_19_1_0811.jpg,5_19_1,5554
5_19_1_0812.jpg,5_19_1,20987
5_19_1_0813.jpg,5_19_1,24503
5_19_1_0814.jpg,5_19_1,18269
5_19_1_0815.jpg,5_19_1,29778
5_19_1_0816.jpg,5_19_1,24495
5_19_1_0817.jpg,5_19_1,24781
5_19_1_0818.jpg,5_19_1,52131
5_19_1_0819.jpg,5_19_1,21847
5_19_1_0820.jpg,5_19_1,51594
5_19_1_0821.jpg,5_19_1,28499
5_19_1_0822.jpg,5_19_1,20520
5_19_1_0823.jpg,5_19_1,9389
5_19_1_0824.jpg,5_19_1,30303
5_19_1_0825.jpg,5_19_1,1595
5_19_1_0826.jpg,5_19_1,51051
5_19_1_0827.jpg,5_19_1,6016
5_19_1_0828.jpg,5_19_1,25389
5_19_1_0829.jpg,5_19_1,18803
5_19_1_0830.jpg,5_19_1,39164
5_19_1_0831.jpg,5_19_1,8781
5_19_1_0832.jpg,5_19_1,53353
5_19_1_0833.jpg,5_19_1,39210
5_19_1_0834.jpg,5_19_1,3473
5_19_1_0835.jpg,5_19_1,51887
5_19_1_0836.jpg,5_19_1,2225
5_19_1_0837.jpg,5_19_1,20269
5_19_1_0838.jpg,5_19_1,17586
5_19_1_0839.jpg,5_19_1,1616
5_19_1_0840.jpg,5_19_1,38095
5_19_1_0841.jpg,5_19_1,13546
5_19_1_0842.jpg,5_19_1,19838
5_19_1_0843.jpg,5_19_1,11209
5_19_1_0844.jpg,5_19_1,30429
5_19_1_0845.jpg,5_19_1,41517
5_19_1_0846.jpg,5_19_1,10822
5_19_1_0847.jpg,5_19_1,33964
5_19_1_0848.jpg,5_19_1,18483
5_19_1_0849.jpg,5_19_1,30168
5_19_1_0850.jpg,5_19_1,44826
5_19_1_0851.jpg,5_19_1,20665
5_19_1_0852.jpg,5_19_1,52784
5_19_1_0853.jpg,5_19_1,26017
5_19_1_0854.jpg,5_19_1,15248
5_19_1_0855.jpg,5_19_1,37470
5_19_1_0856.jpg,5_19_1,37561
5_19_1_0857.jpg,5_19_1,53174
5_19_1_0858.jpg,5_19_1,57133
5_19_1_0859.jpg,5_19_1,14576
5_19_1_0860.jpg,5_19_1,23932
5_19_1_0861.jpg,5_19_1,34608
5_19_1_0862.jpg,5_19_1,1987
5_19_1_0863.jpg,5_19_1,23953
5_19_1_0864.jpg,5_19_1,34407
5_19_1_0865.jpg,5_19_1,26321
5_19_1_0866.jpg,5_19_1,27310
5_19_1_0867.jpg,5_19_1,46507
5_19_1_0868.jpg,5_19_1,17490
5_19_1_0869.jpg,5_19_1,9210
5_19_1_0870.jpg,5_19_1,35227
5_19_1_0871.jpg,5_19_1,43738
5_19_1_0872.jpg,5_19_1,38363
5_19_1_0873.jpg,5_19_1,20040
5_19_1_0874.jpg,5_19_1,10480
5_19_1_0875.jpg,5_19_1,44499
5_19_1_0876.jpg,5_19_1,52967
5_19_1_0877.jpg,5_19_1,23493
5_19_1_0878.jpg,5_19_1,43404
5_19_1_0879.jpg,5_19_1,37251
5_19_1_0880.jpg,5_19_1,55047
5_19_1_0881.jpg,5_19_1,11026
5_19_1_0882.jpg,5_19_1,54381
5_19_1_0883.jpg,5_19_1,33996
5_19_1_0884.jpg,5_19_1,53465
5_19_1_0885.jpg,5_19_1,3586
5_19_1_0886.jpg,5_19_1,25225
5_19_1_0887.jpg,5_19_1,32754
5_19_1_0888.jpg,5_19_1,28776
5_19_1_0889.jpg,5_19_1,39612
5_19_1_0890.jpg,5_19_1,26088
5_19_1_0891.jpg,5_19_1,8853
5_19_1_0892.jpg,5_19_1,31570
5_19_1_0893.jpg,5_19_1,39031
5_19_1_0894.jpg,5_19_1,24990
5_19_1_0895.jpg,5_19_1,1108
5_19_1_0896.jpg,5_19_1,28456
5_19_1_0897.jpg,5_19_1,57438
5_19_1_0898.jpg,5_19_1,30918
5_19_1_0899.jpg,5_19_1,10576
5_19_1_0900.jpg,5_19_1,28916
5_19_1_0901.jpg,5_19_1,25777
5_19_1_0902.jpg,5_19_1,38670
5_19_1_0903.jpg,5_19_1,58716
5_19_1_0904.jpg,5_19_1,29960
5_19_1_0905.jpg,5_19_1,45559
5_19_1_0906.jpg,5_19_1,13663
5_19_1_0907.jpg,5_19_1,28958
5_19_1_0908.jpg,5_19_1,16225
5_19_1_0909.jpg,5_19_1,49895
5_19_1_0910.jpg,5_19_1,32274
5_19_1_0911.jpg,5_19_1,39171
5_19_1_0912.jpg,5_19_1,21404
5_19_1_0913.jpg,5_19_1,37880
5_19_1_0914.jpg,5_19_1,55686
5_19_1_0915.jpg,5_19_1,33008
5_19_1_0916.jpg,5_19_1,53078
5_19_1_0917.jpg,5_19_1,30676
5_19_1_0918.jpg,5_19_1,30165
5_19_1_0919.jpg,5_19_1,28959
5_19_1_0920.jpg,5_19_1,57761
5_19_1_0921.jpg,5_19_1,48672
5_19_1_0922.jpg,5_19_1,35243
5_19_1_0923.jpg,5_19_1,21315
5_19_1_0924.jpg,5_19_1,24386
5_19_1_0925.jpg,5_19_1,20186
5_19_1_0926.jpg,5_19_1,58944
5_19_1_0927.jpg,5_19_1,9928
5_19_1_0928.jpg,5_19_1,21879
5_19_1_0929.jpg,5_19_1,29666
5_19_1_0930.jpg,5_19_1,20100
5_19_1_0931.jpg,5_19_1,51169
5_19_1_0932.jpg,5_19_1,30162
5_19_1_0933.jpg,5_19_1,34089
5_19_1_0934.jpg,5_19_1,37665
5_19_1_0935.jpg,5_19_1,41494
5_19_1_0936.jpg,5_19_1,24751
5_19_1_0937.jpg,5_19_1,2129
5_19_1_0938.jpg,5_19_1,31123
5_19_1_0939.jpg,5_19_1,24452
5_19_1_0940.jpg,5_19_1,16406
5_19_1_0941.jpg,5_19_1,30827
5_19_1_0942.jpg,5_19_1,18301
5_19_1_0943.jpg,5_19_1,25578
5_19_1_0944.jpg,5_19_1,54532
5_19_1_0945.jpg,5_19_1,20888
5_19_1_0946.jpg,5_19_1,24911
5_19_1_0947.jpg,5_19_1,21903
5_19_1_0948.jpg,5_19_1,35512
5_19_1_0949.jpg,5_19_1,45179
5_19_1_0950.jpg,5_19_1,21689
5_19_1_0951.jpg,5_19_1,33654
5_19_1_0952.jpg,5_19_1,995
5_19_1_0953.jpg,5_19_1,32009
5_19_1_0954.jpg,5_19_1,16976
5_19_1_0955.jpg,5_19_1,9757
5_19_1_0956.jpg,5_19_1,19920
5_19_1_0957.jpg,5_19_1,47141
5_19_1_0958.jpg,5_19_1,33644
5_19_1_0959.jpg,5_19_1,52051
5_19_1_0960.jpg,5_19_1,19893
5_19_1_0961.jpg,5_19_1,43737
5_19_1_0962.jpg,5_19_1,30533
5_19_1_0963.jpg,5_19_1,38989
5_19_1_0964.jpg,5_19_1,45847
5_19_1_0965.jpg,5_19_1,31007
5_19_1_0966.jpg,5_19_1,29573
5_19_1_0967.jpg,5_19_1,54136
5_19_1_0968.jpg,5_19_1,1434
5_19_1_0969.jpg,5_19_1,10235
5_19_1_0970.jpg,5_19_1,23135
5_19_1_0971.jpg,5_19_1,18671
5_19_1_0972.jpg,5_19_1,27701
5_19_1_0973.jpg,5_19_1,43813
5_19_1_0974.jpg,5_19_1,20055
5_19_1_0975.jpg,5_19_1,23652
5_19_1_0976.jpg,5_19_1,40923
5_19_1_0977.jpg,5_19_1,34757
5_19_1_0978.jpg,5_19_1,26020
5_19_1_0979.jpg,5_19_1,30424
5_19_1_0980.jpg,5_19_1,33591
5_19_1_0981.jpg,5_19_1,32637
5_19_1_0982.jpg,5_19_1,25109
5_19_1_0983.jpg,5_19_1,28641
5_19_1_0984.jpg,5_19_1,50750
5_19_1_0985.jpg,5_19_1,33433
5_19_1_0986.jpg,5_19_1,24617
5_19_1_0987.jpg,5_19_1,25483
5_19_1_0988.jpg,5_19_1,45338
5_19_1_0989.jpg,5_19_1,29752
5_19_1_0990.jpg,5_19_1,21441
5_19_1_0991.jpg,5_19_1,23667
5_19_1_0992.jpg,5_19_1,20475
5_19_1_0993.jpg,5_19_1,19321
5_19_1_0994.jpg,5_19_1,11016
5_19_1_0995.jpg,5_19_1,47243
5_19_1_0996.jpg,5_19_1,17027
5_19_1_0997.jpg,5_19_1,24189
5_19_1_0998.jpg,5_19_1,10979
5_19_1_0999.jpg,5_19_1,50523
2_1_0000.jpg,2_1,50688
2_1_0001.jpg,2_1,20087
2_1_0002.jpg,2_1,20915
2_1_0003.jpg,2_1,23331
2_1_0004.jpg,2_1,43849
2_1_0005.jpg,2_1,27668
2_1_0006.jpg,2_1,56537
2_1_0007.jpg,2_1,48562
2_1_0008.jpg,2_1,57148
2_1_0009.jpg,2_1,27936
2_1_0010.jpg,2_1,11891
2_1_0011.jpg,2_1,21303
2_1_0012.jpg,2_1,28570
2_1_0013.jpg,2_1,24281
2_1_0014.jpg,2_1,34344
2_1_0015.jpg,2_1,19528
2_1_0016.jpg,2_1,29044
2_1_0017.jpg,2_1,1499
2_1_0018.jpg,2_1,50228
2_1_0019.jpg,2_1,14613
2_1_0020.jpg,2_1,27561
2_1_0021.jpg,2_1,4484
2_1_0022.jpg,2_1,6793
2_1_0023.jpg,2_1,52770
2_1_0024.jpg,2_1,28318
2_1_0025.jpg,2_1,14524
2_1_0026.jpg,2_1,44460
2_1_0027.jpg,2_1,12022
2_1_0028.jpg,2_1,1038
2_1_0029.jpg,2_1,55010
2_1_0030.jpg,2_1,28079
2_1_0031.jpg,2_1,42144
2_1_0032.jpg,2_1,42940
2_1_0033.jpg,2_1,40260
2_1_0034.jpg,2_1,31777
2_1_0035.jpg,2_1,19801
2_1_0036.jpg,2_1,5750
2_1_0037.jpg,2_1,25900
2_1_0038.jpg,2_1,42921
2_1_0039.jpg,2_1,12818
2_1_0040.jpg,2_1,8584
2_1_0041.jpg,2_1,36831
2_1_0042.jpg,2_1,44520
2_1_0043.jpg,2_1,9872
2_1_0044.jpg,2_1,55092
2_1_0045.jpg,2_1,6758
2_1_0046.jpg,2_1,16900
2_1_0047.jpg,2_1,16709
2_1_0048.jpg,2_1,54118
2_1_0049.jpg,2_1,29130
2_1_0050.jpg,2_1,10899
2_1_0051.jpg,2_1,25473
2_1_0052.jpg,2_1,13378
2_1_0053.jpg,2_1,53922
2_1_0054.jpg,2_1,38128
2_1_0055.jpg,2_1,58835
2_1_0056.jpg,2_1,57090
2_1_0057.jpg,2_1,24081
2_1_0058.jpg,2_1,48445
2_1_0059.jpg,2_1,35727
2_1_0060.jpg,2_1,40887
2_1_0061.jpg,2_1,40477
2_1_0062.jpg,2_1,28600
2_1_0063.jpg,2_1,56275
2_1_0064.jpg,2_1,39324
2_1_0065.jpg,2_1,29257
2_1_0066.jpg,2_1,54579
2_1_0067.jpg,2_1,8298
2_1_0068.jpg,2_1,11834
2_1_0069.jpg,2_1,22425
2_1_0070.jpg,2_1,22575
2_1_0071.jpg,2_1,26957
2_1_0072.jpg,2_1,10570
2_1_0073.jpg,2_1,17646
2_1_0074.jpg,2_1,24884
2_1_0075.jpg,2_1,18907
2_1_0076.jpg,2_1,52475
2_1_0077.jpg,2_1,10008
2_1_0078.jpg,2_1,17634
2_1_0079.jpg,2_1,328
2_1_0080.jpg,2_1,37206
2_1_0081.jpg,2_1,56847
2_1_0082.jpg,2_1,42163
2_1_0083.jpg,2_1,28295
2_1_0084.jpg,2_1,3332
2_1_0085.jpg,2_1,24476
2_1_0086.jpg,2_1,28179
2_1_0087.jpg,2_1,27932
2_1_0088.jpg,2_1,41116
2_1_0089.jpg,2_1,9510
2_1_0090.jpg,2_1,24576
2_1_0091.jpg,2_1,26956
2_1_0092.jpg,2_1,56541
2_1_0093.jpg,2_1,21463
2_1_0094.jpg,2_1,38986
2_1_0095.jpg,2_1,12841
2_1_0096.jpg,2_1,51367
2_1_0097.jpg,2_1,24023
2_1_0098.jpg,2_1,16706
2_1_0099.jpg,2_1,27061
2_1_0100.jpg,2_1,15838
2_1_0101.jpg,2_1,9513
2_1_0102.jpg,2_1,8160
2_1_0103.jpg,2_1,18212
2_1_0104.jpg,2_1,29489
2_1_0105.jpg,2_1,56920
2_1_0106.jpg,2_1,54608
2_1_0107.jpg,2_1,28187
2_1_0108.jpg,2_1,40213
2_1_0109.jpg,2_1,14226
2_1_0110.jpg,2_1,42133
2_1_0111.jpg,2_1,29173
2_1_0112.jpg,2_1,36899
2_1_0113.jpg,2_1,27495
2_1_0114.jpg,2_1,45017
2_1_0115.jpg,2_1,50989
2_1_0116.jpg,2_1,44649
2_1_0117.jpg,2_1,40079
2_1_0118.jpg,2_1,10518
2_1_0119.jpg,2_1,57353
2_1_0120.jpg,2_1,3894
2_1_0121.jpg,2_1,39491
2_1_0122.jpg,2_1,30234
2_1_0123.jpg,2_1,57952
2_1_0124.jpg,2_1,25635
2_1_0125.jpg,2_1,2650
2_1_0126.jpg,2_1,11346
2_1_0127.jpg,2_1,24366
2_1_0128.jpg,2_1,55056
2_1_0129.jpg,2_1,56188
2_1_0130.jpg,2_1,2213
2_1_0131.jpg,2_1,27423
2_1_0132.jpg,2_1,55080
2_1_0133.jpg,2_1,3952
2_1_0134.jpg,2_1,19040
2_1_0135.jpg,2_1,42189
2_1_0136.jpg,2_1,48036
2_1_0137.jpg,2_1,40372
2_1_0138.jpg,2_1,27713
2_1_0139.jpg,2_1,19594
2_1_0140.jpg,2_1,56035
2_1_0141.jpg,2_1,39866
2_1_0142.jpg,2_1,11293
2_1_0143.jpg,2_1,42164
2_1_0144.jpg,2_1,33141
2_1_0145.jpg,2_1,37203
2_1_0146.jpg,2_1,31429
2_1_0147.jpg,2_1,30192
2_1_0148.jpg,2_1,12151
2_1_0149.jpg,2_1,17938
2_1_0150.jpg,2_1,30888
2_1_0151.jpg,2_1,37373
2_1_0152.jpg,2_1,44751
2_1_0153.jpg,2_1,28181
2_1_0154.jpg,2_1,36792
2_1_0155.jpg,2_1,52094
2_1_0156.jpg,2_1,3713
2_1_0157.jpg,2_1,41197
2_1_0158.jpg,2_1,11102
2_1_0159.jpg,2_1,29919
2_1_0160.jpg,2_1,25899
2_1_0161.jpg,2_1,30283
2_1_0162.jpg,2_1,13003
2_1_0163.jpg,2_1,36987
2_1_0164.jpg,2_1,47878
2_1_0165.jpg,2_1,96
2_1_0166.jpg,2_1,51184
2_1_0167.jpg,2_1,41675
2_1_0168.jpg,2_1,37720
2_1_0169.jpg,2_1,6776
2_1_0170.jpg,2_1,20623
2_1_0171.jpg,2_1,48027
2_1_0172.jpg,2_1,34359
2_1_0173.jpg,2_1,44941
2_1_0174.jpg,2_1,40369
2_1_0175.jpg,2_1,6521
2_1_0176.jpg,2_1,21925
2_1_0177.jpg,2_1,27279
2_1_0178.jpg,2_1,51861
2_1_0179.jpg,2_1,15088
2_1_0180.jpg,2_1,28169
2_1_0181.jpg,2_1,40089
2_1_0182.jpg,2_1,43868
2_1_0183.jpg,2_1,13730
2_1_0184.jpg,2_1,2876
2_1_0185.jpg,2_1,59178
2_1_0186.jpg,2_1,24857
2_1_0187.jpg,2_1,17752
2_1_0188.jpg,2_1,29673
2_1_0189.jpg,2_1,52148
2_1_0190.jpg,2_1,1425
2_1_0191.jpg,2_1,52611
2_1_0192.jpg,2_1,37189
2_1_0193.jpg,2_1,11467
2_1_0194.jpg,2_1,24021
2_1_0195.jpg,2_1,12805
2_1_0196.jpg,2_1,41665
2_1_0197.jpg,2_1,13339
2_1_0198.jpg,2_1,17535
2_1_0199.jpg,2_1,44938
2_1_0200.jpg,2_1,28306
2_1_0201.jpg,2_1,46589
2_1_0202.jpg,2_1,27539
2_1_0203.jpg,2_1,38116
2_1_0204.jpg,2_1,43522
2_1_0205.jpg,2_1,42263
2_1_0206.jpg,2_1,25211
2_1_0207.jpg,2_1,41259
2_1_0208.jpg,2_1,52355
2_1_0209.jpg,2_1,15941
2_1_0210.jpg,2_1,35855
2_1_0211.jpg,2_1,20876
2_1_0212.jpg,2_1,57466
2_1_0213.jpg,2_1,46478
2_1_0214.jpg,2_1,15556
2_1_0215.jpg,2_1,9229
2_1_0216.jpg,2_1,27647
2_1_0217.jpg,2_1,38011
2_1_0218.jpg,2_1,31712
2_1_0219.jpg,2_1,46458
2_1_0220.jpg,2_1,27281
2_1_0221.jpg,2_1,326
2_1_0222.jpg,2_1,27934
2_1_0223.jpg,2_1,28633
2_1_0224.jpg,2_1,56173
2_1_0225.jpg,2_1,55326
2_1_0226.jpg,2_1,44355
2_1_0227.jpg,2_1,16695
2_1_0228.jpg,2_1,40691
2_1_0229.jpg,2_1,50769
2_1_0230.jpg,2_1,43852
2_1_0231.jpg,2_1,32657
2_1_0232.jpg,2_1,31272
2_1_0233.jpg,2_1,52474
2_1_0234.jpg,2_1,51275
2_1_0235.jpg,2_1,35557
2_1_0236.jpg,2_1,41206
2_1_0237.jpg,2_1,30226
2_1_0238.jpg,2_1,20759
2_1_0239.jpg,2_1,24793
2_1_0240.jpg,2_1,54778
2_1_0241.jpg,2_1,35836
2_1_0242.jpg,2_1,24578
2_1_0243.jpg,2_1,37295
2_1_0244.jpg,2_1,4346
2_1_0245.jpg,2_1,30036
2_1_0246.jpg,2_1,42339
2_1_0247.jpg,2_1,35764
2_1_0248.jpg,2_1,35997
2_1_0249.jpg,2_1,16927
2_1_0250.jpg,2_1,44696
2_1_0251.jpg,2_1,3759
2_1_0252.jpg,2_1,45299
2_1_0253.jpg,2_1,56560
2_1_0254.jpg,2_1,31265
2_1_0255.jpg,2_1,11863
2_1_0256.jpg,2_1,40257
2_1_0257.jpg,2_1,11842
2_1_0258.jpg,2_1,48598
2_1_0259.jpg,2_1,41265
2_1_0260.jpg,2_1,1526
2_1_0261.jpg,2_1,15931
2_1_0262.jpg,2_1,37281
2_1_0263.jpg,2_1,17550
2_1_0264.jpg,2_1,10003
2_1_0265.jpg,2_1,42155
2_1_0266.jpg,2_1,27050
2_1_0267.jpg,2_1,31550
2_1_0268.jpg,2_1,36625
2_1_0269.jpg,2_1,10516
2_1_0270.jpg,2_1,30783
2_1_0271.jpg,2_1,50199
2_1_0272.jpg,2_1,35721
2_1_0273.jpg,2_1,29975
2_1_0274.jpg,2_1,44195
2_1_0275.jpg,2_1,51111
2_1_0276.jpg,2_1,3564
2_1_0277.jpg,2_1,9105
2_1_0278.jpg,2_1,24656
2_1_0279.jpg,2_1,28157
2_1_0280.jpg,2_1,11279
2_1_0281.jpg,2_1,39665
2_1_0282.jpg,2_1,11694
2_1_0283.jpg,2_1,11890
2_1_0284.jpg,2_1,40495
2_1_0285.jpg,2_1,18267
2_1_0286.jpg,2_1,28665
2_1_0287.jpg,2_1,2878
2_1_0288.jpg,2_1,4544
2_1_0289.jpg,2_1,30361
2_1_0290.jpg,2_1,6984
2_1_0291.jpg,2_1,28418
2_1_0292.jpg,2_1,34109
2_1_0293.jpg,2_1,35445
2_1_0294.jpg,2_1,39413
2_1_0295.jpg,2_1,15995
2_1_0296.jpg,2_1,25218
2_1_0297.jpg,2_1,50038
2_1_0298.jpg,2_1,37579
2_1_0299.jpg,2_1,54491
2_1_0300.jpg,2_1,19540
2_1_0301.jpg,2_1,18588
2_1_0302.jpg,2_1,18988
2_1_0303.jpg,2_1,10374
2_1_0304.jpg,2_1,35815
2_1_0305.jpg,2_1,24954
2_1_0306.jpg,2_1,44888
2_1_0307.jpg,2_1,55899
2_1_0308.jpg,2_1,15893
2_1_0309.jpg,2_1,24489
2_1_0310.jpg,2_1,41660
2_1_0311.jpg,2_1,25939
2_1_0312.jpg,2_1,41572
2_1_0313.jpg,2_1,26164
2_1_0314.jpg,2_1,807
2_1_0315.jpg,2_1,41834
2_1_0316.jpg,2_1,28161
2_1_0317.jpg,2_1,51718
2_1_0318.jpg,2_1,17745
2_1_0319.jpg,2_1,9868
2_1_0320.jpg,2_1,40311
2_1_0321.jpg,2_1,32665
2_1_0322.jpg,2_1,56210
2_1_0323.jpg,2_1,28660
2_1_0324.jpg,2_1,38972
2_1_0325.jpg,2_1,25539
2_1_0326.jpg,2_1,41260
2_1_0327.jpg,2_1,29041
2_1_0328.jpg,2_1,21580
2_1_0329.jpg,2_1,35901
2_1_0330.jpg,2_1,43731
2_1_0331.jpg,2_1,12232
2_1_0332.jpg,2_1,24729
2_1_0333.jpg,2_1,35766
2_1_0334.jpg,2_1,54781
2_1_0335.jpg,2_1,34149
2_1_0336.jpg,2_1,55040
2_1_0337.jpg,2_1,28564
2_1_0338.jpg,2_1,28507
2_1_0339.jpg,2_1,2374
2_1_0340.jpg,2_1,36565
2_1_0341.jpg,2_1,27564
2_1_0342.jpg,2_1,619
2_1_0343.jpg,2_1,4829
2_1_0344.jpg,2_1,58837
2_1_0345.jpg,2_1,44841
2_1_0346.jpg,2_1,28136
2_1_0347.jpg,2_1,24397
2_1_0348.jpg,2_1,58887
2_1_0349.jpg,2_1,33585
2_1_0350.jpg,2_1,23508
2_1_0351.jpg,2_1,20818
2_1_0352.jpg,2_1,25662
2_1_0353.jpg,2_1,15560
2_1_0354.jpg,2_1,11615
2_1_0355.jpg,2_1,3820
2_1_0356.jpg,2_1,29543
2_1_0357.jpg,2_1,40292
2_1_0358.jpg,2_1,3351
2_1_0359.jpg,2_1,55305
2_1_0360.jpg,2_1,34451
2_1_0361.jpg,2_1,15196
2_1_0362.jpg,2_1,11186
2_1_0363.jpg,2_1,28505
2_1_0364.jpg,2_1,30666
2_1_0365.jpg,2_1,19081
2_1_0366.jpg,2_1,21718
2_1_0367.jpg,2_1,15224
2_1_0368.jpg,2_1,50798
2_1_0369.jpg,2_1,34512
2_1_0370.jpg,2_1,50020
2_1_0371.jpg,2_1,45200
2_1_0372.jpg,2_1,27500
2_1_0373.jpg,2_1,18162
2_1_0374.jpg,2_1,26280
2_1_0375.jpg,2_1,43471
2_1_0376.jpg,2_1,31553
2_1_0377.jpg,2_1,12955
2_1_0378.jpg,2_1,42077
2_1_0379.jpg,2_1,10012
2_1_0380.jpg,2_1,15790
2_1_0381.jpg,2_1,24079
2_1_0382.jpg,2_1,36624
2_1_0383.jpg,2_1,53891
2_1_0384.jpg,2_1,34510
2_1_0385.jpg,2_1,11278
2_1_0386.jpg,2_1,36527
2_1_0387.jpg,2_1,1496
2_1_0388.jpg,2_1,26943
2_1_0389.jpg,2_1,50713
2_1_0390.jpg,2_1,14000
2_1_0391.jpg,2_1,35141
2_1_0392.jpg,2_1,26789
2_1_0393.jpg,2_1,56002
2_1_0394.jpg,2_1,35760
2_1_0395.jpg,2_1,35293
2_1_0396.jpg,2_1,12376
2_1_0397.jpg,2_1,24608
2_1_0398.jpg,2_1,42235
2_1_0399.jpg,2_1,2637
2_1_0400.jpg,2_1,54058
2_1_0401.jpg,2_1,30774
2_1_0402.jpg,2_1,23735
2_1_0403.jpg,2_1,8475
2_1_0404.jpg,2_1,41781
2_1_0405.jpg,2_1,29043
2_1_0406.jpg,2_1,37194
2_1_0407.jpg,2_1,13300
2_1_0408.jpg,2_1,15771
2_1_0409.jpg,2_1,4481
2_1_0410.jpg,2_1,3762
2_1_0411.jpg,2_1,29238
2_1_0412.jpg,2_1,44613
2_1_0413.jpg,2_1,13107
2_1_0414.jpg,2_1,11616
2_1_0415.jpg,2_1,50734
2_1_0416.jpg,2_1,15478
2_1_0417.jpg,2_1,36225
2_1_0418.jpg,2_1,41085
2_1_0419.jpg,2_1,35216
2_1_0420.jpg,2_1,50993
2_1_0421.jpg,2_1,38629
2_1_0422.jpg,2_1,56192
2_1_0423.jpg,2_1,17552
2_1_0424.jpg,2_1,37918
2_1_0425.jpg,2_1,11798
2_1_0426.jpg,2_1,44350
2_1_0427.jpg,2_1,37191
2_1_0428.jpg,2_1,27762
2_1_0429.jpg,2_1,3334
2_1_0430.jpg,2_1,35205
2_1_0431.jpg,2_1,23346
2_1_0432.jpg,2_1,40488
2_1_0433.jpg,2_1,40571
2_1_0434.jpg,2_1,24698
2_1_0435.jpg,2_1,34387
2_1_0436.jpg,2_1,11836
2_1_0437.jpg,2_1,34755
2_1_0438.jpg,2_1,51363
2_1_0439.jpg,2_1,34112
2_1_0440.jpg,2_1,8310
2_1_0441.jpg,2_1,36636
2_1_0442.jpg,2_1,27640
2_1_0443.jpg,2_1,20781
2_1_0444.jpg,2_1,13742
2_1_0445.jpg,2_1,41196
2_1_0446.jpg,2_1,11352
2_1_0447.jpg,2_1,22660
2_1_0448.jpg,2_1,57299
2_1_0449.jpg,2_1,2315
2_1_0450.jpg,2_1,4984
2_1_0451.jpg,2_1,31434
2_1_0452.jpg,2_1,25208
2_1_0453.jpg,2_1,14519
2_1_0454.jpg,2_1,54225
2_1_0455.jpg,2_1,22075
2_1_0456.jpg,2_1,9151
2_1_0457.jpg,2_1,53299
2_1_0458.jpg,2_1,22256
2_1_0459.jpg,2_1,56145
2_1_0460.jpg,2_1,23283
2_1_0461.jpg,2_1,24546
2_1_0462.jpg,2_1,16352
2_1_0463.jpg,2_1,57050
2_1_0464.jpg,2_1,336
2_1_0465.jpg,2_1,27681
2_1_0466.jpg,2_1,15942
2_1_0467.jpg,2_1,14842
2_1_0468.jpg,2_1,18941
2_1_0469.jpg,2_1,12559
2_1_0470.jpg,2_1,2649
2_1_0471.jpg,2_1,15202
2_1_0472.jpg,2_1,1517
2_1_0473.jpg,2_1,34070
2_1_0474.jpg,2_1,24775
2_1_0475.jpg,2_1,56287
2_1_0476.jpg,2_1,30327
2_1_0477.jpg,2_1,1587
2_1_0478.jpg,2_1,18931
2_1_0479.jpg,2_1,27056
2_1_0480.jpg,2_1,6642
2_1_0481.jpg,2_1,14616
2_1_0482.jpg,2_1,38775
2_1_0483.jpg,2_1,48601
2_1_0484.jpg,2_1,12809
2_1_0485.jpg,2_1,8512
2_1_0486.jpg,2_1,42706
2_1_0487.jpg,2_1,40770
2_1_0488.jpg,2_1,34363
2_1_0489.jpg,2_1,47131
2_1_0490.jpg,2_1,56768
2_1_0491.jpg,2_1,12477
2_1_0492.jpg,2_1,40980
2_1_0493.jpg,2_1,45793
2_1_0494.jpg,2_1,23738
2_1_0495.jpg,2_1,4281
2_1_0496.jpg,2_1,48140
2_1_0497.jpg,2_1,29033
2_1_0498.jpg,2_1,41526
2_1_0499.jpg,2_1,3128
2_1_0500.jpg,2_1,8314
2_1_0501.jpg,2_1,42952
2_1_0502.jpg,2_1,36884
2_1_0503.jpg,2_1,39109
2_1_0504.jpg,2_1,12363
2_1_0505.jpg,2_1,44441
2_1_0506.jpg,2_1,40492
2_1_0507.jpg,2_1,9659
2_1_0508.jpg,2_1,10562
2_1_0509.jpg,2_1,30231
2_1_0510.jpg,2_1,59126
2_1_0511.jpg,2_1,16412
2_1_0512.jpg,2_1,8591
2_1_0513.jpg,2_1,14523
2_1_0514.jpg,2_1,27584
2_1_0515.jpg,2_1,51843
2_1_0516.jpg,2_1,30507
2_1_0517.jpg,2_1,35758
2_1_0518.jpg,2_1,57314
2_1_0519.jpg,2_1,50014
2_1_0520.jpg,2_1,28501
2_1_0521.jpg,2_1,41087
2_1_0522.jpg,2_1,46078
2_1_0523.jpg,2_1,58739
2_1_0524.jpg,2_1,39387
2_1_0525.jpg,2_1,11800
2_1_0526.jpg,2_1,12823
2_1_0527.jpg,2_1,52461
2_1_0528.jpg,2_1,23151
2_1_0529.jpg,2_1,39385
2_1_0530.jpg,2_1,40973
2_1_0531.jpg,2_1,24346
2_1_0532.jpg,2_1,37729
2_1_0533.jpg,2_1,31606
2_1_0534.jpg,2_1,41083
2_1_0535.jpg,2_1,36669
2_1_0536.jpg,2_1,38124
2_1_0537.jpg,2_1,11521
2_1_0538.jpg,2_1,29864
2_1_0539.jpg,2_1,39164
2_1_0540.jpg,2_1,26107
2_1_0541.jpg,2_1,35422
2_1_0542.jpg,2_1,17097
2_1_0543.jpg,2_1,42445
2_1_0544.jpg,2_1,8947
2_1_0545.jpg,2_1,10916
2_1_0546.jpg,2_1,39465
2_1_0547.jpg,2_1,11594
2_1_0548.jpg,2_1,35395
2_1_0549.jpg,2_1,15036
2_1_0550.jpg,2_1,53807
2_1_0551.jpg,2_1,8165
2_1_0552.jpg,2_1,56146
2_1_0553.jpg,2_1,54061
2_1_0554.jpg,2_1,54062
2_1_0555.jpg,2_1,30884
2_1_0556.jpg,2_1,13750
2_1_0557.jpg,2_1,33743
2_1_0558.jpg,2_1,38870
2_1_0559.jpg,2_1,5751
2_1_0560.jpg,2_1,57577
2_1_0561.jpg,2_1,29863
2_1_0562.jpg,2_1,33436
2_1_0563.jpg,2_1,12101
2_1_0564.jpg,2_1,55120
2_1_0565.jpg,2_1,46449
2_1_0566.jpg,2_1,22852
2_1_0567.jpg,2_1,17556
2_1_0568.jpg,2_1,43477
2_1_0569.jpg,2_1,24004
2_1_0570.jpg,2_1,12374
2_1_0571.jpg,2_1,33349
2_1_0572.jpg,2_1,53805
2_1_0573.jpg,2_1,34759
2_1_0574.jpg,2_1,12843
2_1_0575.jpg,2_1,27729
2_1_0576.jpg,2_1,55011
2_1_0577.jpg,2_1,24162
2_1_0578.jpg,2_1,39329
2_1_0579.jpg,2_1,54050
2_1_0580.jpg,2_1,53837
2_1_0581.jpg,2_1,2662
2_1_0582.jpg,2_1,59180
2_1_0583.jpg,2_1,27285
2_1_0584.jpg,2_1,19547
2_1_0585.jpg,2_1,27522
2_1_0586.jpg,2_1,29544
2_1_0587.jpg,2_1,31711
2_1_0588.jpg,2_1,33414
2_1_0589.jpg,2_1,549
2_1_0590.jpg,2_1,19593
2_1_0591.jpg,2_1,15901
2_1_0592.jpg,2_1,54513
2_1_0593.jpg,2_1,36832
2_1_0594.jpg,2_1,9226
2_1_0595.jpg,2_1,15821
2_1_0596.jpg,2_1,3067
2_1_0597.jpg,2_1,11368
2_1_0598.jpg,2_1,50013
2_1_0599.jpg,2_1,23153
2_1_0600.jpg,2_1,35539
2_1_0601.jpg,2_1,38643
2_1_0602.jpg,2_1,31780
2_1_0603.jpg,2_1,17713
2_1_0604.jpg,2_1,35174
2_1_0605.jpg,2_1,29695
2_1_0606.jpg,2_1,54561
2_1_0607.jpg,2_1,57121
2_1_0608.jpg,2_1,10894
2_1_0609.jpg,2_1,6645
2_1_0610.jpg,2_1,17604
2_1_0611.jpg,2_1,17714
2_1_0612.jpg,2_1,4864
2_1_0613.jpg,2_1,10600
2_1_0614.jpg,2_1,27488
2_1_0615.jpg,2_1,40483
2_1_0616.jpg,2_1,38914
2_1_0617.jpg,2_1,43906
2_1_0618.jpg,2_1,37897
2_1_0619.jpg,2_1,27520
2_1_0620.jpg,2_1,23222
2_1_0621.jpg,2_1,47093
2_1_0622.jpg,2_1,12811
2_1_0623.jpg,2_1,32658
2_1_0624.jpg,2_1,39382
2_1_0625.jpg,2_1,12630
2_1_0626.jpg,2_1,27992
2_1_0627.jpg,2_1,56749
2_1_0628.jpg,2_1,44150
2_1_0629.jpg,2_1,48617
2_1_0630.jpg,2_1,29535
2_1_0631.jpg,2_1,4483
2_1_0632.jpg,2_1,23690
2_1_0633.jpg,2_1,36540
2_1_0634.jpg,2_1,57436
2_1_0635.jpg,2_1,6797
2_1_0636.jpg,2_1,610
2_1_0637.jpg,2_1,21987
2_1_0638.jpg,2_1,28926
2_1_0639.jpg,2_1,22581
2_1_0640.jpg,2_1,15699
2_1_0641.jpg,2_1,26168
2_1_0642.jpg,2_1,28208
2_1_0643.jpg,2_1,30775
2_1_0644.jpg,2_1,13453
2_1_0645.jpg,2_1,611
2_1_0646.jpg,2_1,44872
2_1_0647.jpg,2_1,39404
2_1_0648.jpg,2_1,19082
2_1_0649.jpg,2_1,14775
2_1_0650.jpg,2_1,35724
2_1_0651.jpg,2_1,50159
2_1_0652.jpg,2_1,45014
2_1_0653.jpg,2_1,53959
2_1_0654.jpg,2_1,33836
2_1_0655.jpg,2_1,9608
2_1_0656.jpg,2_1,36618
2_1_0657.jpg,2_1,4240
2_1_0658.jpg,2_1,39872
2_1_0659.jpg,2_1,2007
2_1_0660.jpg,2_1,41575
2_1_0661.jpg,2_1,10277
2_1_0662.jpg,2_1,29882
2_1_0663.jpg,2_1,55072
2_1_0664.jpg,2_1,39355
2_1_0665.jpg,2_1,54887
2_1_0666.jpg,2_1,36991
2_1_0667.jpg,2_1,38256
2_1_0668.jpg,2_1,28209
2_1_0669.jpg,2_1,12956
2_1_0670.jpg,2_1,37010
2_1_0671.jpg,2_1,2215
2_1_0672.jpg,2_1,30370
2_1_0673.jpg,2_1,18804
2_1_0674.jpg,2_1,41581
2_1_0675.jpg,2_1,34360
2_1_0676.jpg,2_1,11148
2_1_0677.jpg,2_1,39880
2_1_0678.jpg,2_1,12172
2_1_0679.jpg,2_1,25204
2_1_0680.jpg,2_1,39862
2_1_0681.jpg,2_1,56288
2_1_0682.jpg,2_1,36791
2_1_0683.jpg,2_1,48540
2_1_0684.jpg,2_1,10346
2_1_0685.jpg,2_1,29665
2_1_0686.jpg,2_1,31705
2_1_0687.jpg,2_1,23739
2_1_0688.jpg,2_1,31298
2_1_0689.jpg,2_1,18449
2_1_0690.jpg,2_1,10125
2_1_0691.jpg,2_1,46974
2_1_0692.jpg,2_1,12816
2_1_0693.jpg,2_1,50015
2_1_0694.jpg,2_1,46771
2_1_0695.jpg,2_1,21209
2_1_0696.jpg,2_1,33300
2_1_0697.jpg,2_1,33415
2_1_0698.jpg,2_1,16354
2_1_0699.jpg,2_1,24701
2_1_0700.jpg,2_1,12027
2_1_0701.jpg,2_1,16092
2_1_0702.jpg,2_1,26202
2_1_0703.jpg,2_1,21450
2_1_0704.jpg,2_1,18896
2_1_0705.jpg,2_1,57800
2_1_0706.jpg,2_1,17101
2_1_0707.jpg,2_1,10013
2_1_0708.jpg,2_1,19361
2_1_0709.jpg,2_1,44655
2_1_0710.jpg,2_1,41762
2_1_0711.jpg,2_1,54179
2_1_0712.jpg,2_1,55304
2_1_0713.jpg,2_1,40780
2_1_0714.jpg,2_1,54223
2_1_0715.jpg,2_1,30282
2_1_0716.jpg,2_1,29957
2_1_0717.jpg,2_1,16863
2_1_0718.jpg,2_1,40248
2_1_0719.jpg,2_1,9101
2_1_0720.jpg,2_1,42136
2_1_0721.jpg,2_1,29110
2_1_0722.jpg,2_1,27567
2_1_0723.jpg,2_1,56649
2_1_0724.jpg,2_1,6985
2_1_0725.jpg,2_1,33442
2_1_0726.jpg,2_1,46439
2_1_0727.jpg,2_1,9874
2_1_0728.jpg,2_1,29667
2_1_0729.jpg,2_1,41670
2_1_0730.jpg,2_1,40979
2_1_0731.jpg,2_1,3769
2_1_0732.jpg,2_1,7086
2_1_0733.jpg,2_1,35145
2_1_0734.jpg,2_1,28152
2_1_0735.jpg,2_1,10244
2_1_0736.jpg,2_1,56862
2_1_0737.jpg,2_1,46217
2_1_0738.jpg,2_1,35891
2_1_0739.jpg,2_1,41697
2_1_0740.jpg,2_1,55342
2_1_0741.jpg,2_1,53300
2_1_0742.jpg,2_1,4041
2_1_0743.jpg,2_1,40812
2_1_0744.jpg,2_1,54776
2_1_0745.jpg,2_1,20711
2_1_0746.jpg,2_1,30200
2_1_0747.jpg,2_1,58516
2_1_0748.jpg,2_1,42646
2_1_0749.jpg,2_1,45193
2_1_0750.jpg,2_1,16861
2_1_0751.jpg,2_1,8426
2_1_0752.jpg,2_1,12099
2_1_0753.jpg,2_1,31871
2_1_0754.jpg,2_1,10867
2_1_0755.jpg,2_1,45948
2_1_0756.jpg,2_1,18828
2_1_0757.jpg,2_1,3815
2_1_0758.jpg,2_1,25448
2_1_0759.jpg,2_1,40217
2_1_0760.jpg,2_1,48542
2_1_0761.jpg,2_1,48455
2_1_0762.jpg,2_1,17766
2_1_0763.jpg,2_1,34410
2_1_0764.jpg,2_1,35398
2_1_0765.jpg,2_1,36126
2_1_0766.jpg,2_1,37210
2_1_0767.jpg,2_1,31547
2_1_0768.jpg,2_1,57342
2_1_0769.jpg,2_1,6641
2_1_0770.jpg,2_1,31454
2_1_0771.jpg,2_1,8602
2_1_0772.jpg,2_1,30886
2_1_0773.jpg,2_1,11502
2_1_0774.jpg,2_1,53920
2_1_0775.jpg,2_1,36070
2_1_0776.jpg,2_1,28076
2_1_0777.jpg,2_1,25784
2_1_0778.jpg,2_1,57881
2_1_0779.jpg,2_1,16826
2_1_0780.jpg,2_1,31430
2_1_0781.jpg,2_1,10599
2_1_0782.jpg,2_1,55863
2_1_0783.jpg,2_1,15812
2_1_0784.jpg,2_1,33343
2_1_0785.jpg,2_1,29664
2_1_0786.jpg,2_1,36395
2_1_0787.jpg,2_1,14687
2_1_0788.jpg,2_1,10891
2_1_0789.jpg,2_1,29620
2_1_0790.jpg,2_1,53962
2_1_0791.jpg,2_1,35547
2_1_0792.jpg,2_1,30781
2_1_0793.jpg,2_1,14634
2_1_0794.jpg,2_1,48608
2_1_0795.jpg,2_1,11472
2_1_0796.jpg,2_1,38879
2_1_0797.jpg,2_1,46583
2_1_0798.jpg,2_1,1943
2_1_0799.jpg,2_1,34385
2_1_0800.jpg,2_1,29542
2_1_0801.jpg,2_1,19545
2_1_0802.jpg,2_1,23022
2_1_0803.jpg,2_1,31820
2_1_0804.jpg,2_1,43955
2_1_0805.jpg,2_1,20942
2_1_0806.jpg,2_1,24168
2_1_0807.jpg,2_1,15716
2_1_0808.jpg,2_1,17570
2_1_0809.jpg,2_1,10251
2_1_0810.jpg,2_1,28542
2_1_0811.jpg,2_1,11906
2_1_0812.jpg,2_1,46457
2_1_0813.jpg,2_1,50807
2_1_0814.jpg,2_1,48610
2_1_0815.jpg,2_1,3771
2_1_0816.jpg,2_1,31517
2_1_0817.jpg,2_1,15089
2_1_0818.jpg,2_1,57301
2_1_0819.jpg,2_1,35548
2_1_0820.jpg,2_1,17541
2_1_0821.jpg,2_1,18032
2_1_0822.jpg,2_1,19556
2_1_0823.jpg,2_1,18206
2_1_0824.jpg,2_1,40046
2_1_0825.jpg,2_1,37360
2_1_0826.jpg,2_1,34428
2_1_0827.jpg,2_1,24746
2_1_0828.jpg,2_1,40527
2_1_0829.jpg,2_1,28111
2_1_0830.jpg,2_1,40781
2_1_0831.jpg,2_1,24612
2_1_0832.jpg,2_1,50226
2_1_0833.jpg,2_1,24853
2_1_0834.jpg,2_1,29618
2_1_0835.jpg,2_1,42138
2_1_0836.jpg,2_1,21283
2_1_0837.jpg,2_1,35054
2_1_0838.jpg,2_1,54679
2_1_0839.jpg,2_1,40263
2_1_0840.jpg,2_1,41669
2_1_0841.jpg,2_1,27809
2_1_0842.jpg,2_1,35804
2_1_0843.jpg,2_1,45497
2_1_0844.jpg,2_1,48715
2_1_0845.jpg,2_1,38450
2_1_0846.jpg,2_1,18028
2_1_0847.jpg,2_1,21617
2_1_0848.jpg,2_1,58297
2_1_0849.jpg,2_1,15741
2_1_0850.jpg,2_1,25537
2_1_0851.jpg,2_1,6556
2_1_0852.jpg,2_1,43201
2_1_0853.jpg,2_1,35219
2_1_0854.jpg,2_1,53343
2_1_0855.jpg,2_1,47914
2_1_0856.jpg,2_1,14431
2_1_0857.jpg,2_1,28113
2_1_0858.jpg,2_1,10859
2_1_0859.jpg,2_1,17929
2_1_0860.jpg,2_1,27514
2_1_0861.jpg,2_1,40805
2_1_0862.jpg,2_1,47133
2_1_0863.jpg,2_1,16349
2_1_0864.jpg,2_1,40043
2_1_0865.jpg,2_1,11353
2_1_0866.jpg,2_1,23746
2_1_0867.jpg,2_1,40918
2_1_0868.jpg,2_1,33338
2_1_0869.jpg,2_1,2682
2_1_0870.jpg,2_1,6662
2_1_0871.jpg,2_1,36604
2_1_0872.jpg,2_1,45254
2_1_0873.jpg,2_1,35416
2_1_0874.jpg,2_1,24687
2_1_0875.jpg,2_1,35998
2_1_0876.jpg,2_1,10601
2_1_0877.jpg,2_1,35446
2_1_0878.jpg,2_1,24017
2_1_0879.jpg,2_1,2787
2_1_0880.jpg,2_1,30044
2_1_0881.jpg,2_1,11799
2_1_0882.jpg,2_1,31473
2_1_0883.jpg,2_1,16002
2_1_0884.jpg,2_1,15717
2_1_0885.jpg,2_1,3781
2_1_0886.jpg,2_1,28148
2_1_0887.jpg,2_1,42267
2_1_0888.jpg,2_1,15748
2_1_0889.jpg,2_1,42139
2_1_0890.jpg,2_1,40775
2_1_0891.jpg,2_1,491
2_1_0892.jpg,2_1,10379
2_1_0893.jpg,2_1,2011
2_1_0894.jpg,2_1,23225
2_1_0895.jpg,2_1,16729
2_1_0896.jpg,2_1,51851
2_1_0897.jpg,2_1,49109
2_1_0898.jpg,2_1,38876
2_1_0899.jpg,2_1,12635
2_1_0900.jpg,2_1,24748
2_1_0901.jpg,2_1,28709
2_1_0902.jpg,2_1,13737
2_1_0903.jpg,2_1,4728
2_1_0904.jpg,2_1,24786
2_1_0905.jpg,2_1,41268
2_1_0906.jpg,2_1,8454
2_1_0907.jpg,2_1,44991
2_1_0908.jpg,2_1,57147
2_1_0909.jpg,2_1,50703
2_1_0910.jpg,2_1,1694
2_1_0911.jpg,2_1,47891
2_1_0912.jpg,2_1,55052
2_1_0913.jpg,2_1,24976
2_1_0914.jpg,2_1,15907
2_1_0915.jpg,2_1,28296
2_1_0916.jpg,2_1,39354
2_1_0917.jpg,2_1,135
2_1_0918.jpg,2_1,33720
2_1_0919.jpg,2_1,24930
2_1_0920.jpg,2_1,54683
2_1_0921.jpg,2_1,38136
2_1_0922.jpg,2_1,20522
2_1_0923.jpg,2_1,10921
2_1_0924.jpg,2_1,48526
2_1_0925.jpg,2_1,34340
2_1_0926.jpg,2_1,9038
2_1_0927.jpg,2_1,48599
2_1_0928.jpg,2_1,51355
2_1_0929.jpg,2_1,46452
2_1_0930.jpg,2_1,53298
2_1_0931.jpg,2_1,2175
2_1_0932.jpg,2_1,36306
2_1_0933.jpg,2_1,42183
2_1_0934.jpg,2_1,4344
2_1_0935.jpg,2_1,36116
2_1_0936.jpg,2_1,35406
2_1_0937.jpg,2_1,25932
2_1_0938.jpg,2_1,1632
2_1_0939.jpg,2_1,34024
2_1_0940.jpg,2_1,8962
2_1_0941.jpg,2_1,32292
2_1_0942.jpg,2_1,24961
2_1_0943.jpg,2_1,12103
2_1_0944.jpg,2_1,55784
2_1_0945.jpg,2_1,31289
2_1_0946.jpg,2_1,15281
2_1_0947.jpg,2_1,4440
2_1_0948.jpg,2_1,51706
2_1_0949.jpg,2_1,41788
2_1_0950.jpg,2_1,42937
2_1_0951.jpg,2_1,19673
2_1_0952.jpg,2_1,15403
2_1_0953.jpg,2_1,8458
2_1_0954.jpg,2_1,41313
2_1_0955.jpg,2_1,3758
2_1_0956.jpg,2_1,28420
2_1_0957.jpg,2_1,21823
2_1_0958.jpg,2_1,4348
2_1_0959.jpg,2_1,21586
2_1_0960.jpg,2_1,4138
2_1_0961.jpg,2_1,29947
2_1_0962.jpg,2_1,29662
2_1_0963.jpg,2_1,47892
2_1_0964.jpg,2_1,36637
2_1_0965.jpg,2_1,51262
2_1_0966.jpg,2_1,42366
2_1_0967.jpg,2_1,25914
2_1_0968.jpg,2_1,3711
2_1_0969.jpg,2_1,20904
2_1_0970.jpg,2_1,28134
2_1_0971.jpg,2_1,34022
2_1_0972.jpg,2_1,4729
2_1_0973.jpg,2_1,31264
2_1_0974.jpg,2_1,27521
2_1_0975.jpg,2_1,14228
2_1_0976.jpg,2_1,35057
2_1_0977.jpg,2_1,39885
2_1_0978.jpg,2_1,36771
2_1_0979.jpg,2_1,40247
2_1_0980.jpg,2_1,36072
2_1_0981.jpg,2_1,31607
2_1_0982.jpg,2_1,20331
2_1_0983.jpg,2_1,44804
2_1_0984.jpg,2_1,44886
2_1_0985.jpg,2_1,48041
2_1_0986.jpg,2_1,27230
2_1_0987.jpg,2_1,10694
2_1_0988.jpg,2_1,38976
2_1_0989.jpg,2_1,57873
2_1_0990.jpg,2_1,19548
2_1_0991.jpg,2_1,51696
2_1_0992.jpg,2_1,28463
2_1_0993.jpg,2_1,30195
2_1_0994.jpg,2_1,10512
2_1_0995.jpg,2_1,30772
2_1_0996.jpg,2_1,28539
2_1_0997.jpg,2_1,29442
2_1_0998.jpg,2_1,40645
2_1_0999.jpg,2_1,57876
5_16_0000.jpg,5_16,44192
5_16_0001.jpg,5_16,19147
5_16_0002.jpg,5_16,45987
5_16_0003.jpg,5_16,33245
5_16_0004.jpg,5_16,46730
5_16_0005.jpg,5_16,6852
5_16_0006.jpg,5_16,33291
5_16_0007.jpg,5_16,44915
5_16_0008.jpg,5_16,27443
5_16_0009.jpg,5_16,9301
5_16_0010.jpg,5_16,11659
5_16_0011.jpg,5_16,43121
5_16_0012.jpg,5_16,35044
5_16_0013.jpg,5_16,53675
5_16_0014.jpg,5_16,18575
5_16_0015.jpg,5_16,4259
5_16_0016.jpg,5_16,17492
5_16_0017.jpg,5_16,45072
5_16_0018.jpg,5_16,4907
5_16_0019.jpg,5_16,16167
5_16_0020.jpg,5_16,11094
5_16_0021.jpg,5_16,23838
5_16_0022.jpg,5_16,35232
5_16_0023.jpg,5_16,34792
5_16_0024.jpg,5_16,39340
5_16_0025.jpg,5_16,4447
5_16_0026.jpg,5_16,18087
5_16_0027.jpg,5_16,47334
5_16_0028.jpg,5_16,36103
5_16_0029.jpg,5_16,36114
5_16_0030.jpg,5_16,11715
5_16_0031.jpg,5_16,17249
5_16_0032.jpg,5_16,54793
5_16_0033.jpg,5_16,35238
5_16_0034.jpg,5_16,42594
5_16_0035.jpg,5_16,30795
5_16_0036.jpg,5_16,27696
5_16_0037.jpg,5_16,25565
5_16_0038.jpg,5_16,14812
5_16_0039.jpg,5_16,2965
5_16_0040.jpg,5_16,20106
5_16_0041.jpg,5_16,53276
5_16_0042.jpg,5_16,54011
5_16_0043.jpg,5_16,39596
5_16_0044.jpg,5_16,15459
5_16_0045.jpg,5_16,26506
5_16_0046.jpg,5_16,26430
5_16_0047.jpg,5_16,46616
5_16_0048.jpg,5_16,22131
5_16_0049.jpg,5_16,28139
5_16_0050.jpg,5_16,52346
5_16_0051.jpg,5_16,20797
5_16_0052.jpg,5_16,16022
5_16_0053.jpg,5_16,17163
5_16_0054.jpg,5_16,11593
5_16_0055.jpg,5_16,47560
5_16_0056.jpg,5_16,19621
5_16_0057.jpg,5_16,46561
5_16_0058.jpg,5_16,13075
5_16_0059.jpg,5_16,31280
5_16_0060.jpg,5_16,33032
5_16_0061.jpg,5_16,10679
5_16_0062.jpg,5_16,57350
5_16_0063.jpg,5_16,55893
5_16_0064.jpg,5_16,28339
5_16_0065.jpg,5_16,29140
5_16_0066.jpg,5_16,18364
5_16_0067.jpg,5_16,19660
5_16_0068.jpg,5_16,34786
5_16_0069.jpg,5_16,53532
5_16_0070.jpg,5_16,23085
5_16_0071.jpg,5_16,15857
5_16_0072.jpg,5_16,20812
5_16_0073.jpg,5_16,17301
5_16_0074.jpg,5_16,23863
5_16_0075.jpg,5_16,52421
5_16_0076.jpg,5_16,2968
5_16_0077.jpg,5_16,34781
5_16_0078.jpg,5_16,59122
5_16_0079.jpg,5_16,35736
5_16_0080.jpg,5_16,50099
5_16_0081.jpg,5_16,57767
5_16_0082.jpg,5_16,16937
5_16_0083.jpg,5_16,12939
5_16_0084.jpg,5_16,10931
5_16_0085.jpg,5_16,30348
5_16_0086.jpg,5_16,42595
5_16_0087.jpg,5_16,51271
5_16_0088.jpg,5_16,54554
5_16_0089.jpg,5_16,43290
5_16_0090.jpg,5_16,43227
5_16_0091.jpg,5_16,11575
5_16_0092.jpg,5_16,16081
5_16_0093.jpg,5_16,30927
5_16_0094.jpg,5_16,11594
5_16_0095.jpg,5_16,47335
5_16_0096.jpg,5_16,49909
5_16_0097.jpg,5_16,54008
5_16_0098.jpg,5_16,32915
5_16_0099.jpg,5_16,16653
5_16_0100.jpg,5_16,57570
5_16_0101.jpg,5_16,20011
5_16_0102.jpg,5_16,16762
5_16_0103.jpg,5_16,44784
5_16_0104.jpg,5_16,53359
5_16_0105.jpg,5_16,8907
5_16_0106.jpg,5_16,16051
5_16_0107.jpg,5_16,54099
5_16_0108.jpg,5_16,18084
5_16_0109.jpg,5_16,29908
5_16_0110.jpg,5_16,18989
5_16_0111.jpg,5_16,18752
5_16_0112.jpg,5_16,31469
5_16_0113.jpg,5_16,23295
5_16_0114.jpg,5_16,33011
5_16_0115.jpg,5_16,54105
5_16_0116.jpg,5_16,28050
5_16_0117.jpg,5_16,12330
5_16_0118.jpg,5_16,25620
5_16_0119.jpg,5_16,20684
5_16_0120.jpg,5_16,57473
5_16_0121.jpg,5_16,27442
5_16_0122.jpg,5_16,16080
5_16_0123.jpg,5_16,29897
5_16_0124.jpg,5_16,54931
5_16_0125.jpg,5_16,13546
5_16_0126.jpg,5_16,53357
5_16_0127.jpg,5_16,19271
5_16_0128.jpg,5_16,18128
5_16_0129.jpg,5_16,19444
5_16_0130.jpg,5_16,32522
5_16_0131.jpg,5_16,6782
5_16_0132.jpg,5_16,3863
5_16_0133.jpg,5_16,12375
5_16_0134.jpg,5_16,7163
5_16_0135.jpg,5_16,26681
5_16_0136.jpg,5_16,21945
5_16_0137.jpg,5_16,43579
5_16_0138.jpg,5_16,4126
5_16_0139.jpg,5_16,53238
5_16_0140.jpg,5_16,56519
5_16_0141.jpg,5_16,28326
5_16_0142.jpg,5_16,29792
5_16_0143.jpg,5_16,51449
5_16_0144.jpg,5_16,24916
5_16_0145.jpg,5_16,43120
5_16_0146.jpg,5_16,28761
5_16_0147.jpg,5_16,47682
5_16_0148.jpg,5_16,11544
5_16_0149.jpg,5_16,9598
5_16_0150.jpg,5_16,18369
5_16_0151.jpg,5_16,45176
5_16_0152.jpg,5_16,43497
5_16_0153.jpg,5_16,51490
5_16_0154.jpg,5_16,48684
5_16_0155.jpg,5_16,21021
5_16_0156.jpg,5_16,32670
5_16_0157.jpg,5_16,17501
5_16_0158.jpg,5_16,30529
5_16_0159.jpg,5_16,31107
5_16_0160.jpg,5_16,33006
5_16_0161.jpg,5_16,42601
5_16_0162.jpg,5_16,17012
5_16_0163.jpg,5_16,36100
5_16_0164.jpg,5_16,53775
5_16_0165.jpg,5_16,14608
5_16_0166.jpg,5_16,31105
5_16_0167.jpg,5_16,23980
5_16_0168.jpg,5_16,49954
5_16_0169.jpg,5_16,16021
5_16_0170.jpg,5_16,27039
5_16_0171.jpg,5_16,47332
5_16_0172.jpg,5_16,25197
5_16_0173.jpg,5_16,17358
5_16_0174.jpg,5_16,13793
5_16_0175.jpg,5_16,7994
5_16_0176.jpg,5_16,28338
5_16_0177.jpg,5_16,39362
5_16_0178.jpg,5_16,43671
5_16_0179.jpg,5_16,25200
5_16_0180.jpg,5_16,18572
5_16_0181.jpg,5_16,31901
5_16_0182.jpg,5_16,30530
5_16_0183.jpg,5_16,20295
5_16_0184.jpg,5_16,18569
5_16_0185.jpg,5_16,53246
5_16_0186.jpg,5_16,53764
5_16_0187.jpg,5_16,49964
5_16_0188.jpg,5_16,53273
5_16_0189.jpg,5_16,30338
5_16_0190.jpg,5_16,53203
5_16_0191.jpg,5_16,2886
5_16_0192.jpg,5_16,13212
5_16_0193.jpg,5_16,40941
5_16_0194.jpg,5_16,53461
5_16_0195.jpg,5_16,48084
5_16_0196.jpg,5_16,23971
5_16_0197.jpg,5_16,22171
5_16_0198.jpg,5_16,33295
5_16_0199.jpg,5_16,7839
5_16_0200.jpg,5_16,27784
5_16_0201.jpg,5_16,52429
5_16_0202.jpg,5_16,50418
5_16_0203.jpg,5_16,28177
5_16_0204.jpg,5_16,55048
5_16_0205.jpg,5_16,743
5_16_0206.jpg,5_16,14666
5_16_0207.jpg,5_16,44596
5_16_0208.jpg,5_16,17114
5_16_0209.jpg,5_16,26612
5_16_0210.jpg,5_16,35228
5_16_0211.jpg,5_16,42919
5_16_0212.jpg,5_16,35229
5_16_0213.jpg,5_16,7161
5_16_0214.jpg,5_16,42791
5_16_0215.jpg,5_16,8050
5_16_0216.jpg,5_16,20587
5_16_0217.jpg,5_16,35036
5_16_0218.jpg,5_16,58946
5_16_0219.jpg,5_16,28238
5_16_0220.jpg,5_16,11573
5_16_0221.jpg,5_16,39589
5_16_0222.jpg,5_16,53410
5_16_0223.jpg,5_16,47341
5_16_0224.jpg,5_16,57254
5_16_0225.jpg,5_16,27705
5_16_0226.jpg,5_16,15624
5_16_0227.jpg,5_16,16730
5_16_0228.jpg,5_16,13792
5_16_0229.jpg,5_16,40946
5_16_0230.jpg,5_16,36374
5_16_0231.jpg,5_16,32605
5_16_0232.jpg,5_16,35227
5_16_0233.jpg,5_16,17528
5_16_0234.jpg,5_16,20750
5_16_0235.jpg,5_16,53578
5_16_0236.jpg,5_16,42798
5_16_0237.jpg,5_16,53304
5_16_0238.jpg,5_16,6683
5_16_0239.jpg,5_16,7162
5_16_0240.jpg,5_16,5841
5_16_0241.jpg,5_16,17244
5_16_0242.jpg,5_16,32285
5_16_0243.jpg,5_16,50654
5_16_0244.jpg,5_16,54109
5_16_0245.jpg,5_16,48082
5_16_0246.jpg,5_16,17724
5_16_0247.jpg,5_16,53780
5_16_0248.jpg,5_16,17326
5_16_0249.jpg,5_16,31906
5_16_0250.jpg,5_16,31100
5_16_0251.jpg,5_16,18777
5_16_0252.jpg,5_16,40877
5_16_0253.jpg,5_16,29133
5_16_0254.jpg,5_16,32356
5_16_0255.jpg,5_16,53489
5_16_0256.jpg,5_16,53583
5_16_0257.jpg,5_16,54841
5_16_0258.jpg,5_16,52292
5_16_0259.jpg,5_16,29137
5_16_0260.jpg,5_16,50824
5_16_0261.jpg,5_16,2018
5_16_0262.jpg,5_16,35633
5_16_0263.jpg,5_16,32161
5_16_0264.jpg,5_16,14717
5_16_0265.jpg,5_16,30270
5_16_0266.jpg,5_16,3025
5_16_0267.jpg,5_16,50747
5_16_0268.jpg,5_16,26732
5_16_0269.jpg,5_16,23336
5_16_0270.jpg,5_16,8051
5_16_0271.jpg,5_16,51355
5_16_0272.jpg,5_16,19397
5_16_0273.jpg,5_16,54473
5_16_0274.jpg,5_16,37570
5_16_0275.jpg,5_16,17699
5_16_0276.jpg,5_16,24025
5_16_0277.jpg,5_16,4440
5_16_0278.jpg,5_16,14721
5_16_0279.jpg,5_16,20310
5_16_0280.jpg,5_16,2445
5_16_0281.jpg,5_16,45528
5_16_0282.jpg,5_16,30548
5_16_0283.jpg,5_16,43710
5_16_0284.jpg,5_16,17994
5_16_0285.jpg,5_16,43361
5_16_0286.jpg,5_16,21020
5_16_0287.jpg,5_16,43252
5_16_0288.jpg,5_16,53348
5_16_0289.jpg,5_16,50522
5_16_0290.jpg,5_16,9707
5_16_0291.jpg,5_16,17275
5_16_0292.jpg,5_16,54104
5_16_0293.jpg,5_16,21218
5_16_0294.jpg,5_16,31789
5_16_0295.jpg,5_16,51268
5_16_0296.jpg,5_16,54552
5_16_0297.jpg,5_16,36817
5_16_0298.jpg,5_16,30776
5_16_0299.jpg,5_16,19625
5_16_0300.jpg,5_16,48386
5_16_0301.jpg,5_16,54928
5_16_0302.jpg,5_16,32869
5_16_0303.jpg,5_16,56578
5_16_0304.jpg,5_16,33371
5_16_0305.jpg,5_16,26611
5_16_0306.jpg,5_16,20514
5_16_0307.jpg,5_16,25077
5_16_0308.jpg,5_16,27698
5_16_0309.jpg,5_16,28899
5_16_0310.jpg,5_16,23167
5_16_0311.jpg,5_16,28763
5_16_0312.jpg,5_16,28295
5_16_0313.jpg,5_16,52143
5_16_0314.jpg,5_16,51302
5_16_0315.jpg,5_16,33060
5_16_0316.jpg,5_16,27384
5_16_0317.jpg,5_16,28230
5_16_0318.jpg,5_16,15919
5_16_0319.jpg,5_16,55972
5_16_0320.jpg,5_16,37124
5_16_0321.jpg,5_16,42308
5_16_0322.jpg,5_16,33004
5_16_0323.jpg,5_16,17658
5_16_0324.jpg,5_16,28340
5_16_0325.jpg,5_16,6850
5_16_0326.jpg,5_16,28229
5_16_0327.jpg,5_16,12331
5_16_0328.jpg,5_16,33023
5_16_0329.jpg,5_16,45593
5_16_0330.jpg,5_16,26026
5_16_0331.jpg,5_16,51296
5_16_0332.jpg,5_16,22112
5_16_0333.jpg,5_16,20859
5_16_0334.jpg,5_16,55320
5_16_0335.jpg,5_16,27310
5_16_0336.jpg,5_16,27314
5_16_0337.jpg,5_16,17246
5_16_0338.jpg,5_16,14714
5_16_0339.jpg,5_16,23936
5_16_0340.jpg,5_16,24027
5_16_0341.jpg,5_16,7995
5_16_0342.jpg,5_16,54829
5_16_0343.jpg,5_16,23296
5_16_0344.jpg,5_16,23780
5_16_0345.jpg,5_16,8258
5_16_0346.jpg,5_16,13911
5_16_0347.jpg,5_16,43364
5_16_0348.jpg,5_16,32039
5_16_0349.jpg,5_16,50550
5_16_0350.jpg,5_16,13937
5_16_0351.jpg,5_16,17248
5_16_0352.jpg,5_16,376
5_16_0353.jpg,5_16,57439
5_16_0354.jpg,5_16,18368
5_16_0355.jpg,5_16,43127
5_16_0356.jpg,5_16,51015
5_16_0357.jpg,5_16,51223
5_16_0358.jpg,5_16,20753
5_16_0359.jpg,5_16,28201
5_16_0360.jpg,5_16,31395
5_16_0361.jpg,5_16,28138
5_16_0362.jpg,5_16,9573
5_16_0363.jpg,5_16,13129
5_16_0364.jpg,5_16,23702
5_16_0365.jpg,5_16,54957
5_16_0366.jpg,5_16,5441
5_16_0367.jpg,5_16,19668
5_16_0368.jpg,5_16,43646
5_16_0369.jpg,5_16,19724
5_16_0370.jpg,5_16,5000
5_16_0371.jpg,5_16,42585
5_16_0372.jpg,5_16,52433
5_16_0373.jpg,5_16,20108
5_16_0374.jpg,5_16,28300
5_16_0375.jpg,5_16,5442
5_16_0376.jpg,5_16,807
5_16_0377.jpg,5_16,28898
5_16_0378.jpg,5_16,14665
5_16_0379.jpg,5_16,32320
5_16_0380.jpg,5_16,28094
5_16_0381.jpg,5_16,47742
5_16_0382.jpg,5_16,55973
5_16_0383.jpg,5_16,54474
5_16_0384.jpg,5_16,52410
5_16_0385.jpg,5_16,17117
5_16_0386.jpg,5_16,50142
5_16_0387.jpg,5_16,27379
5_16_0388.jpg,5_16,20549
5_16_0389.jpg,5_16,14805
5_16_0390.jpg,5_16,32046
5_16_0391.jpg,5_16,48270
5_16_0392.jpg,5_16,26067
5_16_0393.jpg,5_16,20107
5_16_0394.jpg,5_16,1572
5_16_0395.jpg,5_16,32518
5_16_0396.jpg,5_16,28457
5_16_0397.jpg,5_16,20553
5_16_0398.jpg,5_16,19695
5_16_0399.jpg,5_16,43059
5_16_0400.jpg,5_16,44225
5_16_0401.jpg,5_16,53778
5_16_0402.jpg,5_16,12988
5_16_0403.jpg,5_16,42793
5_16_0404.jpg,5_16,13671
5_16_0405.jpg,5_16,20072
5_16_0406.jpg,5_16,17343
5_16_0407.jpg,5_16,31763
5_16_0408.jpg,5_16,25199
5_16_0409.jpg,5_16,508
5_16_0410.jpg,5_16,26434
5_16_0411.jpg,5_16,39356
5_16_0412.jpg,5_16,23832
5_16_0413.jpg,5_16,46726
5_16_0414.jpg,5_16,27035
5_16_0415.jpg,5_16,32034
5_16_0416.jpg,5_16,29791
5_16_0417.jpg,5_16,1282
5_16_0418.jpg,5_16,26504
5_16_0419.jpg,5_16,34161
5_16_0420.jpg,5_16,23859
5_16_0421.jpg,5_16,9688
5_16_0422.jpg,5_16,15464
5_16_0423.jpg,5_16,49457
5_16_0424.jpg,5_16,30262
5_16_0425.jpg,5_16,53356
5_16_0426.jpg,5_16,30403
5_16_0427.jpg,5_16,15456
5_16_0428.jpg,5_16,35606
5_16_0429.jpg,5_16,22661
5_16_0430.jpg,5_16,22607
5_16_0431.jpg,5_16,17111
5_16_0432.jpg,5_16,51267
5_16_0433.jpg,5_16,18085
5_16_0434.jpg,5_16,47796
5_16_0435.jpg,5_16,36377
5_16_0436.jpg,5_16,43499
5_16_0437.jpg,5_16,57156
5_16_0438.jpg,5_16,50420
5_16_0439.jpg,5_16,55078
5_16_0440.jpg,5_16,22533
5_16_0441.jpg,5_16,25140
5_16_0442.jpg,5_16,12605
5_16_0443.jpg,5_16,54782
5_16_0444.jpg,5_16,34788
5_16_0445.jpg,5_16,12249
5_16_0446.jpg,5_16,14802
5_16_0447.jpg,5_16,9685
5_16_0448.jpg,5_16,56724
5_16_0449.jpg,5_16,20896
5_16_0450.jpg,5_16,17843
5_16_0451.jpg,5_16,18928
5_16_0452.jpg,5_16,31995
5_16_0453.jpg,5_16,54259
5_16_0454.jpg,5_16,45563
5_16_0455.jpg,5_16,15207
5_16_0456.jpg,5_16,21093
5_16_0457.jpg,5_16,52142
5_16_0458.jpg,5_16,13224
5_16_0459.jpg,5_16,53604
5_16_0460.jpg,5_16,46609
5_16_0461.jpg,5_16,8913
5_16_0462.jpg,5_16,47681
5_16_0463.jpg,5_16,17021
5_16_0464.jpg,5_16,53676
5_16_0465.jpg,5_16,43469
5_16_0466.jpg,5_16,48081
5_16_0467.jpg,5_16,9304
5_16_0468.jpg,5_16,48510
5_16_0469.jpg,5_16,30335
5_16_0470.jpg,5_16,2710
5_16_0471.jpg,5_16,42538
5_16_0472.jpg,5_16,25739
5_16_0473.jpg,5_16,87
5_16_0474.jpg,5_16,22441
5_16_0475.jpg,5_16,11552
5_16_0476.jpg,5_16,44082
5_16_0477.jpg,5_16,10593
5_16_0478.jpg,5_16,55718
5_16_0479.jpg,5_16,9601
5_16_0480.jpg,5_16,11414
5_16_0481.jpg,5_16,50526
5_16_0482.jpg,5_16,4441
5_16_0483.jpg,5_16,28199
5_16_0484.jpg,5_16,43222
5_16_0485.jpg,5_16,19879
5_16_0486.jpg,5_16,17161
5_16_0487.jpg,5_16,43864
5_16_0488.jpg,5_16,36556
5_16_0489.jpg,5_16,39337
5_16_0490.jpg,5_16,47155
5_16_0491.jpg,5_16,36859
5_16_0492.jpg,5_16,36808
5_16_0493.jpg,5_16,12352
5_16_0494.jpg,5_16,55438
5_16_0495.jpg,5_16,17033
5_16_0496.jpg,5_16,33034
5_16_0497.jpg,5_16,15622
5_16_0498.jpg,5_16,19827
5_16_0499.jpg,5_16,55075
5_16_0500.jpg,5_16,54788
5_16_0501.jpg,5_16,16241
5_16_0502.jpg,5_16,23048
5_16_0503.jpg,5_16,94
5_16_0504.jpg,5_16,2863
5_16_0505.jpg,5_16,48552
5_16_0506.jpg,5_16,56452
5_16_0507.jpg,5_16,44086
5_16_0508.jpg,5_16,54838
5_16_0509.jpg,5_16,37106
5_16_0510.jpg,5_16,23487
5_16_0511.jpg,5_16,48394
5_16_0512.jpg,5_16,33012
5_16_0513.jpg,5_16,18182
5_16_0514.jpg,5_16,27526
5_16_0515.jpg,5_16,20247
5_16_0516.jpg,5_16,14807
5_16_0517.jpg,5_16,4445
5_16_0518.jpg,5_16,43728
5_16_0519.jpg,5_16,1861
5_16_0520.jpg,5_16,23969
5_16_0521.jpg,5_16,21152
5_16_0522.jpg,5_16,11095
5_16_0523.jpg,5_16,13940
5_16_0524.jpg,5_16,4839
5_16_0525.jpg,5_16,46696
5_16_0526.jpg,5_16,24914
5_16_0527.jpg,5_16,6981
5_16_0528.jpg,5_16,42858
5_16_0529.jpg,5_16,45146
5_16_0530.jpg,5_16,23799
5_16_0531.jpg,5_16,55442
5_16_0532.jpg,5_16,22364
5_16_0533.jpg,5_16,8945
5_16_0534.jpg,5_16,17328
5_16_0535.jpg,5_16,53399
5_16_0536.jpg,5_16,28297
5_16_0537.jpg,5_16,23798
5_16_0538.jpg,5_16,31103
5_16_0539.jpg,5_16,31288
5_16_0540.jpg,5_16,23864
5_16_0541.jpg,5_16,29790
5_16_0542.jpg,5_16,17498
5_16_0543.jpg,5_16,54447
5_16_0544.jpg,5_16,22686
5_16_0545.jpg,5_16,43367
5_16_0546.jpg,5_16,29582
5_16_0547.jpg,5_16,27477
5_16_0548.jpg,5_16,9650
5_16_0549.jpg,5_16,44221
5_16_0550.jpg,5_16,52478
5_16_0551.jpg,5_16,7573
5_16_0552.jpg,5_16,32914
5_16_0553.jpg,5_16,39299
5_16_0554.jpg,5_16,54475
5_16_0555.jpg,5_16,31102
5_16_0556.jpg,5_16,43554
5_16_0557.jpg,5_16,43189
5_16_0558.jpg,5_16,17837
5_16_0559.jpg,5_16,29138
5_16_0560.jpg,5_16,36814
5_16_0561.jpg,5_16,20040
5_16_0562.jpg,5_16,55115
5_16_0563.jpg,5_16,50582
5_16_0564.jpg,5_16,23974
5_16_0565.jpg,5_16,23294
5_16_0566.jpg,5_16,29584
5_16_0567.jpg,5_16,17564
5_16_0568.jpg,5_16,48553
5_16_0569.jpg,5_16,43349
5_16_0570.jpg,5_16,54809
5_16_0571.jpg,5_16,17115
5_16_0572.jpg,5_16,39958
5_16_0573.jpg,5_16,24243
5_16_0574.jpg,5_16,25847
5_16_0575.jpg,5_16,20993
5_16_0576.jpg,5_16,47333
5_16_0577.jpg,5_16,36104
5_16_0578.jpg,5_16,13359
5_16_0579.jpg,5_16,55017
5_16_0580.jpg,5_16,20300
5_16_0581.jpg,5_16,8150
5_16_0582.jpg,5_16,27109
5_16_0583.jpg,5_16,36856
5_16_0584.jpg,5_16,5989
5_16_0585.jpg,5_16,11543
5_16_0586.jpg,5_16,20244
5_16_0587.jpg,5_16,22362
5_16_0588.jpg,5_16,51299
5_16_0589.jpg,5_16,21381
5_16_0590.jpg,5_16,32282
5_16_0591.jpg,5_16,29900
5_16_0592.jpg,5_16,1851
5_16_0593.jpg,5_16,21979
5_16_0594.jpg,5_16,20296
5_16_0595.jpg,5_16,51295
5_16_0596.jpg,5_16,24241
5_16_0597.jpg,5_16,21026
5_16_0598.jpg,5_16,42581
5_16_0599.jpg,5_16,57914
5_16_0600.jpg,5_16,31398
5_16_0601.jpg,5_16,27987
5_16_0602.jpg,5_16,37574
5_16_0603.jpg,5_16,49912
5_16_0604.jpg,5_16,54932
5_16_0605.jpg,5_16,34121
5_16_0606.jpg,5_16,30337
5_16_0607.jpg,5_16,34163
5_16_0608.jpg,5_16,53659
5_16_0609.jpg,5_16,53201
5_16_0610.jpg,5_16,49910
5_16_0611.jpg,5_16,13884
5_16_0612.jpg,5_16,50239
5_16_0613.jpg,5_16,31285
5_16_0614.jpg,5_16,20940
5_16_0615.jpg,5_16,36101
5_16_0616.jpg,5_16,30532
5_16_0617.jpg,5_16,43370
5_16_0618.jpg,5_16,7187
5_16_0619.jpg,5_16,22689
5_16_0620.jpg,5_16,17593
5_16_0621.jpg,5_16,1963
5_16_0622.jpg,5_16,43641
5_16_0623.jpg,5_16,28499
5_16_0624.jpg,5_16,18004
5_16_0625.jpg,5_16,20658
5_16_0626.jpg,5_16,32036
5_16_0627.jpg,5_16,23490
5_16_0628.jpg,5_16,37125
5_16_0629.jpg,5_16,25004
5_16_0630.jpg,5_16,53279
5_16_0631.jpg,5_16,57441
5_16_0632.jpg,5_16,26068
5_16_0633.jpg,5_16,52140
5_16_0634.jpg,5_16,52305
5_16_0635.jpg,5_16,48396
5_16_0636.jpg,5_16,19253
5_16_0637.jpg,5_16,33288
5_16_0638.jpg,5_16,19287
5_16_0639.jpg,5_16,17327
5_16_0640.jpg,5_16,56612
5_16_0641.jpg,5_16,52137
5_16_0642.jpg,5_16,20041
5_16_0643.jpg,5_16,9557
5_16_0644.jpg,5_16,54470
5_16_0645.jpg,5_16,4849
5_16_0646.jpg,5_16,11595
5_16_0647.jpg,5_16,7812
5_16_0648.jpg,5_16,473
5_16_0649.jpg,5_16,43346
5_16_0650.jpg,5_16,23695
5_16_0651.jpg,5_16,11390
5_16_0652.jpg,5_16,17954
5_16_0653.jpg,5_16,806
5_16_0654.jpg,5_16,22594
5_16_0655.jpg,5_16,53463
5_16_0656.jpg,5_16,47944
5_16_0657.jpg,5_16,9605
5_16_0658.jpg,5_16,51451
5_16_0659.jpg,5_16,51626
5_16_0660.jpg,5_16,503
5_16_0661.jpg,5_16,54840
5_16_0662.jpg,5_16,43295
5_16_0663.jpg,5_16,1298
5_16_0664.jpg,5_16,2019
5_16_0665.jpg,5_16,54792
5_16_0666.jpg,5_16,27444
5_16_0667.jpg,5_16,55018
5_16_0668.jpg,5_16,28194
5_16_0669.jpg,5_16,2055
5_16_0670.jpg,5_16,53352
5_16_0671.jpg,5_16,44367
5_16_0672.jpg,5_16,19852
5_16_0673.jpg,5_16,14615
5_16_0674.jpg,5_16,13745
5_16_0675.jpg,5_16,17723
5_16_0676.jpg,5_16,20413
5_16_0677.jpg,5_16,54612
5_16_0678.jpg,5_16,25644
5_16_0679.jpg,5_16,33373
5_16_0680.jpg,5_16,27037
5_16_0681.jpg,5_16,42584
5_16_0682.jpg,5_16,36373
5_16_0683.jpg,5_16,48271
5_16_0684.jpg,5_16,24551
5_16_0685.jpg,5_16,23298
5_16_0686.jpg,5_16,12355
5_16_0687.jpg,5_16,43058
5_16_0688.jpg,5_16,37105
5_16_0689.jpg,5_16,58454
5_16_0690.jpg,5_16,51018
5_16_0691.jpg,5_16,8939
5_16_0692.jpg,5_16,844
5_16_0693.jpg,5_16,19461
5_16_0694.jpg,5_16,12624
5_16_0695.jpg,5_16,53283
5_16_0696.jpg,5_16,44819
5_16_0697.jpg,5_16,6887
5_16_0698.jpg,5_16,23488
5_16_0699.jpg,5_16,21950
5_16_0700.jpg,5_16,50932
5_16_0701.jpg,5_16,27309
5_16_0702.jpg,5_16,7570
5_16_0703.jpg,5_16,11622
5_16_0704.jpg,5_16,27741
5_16_0705.jpg,5_16,55971
5_16_0706.jpg,5_16,4782
5_16_0707.jpg,5_16,19853
5_16_0708.jpg,5_16,30796
5_16_0709.jpg,5_16,21217
5_16_0710.jpg,5_16,42596
5_16_0711.jpg,5_16,11716
5_16_0712.jpg,5_16,18776
5_16_0713.jpg,5_16,23967
5_16_0714.jpg,5_16,39973
5_16_0715.jpg,5_16,55452
5_16_0716.jpg,5_16,32167
5_16_0717.jpg,5_16,39360
5_16_0718.jpg,5_16,12303
5_16_0719.jpg,5_16,53311
5_16_0720.jpg,5_16,33010
5_16_0721.jpg,5_16,8751
5_16_0722.jpg,5_16,13815
5_16_0723.jpg,5_16,45062
5_16_0724.jpg,5_16,23701
5_16_0725.jpg,5_16,11708
5_16_0726.jpg,5_16,32770
5_16_0727.jpg,5_16,31827
5_16_0728.jpg,5_16,3964
5_16_0729.jpg,5_16,27383
5_16_0730.jpg,5_16,47342
5_16_0731.jpg,5_16,52306
5_16_0732.jpg,5_16,23442
5_16_0733.jpg,5_16,33427
5_16_0734.jpg,5_16,58868
5_16_0735.jpg,5_16,36596
5_16_0736.jpg,5_16,44723
5_16_0737.jpg,5_16,20103
5_16_0738.jpg,5_16,37569
5_16_0739.jpg,5_16,12913
5_16_0740.jpg,5_16,28500
5_16_0741.jpg,5_16,25076
5_16_0742.jpg,5_16,12610
5_16_0743.jpg,5_16,27043
5_16_0744.jpg,5_16,37126
5_16_0745.jpg,5_16,40145
5_16_0746.jpg,5_16,30924
5_16_0747.jpg,5_16,34281
5_16_0748.jpg,5_16,14611
5_16_0749.jpg,5_16,13285
5_16_0750.jpg,5_16,30336
5_16_0751.jpg,5_16,46362
5_16_0752.jpg,5_16,34165
5_16_0753.jpg,5_16,27266
5_16_0754.jpg,5_16,14147
5_16_0755.jpg,5_16,17027
5_16_0756.jpg,5_16,13007
5_16_0757.jpg,5_16,20159
5_16_0758.jpg,5_16,47270
5_16_0759.jpg,5_16,53656
5_16_0760.jpg,5_16,43187
5_16_0761.jpg,5_16,14180
5_16_0762.jpg,5_16,13137
5_16_0763.jpg,5_16,33304
5_16_0764.jpg,5_16,13419
5_16_0765.jpg,5_16,31770
5_16_0766.jpg,5_16,39551
5_16_0767.jpg,5_16,1391
5_16_0768.jpg,5_16,28353
5_16_0769.jpg,5_16,43369
5_16_0770.jpg,5_16,39676
5_16_0771.jpg,5_16,12834
5_16_0772.jpg,5_16,24242
5_16_0773.jpg,5_16,54265
5_16_0774.jpg,5_16,19291
5_16_0775.jpg,5_16,19290
5_16_0776.jpg,5_16,27112
5_16_0777.jpg,5_16,29587
5_16_0778.jpg,5_16,27108
5_16_0779.jpg,5_16,52403
5_16_0780.jpg,5_16,10589
5_16_0781.jpg,5_16,19153
5_16_0782.jpg,5_16,44884
5_16_0783.jpg,5_16,27529
5_16_0784.jpg,5_16,43919
5_16_0785.jpg,5_16,34783
5_16_0786.jpg,5_16,25630
5_16_0787.jpg,5_16,25078
5_16_0788.jpg,5_16,52479
5_16_0789.jpg,5_16,20618
5_16_0790.jpg,5_16,48089
5_16_0791.jpg,5_16,30115
5_16_0792.jpg,5_16,42536
5_16_0793.jpg,5_16,32193
5_16_0794.jpg,5_16,32033
5_16_0795.jpg,5_16,45451
5_16_0796.jpg,5_16,32318
5_16_0797.jpg,5_16,17167
5_16_0798.jpg,5_16,20811
5_16_0799.jpg,5_16,30779
5_16_0800.jpg,5_16,19785
5_16_0801.jpg,5_16,28349
5_16_0802.jpg,5_16,52345
5_16_0803.jpg,5_16,24026
5_16_0804.jpg,5_16,31796
5_16_0805.jpg,5_16,36811
5_16_0806.jpg,5_16,40876
5_16_0807.jpg,5_16,35143
5_16_0808.jpg,5_16,14851
5_16_0809.jpg,5_16,20793
5_16_0810.jpg,5_16,19877
5_16_0811.jpg,5_16,57351
5_16_0812.jpg,5_16,3622
5_16_0813.jpg,5_16,48465
5_16_0814.jpg,5_16,21798
5_16_0815.jpg,5_16,45074
5_16_0816.jpg,5_16,28347
5_16_0817.jpg,5_16,11415
5_16_0818.jpg,5_16,43224
5_16_0819.jpg,5_16,17319
5_16_0820.jpg,5_16,23982
5_16_0821.jpg,5_16,25646
5_16_0822.jpg,5_16,18127
5_16_0823.jpg,5_16,44030
5_16_0824.jpg,5_16,36855
5_16_0825.jpg,5_16,11577
5_16_0826.jpg,5_16,47276
5_16_0827.jpg,5_16,51297
5_16_0828.jpg,5_16,54951
5_16_0829.jpg,5_16,53483
5_16_0830.jpg,5_16,43672
5_16_0831.jpg,5_16,56019
5_16_0832.jpg,5_16,5069
5_16_0833.jpg,5_16,55072
5_16_0834.jpg,5_16,12897
5_16_0835.jpg,5_16,14715
5_16_0836.jpg,5_16,33384
5_16_0837.jpg,5_16,19134
5_16_0838.jpg,5_16,42776
5_16_0839.jpg,5_16,32166
5_16_0840.jpg,5_16,44366
5_16_0841.jpg,5_16,14468
5_16_0842.jpg,5_16,1226
5_16_0843.jpg,5_16,26243
5_16_0844.jpg,5_16,22799
5_16_0845.jpg,5_16,53622
5_16_0846.jpg,5_16,46611
5_16_0847.jpg,5_16,36447
5_16_0848.jpg,5_16,40428
5_16_0849.jpg,5_16,53308
5_16_0850.jpg,5_16,17951
5_16_0851.jpg,5_16,32918
5_16_0852.jpg,5_16,2917
5_16_0853.jpg,5_16,51447
5_16_0854.jpg,5_16,14392
5_16_0855.jpg,5_16,28501
5_16_0856.jpg,5_16,43500
5_16_0857.jpg,5_16,12935
5_16_0858.jpg,5_16,14959
5_16_0859.jpg,5_16,17401
5_16_0860.jpg,5_16,33056
5_16_0861.jpg,5_16,30416
5_16_0862.jpg,5_16,32875
5_16_0863.jpg,5_16,47800
5_16_0864.jpg,5_16,21199
5_16_0865.jpg,5_16,51020
5_16_0866.jpg,5_16,13814
5_16_0867.jpg,5_16,47617
5_16_0868.jpg,5_16,29580
5_16_0869.jpg,5_16,6985
5_16_0870.jpg,5_16,14917
5_16_0871.jpg,5_16,2862
5_16_0872.jpg,5_16,18927
5_16_0873.jpg,5_16,24833
5_16_0874.jpg,5_16,53845
5_16_0875.jpg,5_16,19663
5_16_0876.jpg,5_16,57769
5_16_0877.jpg,5_16,18609
5_16_0878.jpg,5_16,32159
5_16_0879.jpg,5_16,44206
5_16_0880.jpg,5_16,48507
5_16_0881.jpg,5_16,23699
5_16_0882.jpg,5_16,43056
5_16_0883.jpg,5_16,20045
5_16_0884.jpg,5_16,44773
5_16_0885.jpg,5_16,42535
5_16_0886.jpg,5_16,3961
5_16_0887.jpg,5_16,20715
5_16_0888.jpg,5_16,47331
5_16_0889.jpg,5_16,44309
5_16_0890.jpg,5_16,39971
5_16_0891.jpg,5_16,177
5_16_0892.jpg,5_16,22133
5_16_0893.jpg,5_16,21096
5_16_0894.jpg,5_16,27693
5_16_0895.jpg,5_16,9709
5_16_0896.jpg,5_16,14097
5_16_0897.jpg,5_16,20155
5_16_0898.jpg,5_16,31797
5_16_0899.jpg,5_16,20690
5_16_0900.jpg,5_16,48087
5_16_0901.jpg,5_16,14852
5_16_0902.jpg,5_16,26526
5_16_0903.jpg,5_16,52275
5_16_0904.jpg,5_16,54741
5_16_0905.jpg,5_16,30546
5_16_0906.jpg,5_16,39960
5_16_0907.jpg,5_16,40872
5_16_0908.jpg,5_16,14854
5_16_0909.jpg,5_16,33052
5_16_0910.jpg,5_16,33286
5_16_0911.jpg,5_16,19620
5_16_0912.jpg,5_16,12835
5_16_0913.jpg,5_16,30534
5_16_0914.jpg,5_16,15460
5_16_0915.jpg,5_16,23928
5_16_0916.jpg,5_16,30177
5_16_0917.jpg,5_16,15311
5_16_0918.jpg,5_16,20032
5_16_0919.jpg,5_16,36375
5_16_0920.jpg,5_16,17380
5_16_0921.jpg,5_16,53623
5_16_0922.jpg,5_16,39959
5_16_0923.jpg,5_16,17272
5_16_0924.jpg,5_16,39359
5_16_0925.jpg,5_16,44029
5_16_0926.jpg,5_16,51572
5_16_0927.jpg,5_16,55076
5_16_0928.jpg,5_16,19626
5_16_0929.jpg,5_16,19148
5_16_0930.jpg,5_16,52291
5_16_0931.jpg,5_16,28267
5_16_0932.jpg,5_16,17341
5_16_0933.jpg,5_16,20156
5_16_0934.jpg,5_16,30797
5_16_0935.jpg,5_16,47441
5_16_0936.jpg,5_16,34117
5_16_0937.jpg,5_16,949
5_16_0938.jpg,5_16,51502
5_16_0939.jpg,5_16,17170
5_16_0940.jpg,5_16,20591
5_16_0941.jpg,5_16,39361
5_16_0942.jpg,5_16,52366
5_16_0943.jpg,5_16,52141
5_16_0944.jpg,5_16,19158
5_16_0945.jpg,5_16,4256
5_16_0946.jpg,5_16,22658
5_16_0947.jpg,5_16,28355
5_16_0948.jpg,5_16,4762
5_16_0949.jpg,5_16,27474
5_16_0950.jpg,5_16,23166
5_16_0951.jpg,5_16,55111
5_16_0952.jpg,5_16,19231
5_16_0953.jpg,5_16,48085
5_16_0954.jpg,5_16,52432
5_16_0955.jpg,5_16,57253
5_16_0956.jpg,5_16,14810
5_16_0957.jpg,5_16,27042
5_16_0958.jpg,5_16,35237
5_16_0959.jpg,5_16,55824
5_16_0960.jpg,5_16,6788
5_16_0961.jpg,5_16,45531
5_16_0962.jpg,5_16,22534
5_16_0963.jpg,5_16,44117
5_16_0964.jpg,5_16,14148
5_16_0965.jpg,5_16,4446
5_16_0966.jpg,5_16,26556
5_16_0967.jpg,5_16,33058
5_16_0968.jpg,5_16,12991
5_16_0969.jpg,5_16,45147
5_16_0970.jpg,5_16,23865
5_16_0971.jpg,5_16,21800
5_16_0972.jpg,5_16,33145
5_16_0973.jpg,5_16,44251
5_16_0974.jpg,5_16,19128
5_16_0975.jpg,5_16,21166
5_16_0976.jpg,5_16,21200
5_16_0977.jpg,5_16,9575
5_16_0978.jpg,5_16,33146
5_16_0979.jpg,5_16,27781
5_16_0980.jpg,5_16,55321
5_16_0981.jpg,5_16,19254
5_16_0982.jpg,5_16,31764
5_16_0983.jpg,5_16,28404
5_16_0984.jpg,5_16,28298
5_16_0985.jpg,5_16,27038
5_16_0986.jpg,5_16,53721
5_16_0987.jpg,5_16,13670
5_16_0988.jpg,5_16,17162
5_16_0989.jpg,5_16,43297
5_16_0990.jpg,5_16,9574
5_16_0991.jpg,5_16,27637
5_16_0992.jpg,5_16,16204
5_16_0993.jpg,5_16,17031
5_16_0994.jpg,5_16,25573
5_16_0995.jpg,5_16,17657
5_16_0996.jpg,5_16,31413
5_16_0997.jpg,5_16,40874
5_16_0998.jpg,5_16,17405
5_16_0999.jpg,5_16,27111
5_15_2_0000.jpg,5_15_2,54676
5_15_2_0001.jpg,5_15_2,40750
5_15_2_0002.jpg,5_15_2,39741
5_15_2_0003.jpg,5_15_2,42207
5_15_2_0004.jpg,5_15_2,3827
5_15_2_0005.jpg,5_15_2,54688
5_15_2_0006.jpg,5_15_2,4287
5_15_2_0007.jpg,5_15_2,40070
5_15_2_0008.jpg,5_15_2,44532
5_15_2_0009.jpg,5_15_2,36039
5_15_2_0010.jpg,5_15_2,39727
5_15_2_0011.jpg,5_15_2,42515
5_15_2_0012.jpg,5_15_2,42926
5_15_2_0013.jpg,5_15_2,36515
5_15_2_0014.jpg,5_15_2,46080
5_15_2_0015.jpg,5_15_2,439
5_15_2_0016.jpg,5_15_2,58936
5_15_2_0017.jpg,5_15_2,42523
5_15_2_0018.jpg,5_15_2,54691
5_15_2_0019.jpg,5_15_2,56283
5_15_2_0020.jpg,5_15_2,36952
5_15_2_0021.jpg,5_15_2,3661
5_15_2_0022.jpg,5_15_2,44662
5_15_2_0023.jpg,5_15_2,40058
5_15_2_0024.jpg,5_15_2,21843
5_15_2_0025.jpg,5_15_2,40799
5_15_2_0026.jpg,5_15_2,21762
5_15_2_0027.jpg,5_15_2,43137
5_15_2_0028.jpg,5_15_2,35857
5_15_2_0029.jpg,5_15_2,36386
5_15_2_0030.jpg,5_15_2,36066
5_15_2_0031.jpg,5_15_2,36619
5_15_2_0032.jpg,5_15_2,44761
5_15_2_0033.jpg,5_15_2,46047
5_15_2_0034.jpg,5_15_2,4597
5_15_2_0035.jpg,5_15_2,45864
5_15_2_0036.jpg,5_15_2,42920
5_15_2_0037.jpg,5_15_2,36652
5_15_2_0038.jpg,5_15_2,3314
5_15_2_0039.jpg,5_15_2,3309
5_15_2_0040.jpg,5_15_2,4381
5_15_2_0041.jpg,5_15_2,54441
5_15_2_0042.jpg,5_15_2,42526
5_15_2_0043.jpg,5_15_2,2806
5_15_2_0044.jpg,5_15_2,4487
5_15_2_0045.jpg,5_15_2,18527
5_15_2_0046.jpg,5_15_2,41959
5_15_2_0047.jpg,5_15_2,42518
5_15_2_0048.jpg,5_15_2,390
5_15_2_0049.jpg,5_15_2,40796
5_15_2_0050.jpg,5_15_2,21695
5_15_2_0051.jpg,5_15_2,14946
5_15_2_0052.jpg,5_15_2,56192
5_15_2_0053.jpg,5_15_2,36170
5_15_2_0054.jpg,5_15_2,18530
5_15_2_0055.jpg,5_15_2,35988
5_15_2_0056.jpg,5_15_2,4288
5_15_2_0057.jpg,5_15_2,37078
5_15_2_0058.jpg,5_15_2,35672
5_15_2_0059.jpg,5_15_2,3988
5_15_2_0060.jpg,5_15_2,39734
5_15_2_0061.jpg,5_15_2,56188
5_15_2_0062.jpg,5_15_2,18616
5_15_2_0063.jpg,5_15_2,3487
5_15_2_0064.jpg,5_15_2,40055
5_15_2_0065.jpg,5_15_2,54440
5_15_2_0066.jpg,5_15_2,36178
5_15_2_0067.jpg,5_15_2,35541
5_15_2_0068.jpg,5_15_2,56304
5_15_2_0069.jpg,5_15_2,4062
5_15_2_0070.jpg,5_15_2,4291
5_15_2_0071.jpg,5_15_2,392
5_15_2_0072.jpg,5_15_2,21820
5_15_2_0073.jpg,5_15_2,42769
5_15_2_0074.jpg,5_15_2,3832
5_15_2_0075.jpg,5_15_2,14947
5_15_2_0076.jpg,5_15_2,46152
5_15_2_0077.jpg,5_15_2,21991
5_15_2_0078.jpg,5_15_2,44603
5_15_2_0079.jpg,5_15_2,42193
5_15_2_0080.jpg,5_15_2,2749
5_15_2_0081.jpg,5_15_2,2746
5_15_2_0082.jpg,5_15_2,56282
5_15_2_0083.jpg,5_15_2,4461
5_15_2_0084.jpg,5_15_2,40783
5_15_2_0085.jpg,5_15_2,56242
5_15_2_0086.jpg,5_15_2,42771
5_15_2_0087.jpg,5_15_2,3811
5_15_2_0088.jpg,5_15_2,21997
5_15_2_0089.jpg,5_15_2,39768
5_15_2_0090.jpg,5_15_2,4057
5_15_2_0091.jpg,5_15_2,4389
5_15_2_0092.jpg,5_15_2,4391
5_15_2_0093.jpg,5_15_2,36208
5_15_2_0094.jpg,5_15_2,39724
5_15_2_0095.jpg,5_15_2,36164
5_15_2_0096.jpg,5_15_2,14971
5_15_2_0097.jpg,5_15_2,39756
5_15_2_0098.jpg,5_15_2,14950
5_15_2_0099.jpg,5_15_2,18335
5_15_2_0100.jpg,5_15_2,3727
5_15_2_0101.jpg,5_15_2,44644
5_15_2_0102.jpg,5_15_2,45795
5_15_2_0103.jpg,5_15_2,2747
5_15_2_0104.jpg,5_15_2,46437
5_15_2_0105.jpg,5_15_2,18614
5_15_2_0106.jpg,5_15_2,41956
5_15_2_0107.jpg,5_15_2,36669
5_15_2_0108.jpg,5_15_2,21765
5_15_2_0109.jpg,5_15_2,54677
5_15_2_0110.jpg,5_15_2,18379
5_15_2_0111.jpg,5_15_2,40744
5_15_2_0112.jpg,5_15_2,48927
5_15_2_0113.jpg,5_15_2,41967
5_15_2_0114.jpg,5_15_2,21827
5_15_2_0115.jpg,5_15_2,4049
5_15_2_0116.jpg,5_15_2,4384
5_15_2_0117.jpg,5_15_2,17985
5_15_2_0118.jpg,5_15_2,4485
5_15_2_0119.jpg,5_15_2,46125
5_15_2_0120.jpg,5_15_2,39770
5_15_2_0121.jpg,5_15_2,54680
5_15_2_0122.jpg,5_15_2,56205
5_15_2_0123.jpg,5_15_2,36239
5_15_2_0124.jpg,5_15_2,54438
5_15_2_0125.jpg,5_15_2,35661
5_15_2_0126.jpg,5_15_2,36036
5_15_2_0127.jpg,5_15_2,3992
5_15_2_0128.jpg,5_15_2,35663
5_15_2_0129.jpg,5_15_2,44898
5_15_2_0130.jpg,5_15_2,46196
5_15_2_0131.jpg,5_15_2,46194
5_15_2_0132.jpg,5_15_2,46431
5_15_2_0133.jpg,5_15_2,36069
5_15_2_0134.jpg,5_15_2,2831
5_15_2_0135.jpg,5_15_2,36169
5_15_2_0136.jpg,5_15_2,21701
5_15_2_0137.jpg,5_15_2,44600
5_15_2_0138.jpg,5_15_2,46428
5_15_2_0139.jpg,5_15_2,44304
5_15_2_0140.jpg,5_15_2,21393
5_15_2_0141.jpg,5_15_2,40032
5_15_2_0142.jpg,5_15_2,36127
5_15_2_0143.jpg,5_15_2,3495
5_15_2_0144.jpg,5_15_2,35566
5_15_2_0145.jpg,5_15_2,56293
5_15_2_0146.jpg,5_15_2,39774
5_15_2_0147.jpg,5_15_2,4429
5_15_2_0148.jpg,5_15_2,35575
5_15_2_0149.jpg,5_15_2,43196
5_15_2_0150.jpg,5_15_2,46154
5_15_2_0151.jpg,5_15_2,54700
5_15_2_0152.jpg,5_15_2,44634
5_15_2_0153.jpg,5_15_2,2797
5_15_2_0154.jpg,5_15_2,37079
5_15_2_0155.jpg,5_15_2,36253
5_15_2_0156.jpg,5_15_2,54702
5_15_2_0157.jpg,5_15_2,39776
5_15_2_0158.jpg,5_15_2,45869
5_15_2_0159.jpg,5_15_2,40779
5_15_2_0160.jpg,5_15_2,37115
5_15_2_0161.jpg,5_15_2,44758
5_15_2_0162.jpg,5_15_2,18734
5_15_2_0163.jpg,5_15_2,42682
5_15_2_0164.jpg,5_15_2,3816
5_15_2_0165.jpg,5_15_2,2807
5_15_2_0166.jpg,5_15_2,46112
5_15_2_0167.jpg,5_15_2,3725
5_15_2_0168.jpg,5_15_2,2801
5_15_2_0169.jpg,5_15_2,35802
5_15_2_0170.jpg,5_15_2,21824
5_15_2_0171.jpg,5_15_2,3073
5_15_2_0172.jpg,5_15_2,3634
5_15_2_0173.jpg,5_15_2,40059
5_15_2_0174.jpg,5_15_2,44284
5_15_2_0175.jpg,5_15_2,36073
5_15_2_0176.jpg,5_15_2,43199
5_15_2_0177.jpg,5_15_2,40752
5_15_2_0178.jpg,5_15_2,40787
5_15_2_0179.jpg,5_15_2,40067
5_15_2_0180.jpg,5_15_2,56209
5_15_2_0181.jpg,5_15_2,44666
5_15_2_0182.jpg,5_15_2,44669
5_15_2_0183.jpg,5_15_2,18381
5_15_2_0184.jpg,5_15_2,36038
5_15_2_0185.jpg,5_15_2,3991
5_15_2_0186.jpg,5_15_2,36201
5_15_2_0187.jpg,5_15_2,3969
5_15_2_0188.jpg,5_15_2,44524
5_15_2_0189.jpg,5_15_2,21697
5_15_2_0190.jpg,5_15_2,18387
5_15_2_0191.jpg,5_15_2,54714
5_15_2_0192.jpg,5_15_2,36513
5_15_2_0193.jpg,5_15_2,40029
5_15_2_0194.jpg,5_15_2,46110
5_15_2_0195.jpg,5_15_2,3722
5_15_2_0196.jpg,5_15_2,36202
5_15_2_0197.jpg,5_15_2,41919
5_15_2_0198.jpg,5_15_2,35564
5_15_2_0199.jpg,5_15_2,3628
5_15_2_0200.jpg,5_15_2,35611
5_15_2_0201.jpg,5_15_2,4048
5_15_2_0202.jpg,5_15_2,41732
5_15_2_0203.jpg,5_15_2,4436
5_15_2_0204.jpg,5_15_2,42512
5_15_2_0205.jpg,5_15_2,3496
5_15_2_0206.jpg,5_15_2,36200
5_15_2_0207.jpg,5_15_2,18770
5_15_2_0208.jpg,5_15_2,4459
5_15_2_0209.jpg,5_15_2,2798
5_15_2_0210.jpg,5_15_2,17980
5_15_2_0211.jpg,5_15_2,2796
5_15_2_0212.jpg,5_15_2,18613
5_15_2_0213.jpg,5_15_2,43140
5_15_2_0214.jpg,5_15_2,36660
5_15_2_0215.jpg,5_15_2,44621
5_15_2_0216.jpg,5_15_2,44599
5_15_2_0217.jpg,5_15_2,35750
5_15_2_0218.jpg,5_15_2,18621
5_15_2_0219.jpg,5_15_2,56208
5_15_2_0220.jpg,5_15_2,4589
5_15_2_0221.jpg,5_15_2,35858
5_15_2_0222.jpg,5_15_2,4455
5_15_2_0223.jpg,5_15_2,2837
5_15_2_0224.jpg,5_15_2,36533
5_15_2_0225.jpg,5_15_2,54429
5_15_2_0226.jpg,5_15_2,35930
5_15_2_0227.jpg,5_15_2,44622
5_15_2_0228.jpg,5_15_2,3662
5_15_2_0229.jpg,5_15_2,35818
5_15_2_0230.jpg,5_15_2,3830
5_15_2_0231.jpg,5_15_2,56286
5_15_2_0232.jpg,5_15_2,42516
5_15_2_0233.jpg,5_15_2,44307
5_15_2_0234.jpg,5_15_2,37077
5_15_2_0235.jpg,5_15_2,3497
5_15_2_0236.jpg,5_15_2,46435
5_15_2_0237.jpg,5_15_2,46042
5_15_2_0238.jpg,5_15_2,39725
5_15_2_0239.jpg,5_15_2,18525
5_15_2_0240.jpg,5_15_2,35698
5_15_2_0241.jpg,5_15_2,4390
5_15_2_0242.jpg,5_15_2,4435
5_15_2_0243.jpg,5_15_2,21996
5_15_2_0244.jpg,5_15_2,44303
5_15_2_0245.jpg,5_15_2,58902
5_15_2_0246.jpg,5_15_2,3301
5_15_2_0247.jpg,5_15_2,46071
5_15_2_0248.jpg,5_15_2,46085
5_15_2_0249.jpg,5_15_2,56278
5_15_2_0250.jpg,5_15_2,42684
5_15_2_0251.jpg,5_15_2,37112
5_15_2_0252.jpg,5_15_2,54698
5_15_2_0253.jpg,5_15_2,18376
5_15_2_0254.jpg,5_15_2,18801
5_15_2_0255.jpg,5_15_2,2851
5_15_2_0256.jpg,5_15_2,44897
5_15_2_0257.jpg,5_15_2,40776
5_15_2_0258.jpg,5_15_2,21921
5_15_2_0259.jpg,5_15_2,36383
5_15_2_0260.jpg,5_15_2,49799
5_15_2_0261.jpg,5_15_2,40770
5_15_2_0262.jpg,5_15_2,36379
5_15_2_0263.jpg,5_15_2,35928
5_15_2_0264.jpg,5_15_2,54718
5_15_2_0265.jpg,5_15_2,39736
5_15_2_0266.jpg,5_15_2,46072
5_15_2_0267.jpg,5_15_2,43201
5_15_2_0268.jpg,5_15_2,3488
5_15_2_0269.jpg,5_15_2,19983
5_15_2_0270.jpg,5_15_2,21919
5_15_2_0271.jpg,5_15_2,44534
5_15_2_0272.jpg,5_15_2,45789
5_15_2_0273.jpg,5_15_2,40065
5_15_2_0274.jpg,5_15_2,3728
5_15_2_0275.jpg,5_15_2,42669
5_15_2_0276.jpg,5_15_2,36064
5_15_2_0277.jpg,5_15_2,36203
5_15_2_0278.jpg,5_15_2,58904
5_15_2_0279.jpg,5_15_2,46084
5_15_2_0280.jpg,5_15_2,42519
5_15_2_0281.jpg,5_15_2,54706
5_15_2_0282.jpg,5_15_2,58907
5_15_2_0283.jpg,5_15_2,21691
5_15_2_0284.jpg,5_15_2,36118
5_15_2_0285.jpg,5_15_2,36175
5_15_2_0286.jpg,5_15_2,35583
5_15_2_0287.jpg,5_15_2,42667
5_15_2_0288.jpg,5_15_2,39726
5_15_2_0289.jpg,5_15_2,42998
5_15_2_0290.jpg,5_15_2,21670
5_15_2_0291.jpg,5_15_2,35613
5_15_2_0292.jpg,5_15_2,18377
5_15_2_0293.jpg,5_15_2,2712
5_15_2_0294.jpg,5_15_2,40740
5_15_2_0295.jpg,5_15_2,2824
5_15_2_0296.jpg,5_15_2,35539
5_15_2_0297.jpg,5_15_2,36659
5_15_2_0298.jpg,5_15_2,54708
5_15_2_0299.jpg,5_15_2,45906
5_15_2_0300.jpg,5_15_2,56155
5_15_2_0301.jpg,5_15_2,39743
5_15_2_0302.jpg,5_15_2,36194
5_15_2_0303.jpg,5_15_2,4392
5_15_2_0304.jpg,5_15_2,48926
5_15_2_0305.jpg,5_15_2,44643
5_15_2_0306.jpg,5_15_2,35549
5_15_2_0307.jpg,5_15_2,40777
5_15_2_0308.jpg,5_15_2,42995
5_15_2_0309.jpg,5_15_2,3633
5_15_2_0310.jpg,5_15_2,17990
5_15_2_0311.jpg,5_15_2,36056
5_15_2_0312.jpg,5_15_2,58901
5_15_2_0313.jpg,5_15_2,3300
5_15_2_0314.jpg,5_15_2,35536
5_15_2_0315.jpg,5_15_2,44606
5_15_2_0316.jpg,5_15_2,40747
5_15_2_0317.jpg,5_15_2,39735
5_15_2_0318.jpg,5_15_2,58128
5_15_2_0319.jpg,5_15_2,4045
5_15_2_0320.jpg,5_15_2,4292
5_15_2_0321.jpg,5_15_2,44282
5_15_2_0322.jpg,5_15_2,14951
5_15_2_0323.jpg,5_15_2,40037
5_15_2_0324.jpg,5_15_2,3826
5_15_2_0325.jpg,5_15_2,3659
5_15_2_0326.jpg,5_15_2,41913
5_15_2_0327.jpg,5_15_2,56285
5_15_2_0328.jpg,5_15_2,35546
5_15_2_0329.jpg,5_15_2,44680
5_15_2_0330.jpg,5_15_2,35800
5_15_2_0331.jpg,5_15_2,36240
5_15_2_0332.jpg,5_15_2,40034
5_15_2_0333.jpg,5_15_2,36511
5_15_2_0334.jpg,5_15_2,36256
5_15_2_0335.jpg,5_15_2,42511
5_15_2_0336.jpg,5_15_2,35929
5_15_2_0337.jpg,5_15_2,35540
5_15_2_0338.jpg,5_15_2,3825
5_15_2_0339.jpg,5_15_2,21696
5_15_2_0340.jpg,5_15_2,14969
5_15_2_0341.jpg,5_15_2,4404
5_15_2_0342.jpg,5_15_2,46123
5_15_2_0343.jpg,5_15_2,4397
5_15_2_0344.jpg,5_15_2,54682
5_15_2_0345.jpg,5_15_2,42202
5_15_2_0346.jpg,5_15_2,42671
5_15_2_0347.jpg,5_15_2,36236
5_15_2_0348.jpg,5_15_2,40725
5_15_2_0349.jpg,5_15_2,4462
5_15_2_0350.jpg,5_15_2,58125
5_15_2_0351.jpg,5_15_2,21731
5_15_2_0352.jpg,5_15_2,58939
5_15_2_0353.jpg,5_15_2,36196
5_15_2_0354.jpg,5_15_2,42664
5_15_2_0355.jpg,5_15_2,35838
5_15_2_0356.jpg,5_15_2,4460
5_15_2_0357.jpg,5_15_2,4061
5_15_2_0358.jpg,5_15_2,45862
5_15_2_0359.jpg,5_15_2,36176
5_15_2_0360.jpg,5_15_2,3293
5_15_2_0361.jpg,5_15_2,21823
5_15_2_0362.jpg,5_15_2,36516
5_15_2_0363.jpg,5_15_2,18372
5_15_2_0364.jpg,5_15_2,56158
5_15_2_0365.jpg,5_15_2,44901
5_15_2_0366.jpg,5_15_2,36947
5_15_2_0367.jpg,5_15_2,56202
5_15_2_0368.jpg,5_15_2,3481
5_15_2_0369.jpg,5_15_2,54692
5_15_2_0370.jpg,5_15_2,35798
5_15_2_0371.jpg,5_15_2,18737
5_15_2_0372.jpg,5_15_2,2841
5_15_2_0373.jpg,5_15_2,40719
5_15_2_0374.jpg,5_15_2,40795
5_15_2_0375.jpg,5_15_2,54712
5_15_2_0376.jpg,5_15_2,58928
5_15_2_0377.jpg,5_15_2,39739
5_15_2_0378.jpg,5_15_2,35994
5_15_2_0379.jpg,5_15_2,4488
5_15_2_0380.jpg,5_15_2,3311
5_15_2_0381.jpg,5_15_2,35535
5_15_2_0382.jpg,5_15_2,3485
5_15_2_0383.jpg,5_15_2,46159
5_15_2_0384.jpg,5_15_2,40056
5_15_2_0385.jpg,5_15_2,3809
5_15_2_0386.jpg,5_15_2,3636
5_15_2_0387.jpg,5_15_2,2711
5_15_2_0388.jpg,5_15_2,43197
5_15_2_0389.jpg,5_15_2,46161
5_15_2_0390.jpg,5_15_2,40028
5_15_2_0391.jpg,5_15_2,4426
5_15_2_0392.jpg,5_15_2,3665
5_15_2_0393.jpg,5_15_2,4380
5_15_2_0394.jpg,5_15_2,58942
5_15_2_0395.jpg,5_15_2,44681
5_15_2_0396.jpg,5_15_2,21324
5_15_2_0397.jpg,5_15_2,36651
5_15_2_0398.jpg,5_15_2,44607
5_15_2_0399.jpg,5_15_2,42678
5_15_2_0400.jpg,5_15_2,36385
5_15_2_0401.jpg,5_15_2,3297
5_15_2_0402.jpg,5_15_2,36117
5_15_2_0403.jpg,5_15_2,36121
5_15_2_0404.jpg,5_15_2,4595
5_15_2_0405.jpg,5_15_2,42524
5_15_2_0406.jpg,5_15_2,44525
5_15_2_0407.jpg,5_15_2,3053
5_15_2_0408.jpg,5_15_2,2795
5_15_2_0409.jpg,5_15_2,2844
5_15_2_0410.jpg,5_15_2,42991
5_15_2_0411.jpg,5_15_2,42206
5_15_2_0412.jpg,5_15_2,56291
5_15_2_0413.jpg,5_15_2,21852
5_15_2_0414.jpg,5_15_2,45865
5_15_2_0415.jpg,5_15_2,3663
5_15_2_0416.jpg,5_15_2,44765
5_15_2_0417.jpg,5_15_2,42510
5_15_2_0418.jpg,5_15_2,46160
5_15_2_0419.jpg,5_15_2,40751
5_15_2_0420.jpg,5_15_2,42775
5_15_2_0421.jpg,5_15_2,18618
5_15_2_0422.jpg,5_15_2,3657
5_15_2_0423.jpg,5_15_2,2819
5_15_2_0424.jpg,5_15_2,46199
5_15_2_0425.jpg,5_15_2,22001
5_15_2_0426.jpg,5_15_2,2828
5_15_2_0427.jpg,5_15_2,49800
5_15_2_0428.jpg,5_15_2,42531
5_15_2_0429.jpg,5_15_2,36074
5_15_2_0430.jpg,5_15_2,21826
5_15_2_0431.jpg,5_15_2,40742
5_15_2_0432.jpg,5_15_2,37082
5_15_2_0433.jpg,5_15_2,21674
5_15_2_0434.jpg,5_15_2,44277
5_15_2_0435.jpg,5_15_2,2803
5_15_2_0436.jpg,5_15_2,21399
5_15_2_0437.jpg,5_15_2,36627
5_15_2_0438.jpg,5_15_2,54679
5_15_2_0439.jpg,5_15_2,44756
5_15_2_0440.jpg,5_15_2,18797
5_15_2_0441.jpg,5_15_2,4400
5_15_2_0442.jpg,5_15_2,42514
5_15_2_0443.jpg,5_15_2,56213
5_15_2_0444.jpg,5_15_2,46070
5_15_2_0445.jpg,5_15_2,49805
5_15_2_0446.jpg,5_15_2,21917
5_15_2_0447.jpg,5_15_2,41960
5_15_2_0448.jpg,5_15_2,44598
5_15_2_0449.jpg,5_15_2,2808
5_15_2_0450.jpg,5_15_2,36193
5_15_2_0451.jpg,5_15_2,46128
5_15_2_0452.jpg,5_15_2,48328
5_15_2_0453.jpg,5_15_2,4478
5_15_2_0454.jpg,5_15_2,36504
5_15_2_0455.jpg,5_15_2,18345
5_15_2_0456.jpg,5_15_2,35670
5_15_2_0457.jpg,5_15_2,21702
5_15_2_0458.jpg,5_15_2,56263
5_15_2_0459.jpg,5_15_2,43142
5_15_2_0460.jpg,5_15_2,48323
5_15_2_0461.jpg,5_15_2,2839
5_15_2_0462.jpg,5_15_2,44641
5_15_2_0463.jpg,5_15_2,42668
5_15_2_0464.jpg,5_15_2,21625
5_15_2_0465.jpg,5_15_2,54687
5_15_2_0466.jpg,5_15_2,21758
5_15_2_0467.jpg,5_15_2,4382
5_15_2_0468.jpg,5_15_2,36382
5_15_2_0469.jpg,5_15_2,41965
5_15_2_0470.jpg,5_15_2,40060
5_15_2_0471.jpg,5_15_2,45900
5_15_2_0472.jpg,5_15_2,43141
5_15_2_0473.jpg,5_15_2,42925
5_15_2_0474.jpg,5_15_2,44764
5_15_2_0475.jpg,5_15_2,48925
5_15_2_0476.jpg,5_15_2,40057
5_15_2_0477.jpg,5_15_2,46122
5_15_2_0478.jpg,5_15_2,42924
5_15_2_0479.jpg,5_15_2,46113
5_15_2_0480.jpg,5_15_2,36949
5_15_2_0481.jpg,5_15_2,44768
5_15_2_0482.jpg,5_15_2,35567
5_15_2_0483.jpg,5_15_2,45904
5_15_2_0484.jpg,5_15_2,42199
5_15_2_0485.jpg,5_15_2,44678
5_15_2_0486.jpg,5_15_2,18733
5_15_2_0487.jpg,5_15_2,36065
5_15_2_0488.jpg,5_15_2,35674
5_15_2_0489.jpg,5_15_2,18534
5_15_2_0490.jpg,5_15_2,21631
5_15_2_0491.jpg,5_15_2,14967
5_15_2_0492.jpg,5_15_2,4059
5_15_2_0493.jpg,5_15_2,2799
5_15_2_0494.jpg,5_15_2,18531
5_15_2_0495.jpg,5_15_2,36163
5_15_2_0496.jpg,5_15_2,4405
5_15_2_0497.jpg,5_15_2,42679
5_15_2_0498.jpg,5_15_2,40722
5_15_2_0499.jpg,5_15_2,39781
5_15_2_0500.jpg,5_15_2,17986
5_15_2_0501.jpg,5_15_2,2836
5_15_2_0502.jpg,5_15_2,54719
5_15_2_0503.jpg,5_15_2,35545
5_15_2_0504.jpg,5_15_2,44302
5_15_2_0505.jpg,5_15_2,45783
5_15_2_0506.jpg,5_15_2,39769
5_15_2_0507.jpg,5_15_2,36119
5_15_2_0508.jpg,5_15_2,4452
5_15_2_0509.jpg,5_15_2,3974
5_15_2_0510.jpg,5_15_2,3483
5_15_2_0511.jpg,5_15_2,4486
5_15_2_0512.jpg,5_15_2,36517
5_15_2_0513.jpg,5_15_2,54704
5_15_2_0514.jpg,5_15_2,54689
5_15_2_0515.jpg,5_15_2,35850
5_15_2_0516.jpg,5_15_2,40728
5_15_2_0517.jpg,5_15_2,40054
5_15_2_0518.jpg,5_15_2,44676
5_15_2_0519.jpg,5_15_2,2834
5_15_2_0520.jpg,5_15_2,39755
5_15_2_0521.jpg,5_15_2,41925
5_15_2_0522.jpg,5_15_2,36076
5_15_2_0523.jpg,5_15_2,40785
5_15_2_0524.jpg,5_15_2,42772
5_15_2_0525.jpg,5_15_2,54442
5_15_2_0526.jpg,5_15_2,18798
5_15_2_0527.jpg,5_15_2,44650
5_15_2_0528.jpg,5_15_2,40784
5_15_2_0529.jpg,5_15_2,56241
5_15_2_0530.jpg,5_15_2,4052
5_15_2_0531.jpg,5_15_2,4456
5_15_2_0532.jpg,5_15_2,36128
5_15_2_0533.jpg,5_15_2,56239
5_15_2_0534.jpg,5_15_2,58935
5_15_2_0535.jpg,5_15_2,44682
5_15_2_0536.jpg,5_15_2,36664
5_15_2_0537.jpg,5_15_2,42197
5_15_2_0538.jpg,5_15_2,48325
5_15_2_0539.jpg,5_15_2,49796
5_15_2_0540.jpg,5_15_2,36670
5_15_2_0541.jpg,5_15_2,36667
5_15_2_0542.jpg,5_15_2,18771
5_15_2_0543.jpg,5_15_2,36067
5_15_2_0544.jpg,5_15_2,36060
5_15_2_0545.jpg,5_15_2,46432
5_15_2_0546.jpg,5_15_2,36059
5_15_2_0547.jpg,5_15_2,4289
5_15_2_0548.jpg,5_15_2,40721
5_15_2_0549.jpg,5_15_2,35658
5_15_2_0550.jpg,5_15_2,49798
5_15_2_0551.jpg,5_15_2,18385
5_15_2_0552.jpg,5_15_2,4051
5_15_2_0553.jpg,5_15_2,44673
5_15_2_0554.jpg,5_15_2,2813
5_15_2_0555.jpg,5_15_2,3307
5_15_2_0556.jpg,5_15_2,40797
5_15_2_0557.jpg,5_15_2,41731
5_15_2_0558.jpg,5_15_2,36168
5_15_2_0559.jpg,5_15_2,43195
5_15_2_0560.jpg,5_15_2,2750
5_15_2_0561.jpg,5_15_2,35819
5_15_2_0562.jpg,5_15_2,35565
5_15_2_0563.jpg,5_15_2,389
5_15_2_0564.jpg,5_15_2,42768
5_15_2_0565.jpg,5_15_2,42687
5_15_2_0566.jpg,5_15_2,4385
5_15_2_0567.jpg,5_15_2,40780
5_15_2_0568.jpg,5_15_2,42992
5_15_2_0569.jpg,5_15_2,18651
5_15_2_0570.jpg,5_15_2,36953
5_15_2_0571.jpg,5_15_2,4053
5_15_2_0572.jpg,5_15_2,42204
5_15_2_0573.jpg,5_15_2,18536
5_15_2_0574.jpg,5_15_2,46036
5_15_2_0575.jpg,5_15_2,42883
5_15_2_0576.jpg,5_15_2,3818
5_15_2_0577.jpg,5_15_2,58126
5_15_2_0578.jpg,5_15_2,36819
5_15_2_0579.jpg,5_15_2,40769
5_15_2_0580.jpg,5_15_2,46420
5_15_2_0581.jpg,5_15_2,45866
5_15_2_0582.jpg,5_15_2,44305
5_15_2_0583.jpg,5_15_2,19989
5_15_2_0584.jpg,5_15_2,2853
5_15_2_0585.jpg,5_15_2,21325
5_15_2_0586.jpg,5_15_2,40062
5_15_2_0587.jpg,5_15_2,36523
5_15_2_0588.jpg,5_15_2,21686
5_15_2_0589.jpg,5_15_2,40063
5_15_2_0590.jpg,5_15_2,3484
5_15_2_0591.jpg,5_15_2,18646
5_15_2_0592.jpg,5_15_2,18378
5_15_2_0593.jpg,5_15_2,18535
5_15_2_0594.jpg,5_15_2,3726
5_15_2_0595.jpg,5_15_2,46127
5_15_2_0596.jpg,5_15_2,37116
5_15_2_0597.jpg,5_15_2,21844
5_15_2_0598.jpg,5_15_2,36378
5_15_2_0599.jpg,5_15_2,35609
5_15_2_0600.jpg,5_15_2,36506
5_15_2_0601.jpg,5_15_2,18529
5_15_2_0602.jpg,5_15_2,4050
5_15_2_0603.jpg,5_15_2,36822
5_15_2_0604.jpg,5_15_2,36058
5_15_2_0605.jpg,5_15_2,46046
5_15_2_0606.jpg,5_15_2,40723
5_15_2_0607.jpg,5_15_2,18800
5_15_2_0608.jpg,5_15_2,4427
5_15_2_0609.jpg,5_15_2,36527
5_15_2_0610.jpg,5_15_2,36125
5_15_2_0611.jpg,5_15_2,40745
5_15_2_0612.jpg,5_15_2,21395
5_15_2_0613.jpg,5_15_2,18383
5_15_2_0614.jpg,5_15_2,37118
5_15_2_0615.jpg,5_15_2,36654
5_15_2_0616.jpg,5_15_2,18344
5_15_2_0617.jpg,5_15_2,45901
5_15_2_0618.jpg,5_15_2,58941
5_15_2_0619.jpg,5_15_2,37113
5_15_2_0620.jpg,5_15_2,56245
5_15_2_0621.jpg,5_15_2,36668
5_15_2_0622.jpg,5_15_2,46174
5_15_2_0623.jpg,5_15_2,44674
5_15_2_0624.jpg,5_15_2,40771
5_15_2_0625.jpg,5_15_2,56266
5_15_2_0626.jpg,5_15_2,44278
5_15_2_0627.jpg,5_15_2,40731
5_15_2_0628.jpg,5_15_2,40781
5_15_2_0629.jpg,5_15_2,36191
5_15_2_0630.jpg,5_15_2,4407
5_15_2_0631.jpg,5_15_2,40026
5_15_2_0632.jpg,5_15_2,41971
5_15_2_0633.jpg,5_15_2,56203
5_15_2_0634.jpg,5_15_2,42680
5_15_2_0635.jpg,5_15_2,3810
5_15_2_0636.jpg,5_15_2,42885
5_15_2_0637.jpg,5_15_2,3071
5_15_2_0638.jpg,5_15_2,4458
5_15_2_0639.jpg,5_15_2,18736
5_15_2_0640.jpg,5_15_2,18532
5_15_2_0641.jpg,5_15_2,46129
5_15_2_0642.jpg,5_15_2,44602
5_15_2_0643.jpg,5_15_2,45792
5_15_2_0644.jpg,5_15_2,36944
5_15_2_0645.jpg,5_15_2,44665
5_15_2_0646.jpg,5_15_2,39738
5_15_2_0647.jpg,5_15_2,39750
5_15_2_0648.jpg,5_15_2,18645
5_15_2_0649.jpg,5_15_2,44767
5_15_2_0650.jpg,5_15_2,879
5_15_2_0651.jpg,5_15_2,54717
5_15_2_0652.jpg,5_15_2,4394
5_15_2_0653.jpg,5_15_2,42880
5_15_2_0654.jpg,5_15_2,44667
5_15_2_0655.jpg,5_15_2,2847
5_15_2_0656.jpg,5_15_2,18768
5_15_2_0657.jpg,5_15_2,4592
5_15_2_0658.jpg,5_15_2,3491
5_15_2_0659.jpg,5_15_2,45867
5_15_2_0660.jpg,5_15_2,39749
5_15_2_0661.jpg,5_15_2,2825
5_15_2_0662.jpg,5_15_2,21629
5_15_2_0663.jpg,5_15_2,21845
5_15_2_0664.jpg,5_15_2,44527
5_15_2_0665.jpg,5_15_2,3990
5_15_2_0666.jpg,5_15_2,21704
5_15_2_0667.jpg,5_15_2,40749
5_15_2_0668.jpg,5_15_2,45785
5_15_2_0669.jpg,5_15_2,46078
5_15_2_0670.jpg,5_15_2,35986
5_15_2_0671.jpg,5_15_2,21390
5_15_2_0672.jpg,5_15_2,40036
5_15_2_0673.jpg,5_15_2,42521
5_15_2_0674.jpg,5_15_2,36078
5_15_2_0675.jpg,5_15_2,36508
5_15_2_0676.jpg,5_15_2,54705
5_15_2_0677.jpg,5_15_2,54683
5_15_2_0678.jpg,5_15_2,3977
5_15_2_0679.jpg,5_15_2,21924
5_15_2_0680.jpg,5_15_2,2854
5_15_2_0681.jpg,5_15_2,46197
5_15_2_0682.jpg,5_15_2,39753
5_15_2_0683.jpg,5_15_2,40729
5_15_2_0684.jpg,5_15_2,41957
5_15_2_0685.jpg,5_15_2,44611
5_15_2_0686.jpg,5_15_2,44770
5_15_2_0687.jpg,5_15_2,36666
5_15_2_0688.jpg,5_15_2,18655
5_15_2_0689.jpg,5_15_2,4046
5_15_2_0690.jpg,5_15_2,54693
5_15_2_0691.jpg,5_15_2,3975
5_15_2_0692.jpg,5_15_2,42884
5_15_2_0693.jpg,5_15_2,35987
5_15_2_0694.jpg,5_15_2,3310
5_15_2_0695.jpg,5_15_2,18649
5_15_2_0696.jpg,5_15_2,36156
5_15_2_0697.jpg,5_15_2,46438
5_15_2_0698.jpg,5_15_2,35580
5_15_2_0699.jpg,5_15_2,2804
5_15_2_0700.jpg,5_15_2,46181
5_15_2_0701.jpg,5_15_2,46115
5_15_2_0702.jpg,5_15_2,46434
5_15_2_0703.jpg,5_15_2,36173
5_15_2_0704.jpg,5_15_2,56276
5_15_2_0705.jpg,5_15_2,3968
5_15_2_0706.jpg,5_15_2,49793
5_15_2_0707.jpg,5_15_2,39777
5_15_2_0708.jpg,5_15_2,39733
5_15_2_0709.jpg,5_15_2,45798
5_15_2_0710.jpg,5_15_2,56157
5_15_2_0711.jpg,5_15_2,21700
5_15_2_0712.jpg,5_15_2,49803
5_15_2_0713.jpg,5_15_2,35926
5_15_2_0714.jpg,5_15_2,45787
5_15_2_0715.jpg,5_15_2,36521
5_15_2_0716.jpg,5_15_2,17987
5_15_2_0717.jpg,5_15_2,18373
5_15_2_0718.jpg,5_15_2,39730
5_15_2_0719.jpg,5_15_2,3313
5_15_2_0720.jpg,5_15_2,2827
5_15_2_0721.jpg,5_15_2,21672
5_15_2_0722.jpg,5_15_2,36072
5_15_2_0723.jpg,5_15_2,35993
5_15_2_0724.jpg,5_15_2,42990
5_15_2_0725.jpg,5_15_2,45899
5_15_2_0726.jpg,5_15_2,2832
5_15_2_0727.jpg,5_15_2,19985
5_15_2_0728.jpg,5_15_2,393
5_15_2_0729.jpg,5_15_2,54720
5_15_2_0730.jpg,5_15_2,56246
5_15_2_0731.jpg,5_15_2,40778
5_15_2_0732.jpg,5_15_2,36207
5_15_2_0733.jpg,5_15_2,36166
5_15_2_0734.jpg,5_15_2,42196
5_15_2_0735.jpg,5_15_2,42513
5_15_2_0736.jpg,5_15_2,56279
5_15_2_0737.jpg,5_15_2,44631
5_15_2_0738.jpg,5_15_2,54695
5_15_2_0739.jpg,5_15_2,36656
5_15_2_0740.jpg,5_15_2,36258
5_15_2_0741.jpg,5_15_2,18341
5_15_2_0742.jpg,5_15_2,3294
5_15_2_0743.jpg,5_15_2,44610
5_15_2_0744.jpg,5_15_2,46086
5_15_2_0745.jpg,5_15_2,18384
5_15_2_0746.jpg,5_15_2,21688
5_15_2_0747.jpg,5_15_2,35544
5_15_2_0748.jpg,5_15_2,45790
5_15_2_0749.jpg,5_15_2,36529
5_15_2_0750.jpg,5_15_2,3308
5_15_2_0751.jpg,5_15_2,42195
5_15_2_0752.jpg,5_15_2,21630
5_15_2_0753.jpg,5_15_2,4065
5_15_2_0754.jpg,5_15_2,21322
5_15_2_0755.jpg,5_15_2,21398
5_15_2_0756.jpg,5_15_2,21321
5_15_2_0757.jpg,5_15_2,42670
5_15_2_0758.jpg,5_15_2,44677
5_15_2_0759.jpg,5_15_2,2821
5_15_2_0760.jpg,5_15_2,4599
5_15_2_0761.jpg,5_15_2,21847
5_15_2_0762.jpg,5_15_2,35538
5_15_2_0763.jpg,5_15_2,44759
5_15_2_0764.jpg,5_15_2,4430
5_15_2_0765.jpg,5_15_2,14953
5_15_2_0766.jpg,5_15_2,44900
5_15_2_0767.jpg,5_15_2,42996
5_15_2_0768.jpg,5_15_2,58938
5_15_2_0769.jpg,5_15_2,42923
5_15_2_0770.jpg,5_15_2,3298
5_15_2_0771.jpg,5_15_2,41972
5_15_2_0772.jpg,5_15_2,35927
5_15_2_0773.jpg,5_15_2,42198
5_15_2_0774.jpg,5_15_2,54435
5_15_2_0775.jpg,5_15_2,4431
5_15_2_0776.jpg,5_15_2,35997
5_15_2_0777.jpg,5_15_2,44684
5_15_2_0778.jpg,5_15_2,54428
5_15_2_0779.jpg,5_15_2,35801
5_15_2_0780.jpg,5_15_2,21734
5_15_2_0781.jpg,5_15_2,35853
5_15_2_0782.jpg,5_15_2,35548
5_15_2_0783.jpg,5_15_2,39747
5_15_2_0784.jpg,5_15_2,46037
5_15_2_0785.jpg,5_15_2,44651
5_15_2_0786.jpg,5_15_2,18375
5_15_2_0787.jpg,5_15_2,3072
5_15_2_0788.jpg,5_15_2,42681
5_15_2_0789.jpg,5_15_2,42663
5_15_2_0790.jpg,5_15_2,41969
5_15_2_0791.jpg,5_15_2,36070
5_15_2_0792.jpg,5_15_2,35749
5_15_2_0793.jpg,5_15_2,36519
5_15_2_0794.jpg,5_15_2,3817
5_15_2_0795.jpg,5_15_2,46179
5_15_2_0796.jpg,5_15_2,45776
5_15_2_0797.jpg,5_15_2,54701
5_15_2_0798.jpg,5_15_2,46418
5_15_2_0799.jpg,5_15_2,44530
5_15_2_0800.jpg,5_15_2,4294
5_15_2_0801.jpg,5_15_2,58124
5_15_2_0802.jpg,5_15_2,42766
5_15_2_0803.jpg,5_15_2,56303
5_15_2_0804.jpg,5_15_2,36161
5_15_2_0805.jpg,5_15_2,21828
5_15_2_0806.jpg,5_15_2,41923
5_15_2_0807.jpg,5_15_2,40064
5_15_2_0808.jpg,5_15_2,4594
5_15_2_0809.jpg,5_15_2,39728
5_15_2_0810.jpg,5_15_2,2846
5_15_2_0811.jpg,5_15_2,45905
5_15_2_0812.jpg,5_15_2,40791
5_15_2_0813.jpg,5_15_2,43192
5_15_2_0814.jpg,5_15_2,21687
5_15_2_0815.jpg,5_15_2,35996
5_15_2_0816.jpg,5_15_2,18538
5_15_2_0817.jpg,5_15_2,17981
5_15_2_0818.jpg,5_15_2,46173
5_15_2_0819.jpg,5_15_2,21998
5_15_2_0820.jpg,5_15_2,42997
5_15_2_0821.jpg,5_15_2,54444
5_15_2_0822.jpg,5_15_2,36951
5_15_2_0823.jpg,5_15_2,3499
5_15_2_0824.jpg,5_15_2,21706
5_15_2_0825.jpg,5_15_2,45903
5_15_2_0826.jpg,5_15_2,40794
5_15_2_0827.jpg,5_15_2,41729
5_15_2_0828.jpg,5_15_2,3489
5_15_2_0829.jpg,5_15_2,36537
5_15_2_0830.jpg,5_15_2,58937
5_15_2_0831.jpg,5_15_2,36167
5_15_2_0832.jpg,5_15_2,56190
5_15_2_0833.jpg,5_15_2,44653
5_15_2_0834.jpg,5_15_2,46422
5_15_2_0835.jpg,5_15_2,46419
5_15_2_0836.jpg,5_15_2,35584
5_15_2_0837.jpg,5_15_2,36380
5_15_2_0838.jpg,5_15_2,40743
5_15_2_0839.jpg,5_15_2,42674
5_15_2_0840.jpg,5_15_2,39737
5_15_2_0841.jpg,5_15_2,21693
5_15_2_0842.jpg,5_15_2,3814
5_15_2_0843.jpg,5_15_2,21692
5_15_2_0844.jpg,5_15_2,2814
5_15_2_0845.jpg,5_15_2,40039
5_15_2_0846.jpg,5_15_2,36536
5_15_2_0847.jpg,5_15_2,40040
5_15_2_0848.jpg,5_15_2,39771
5_15_2_0849.jpg,5_15_2,36505
5_15_2_0850.jpg,5_15_2,42529
5_15_2_0851.jpg,5_15_2,42987
5_15_2_0852.jpg,5_15_2,36663
5_15_2_0853.jpg,5_15_2,18647
5_15_2_0854.jpg,5_15_2,54678
5_15_2_0855.jpg,5_15_2,44531
5_15_2_0856.jpg,5_15_2,41920
5_15_2_0857.jpg,5_15_2,35614
5_15_2_0858.jpg,5_15_2,44771
5_15_2_0859.jpg,5_15_2,4432
5_15_2_0860.jpg,5_15_2,3724
5_15_2_0861.jpg,5_15_2,45784
5_15_2_0862.jpg,5_15_2,21851
5_15_2_0863.jpg,5_15_2,18533
5_15_2_0864.jpg,5_15_2,40801
5_15_2_0865.jpg,5_15_2,21732
5_15_2_0866.jpg,5_15_2,3302
5_15_2_0867.jpg,5_15_2,42770
5_15_2_0868.jpg,5_15_2,21850
5_15_2_0869.jpg,5_15_2,44609
5_15_2_0870.jpg,5_15_2,54436
5_15_2_0871.jpg,5_15_2,54709
5_15_2_0872.jpg,5_15_2,43202
5_15_2_0873.jpg,5_15_2,40741
5_15_2_0874.jpg,5_15_2,3973
5_15_2_0875.jpg,5_15_2,2845
5_15_2_0876.jpg,5_15_2,35821
5_15_2_0877.jpg,5_15_2,35694
5_15_2_0878.jpg,5_15_2,21694
5_15_2_0879.jpg,5_15_2,46195
5_15_2_0880.jpg,5_15_2,2802
5_15_2_0881.jpg,5_15_2,36120
5_15_2_0882.jpg,5_15_2,42921
5_15_2_0883.jpg,5_15_2,54439
5_15_2_0884.jpg,5_15_2,46108
5_15_2_0885.jpg,5_15_2,37110
5_15_2_0886.jpg,5_15_2,44683
5_15_2_0887.jpg,5_15_2,35803
5_15_2_0888.jpg,5_15_2,45791
5_15_2_0889.jpg,5_15_2,21999
5_15_2_0890.jpg,5_15_2,42665
5_15_2_0891.jpg,5_15_2,40772
5_15_2_0892.jpg,5_15_2,3482
5_15_2_0893.jpg,5_15_2,58906
5_15_2_0894.jpg,5_15_2,4064
5_15_2_0895.jpg,5_15_2,42886
5_15_2_0896.jpg,5_15_2,46082
5_15_2_0897.jpg,5_15_2,4588
5_15_2_0898.jpg,5_15_2,56277
5_15_2_0899.jpg,5_15_2,58940
5_15_2_0900.jpg,5_15_2,42690
5_15_2_0901.jpg,5_15_2,56307
5_15_2_0902.jpg,5_15_2,40718
5_15_2_0903.jpg,5_15_2,2714
5_15_2_0904.jpg,5_15_2,36122
5_15_2_0905.jpg,5_15_2,44642
5_15_2_0906.jpg,5_15_2,4477
5_15_2_0907.jpg,5_15_2,36525
5_15_2_0908.jpg,5_15_2,39772
5_15_2_0909.jpg,5_15_2,45863
5_15_2_0910.jpg,5_15_2,36820
5_15_2_0911.jpg,5_15_2,40788
5_15_2_0912.jpg,5_15_2,18343
5_15_2_0913.jpg,5_15_2,42203
5_15_2_0914.jpg,5_15_2,44620
5_15_2_0915.jpg,5_15_2,42205
5_15_2_0916.jpg,5_15_2,37117
5_15_2_0917.jpg,5_15_2,39742
5_15_2_0918.jpg,5_15_2,37114
5_15_2_0919.jpg,5_15_2,3664
5_15_2_0920.jpg,5_15_2,21326
5_15_2_0921.jpg,5_15_2,44306
5_15_2_0922.jpg,5_15_2,35995
5_15_2_0923.jpg,5_15_2,2822
5_15_2_0924.jpg,5_15_2,40061
5_15_2_0925.jpg,5_15_2,2713
5_15_2_0926.jpg,5_15_2,54703
5_15_2_0927.jpg,5_15_2,44632
5_15_2_0928.jpg,5_15_2,35542
5_15_2_0929.jpg,5_15_2,36510
5_15_2_0930.jpg,5_15_2,36172
5_15_2_0931.jpg,5_15_2,21669
5_15_2_0932.jpg,5_15_2,3490
5_15_2_0933.jpg,5_15_2,21821
5_15_2_0934.jpg,5_15_2,46177
5_15_2_0935.jpg,5_15_2,48322
5_15_2_0936.jpg,5_15_2,44652
5_15_2_0937.jpg,5_15_2,36650
5_15_2_0938.jpg,5_15_2,3486
5_15_2_0939.jpg,5_15_2,46193
5_15_2_0940.jpg,5_15_2,56290
5_15_2_0941.jpg,5_15_2,54696
5_15_2_0942.jpg,5_15_2,48924
5_15_2_0943.jpg,5_15_2,878
5_15_2_0944.jpg,5_15_2,21825
5_15_2_0945.jpg,5_15_2,21993
5_15_2_0946.jpg,5_15_2,56214
5_15_2_0947.jpg,5_15_2,18654
5_15_2_0948.jpg,5_15_2,438
5_15_2_0949.jpg,5_15_2,35547
5_15_2_0950.jpg,5_15_2,35697
5_15_2_0951.jpg,5_15_2,21923
5_15_2_0952.jpg,5_15_2,3299
5_15_2_0953.jpg,5_15_2,40792
5_15_2_0954.jpg,5_15_2,42989
5_15_2_0955.jpg,5_15_2,45868
5_15_2_0956.jpg,5_15_2,3498
5_15_2_0957.jpg,5_15_2,36116
5_15_2_0958.jpg,5_15_2,18380
5_15_2_0959.jpg,5_15_2,40748
5_15_2_0960.jpg,5_15_2,3829
5_15_2_0961.jpg,5_15_2,18799
5_15_2_0962.jpg,5_15_2,40790
5_15_2_0963.jpg,5_15_2,41968
5_15_2_0964.jpg,5_15_2,40800
5_15_2_0965.jpg,5_15_2,35747
5_15_2_0966.jpg,5_15_2,36126
5_15_2_0967.jpg,5_15_2,39778
5_15_2_0968.jpg,5_15_2,4434
5_15_2_0969.jpg,5_15_2,21822
5_15_2_0970.jpg,5_15_2,48324
5_15_2_0971.jpg,5_15_2,44670
5_15_2_0972.jpg,5_15_2,42677
5_15_2_0973.jpg,5_15_2,44625
5_15_2_0974.jpg,5_15_2,4596
5_15_2_0975.jpg,5_15_2,18388
5_15_2_0976.jpg,5_15_2,41921
5_15_2_0977.jpg,5_15_2,18342
5_15_2_0978.jpg,5_15_2,2829
5_15_2_0979.jpg,5_15_2,54711
5_15_2_0980.jpg,5_15_2,4591
5_15_2_0981.jpg,5_15_2,46038
5_15_2_0982.jpg,5_15_2,36206
5_15_2_0983.jpg,5_15_2,35820
5_15_2_0984.jpg,5_15_2,35851
5_15_2_0985.jpg,5_15_2,40727
5_15_2_0986.jpg,5_15_2,43194
5_15_2_0987.jpg,5_15_2,46041
5_15_2_0988.jpg,5_15_2,45794
5_15_2_0989.jpg,5_15_2,36657
5_15_2_0990.jpg,5_15_2,46415
5_15_2_0991.jpg,5_15_2,40803
5_15_2_0992.jpg,5_15_2,2805
5_15_2_0993.jpg,5_15_2,42688
5_15_2_0994.jpg,5_15_2,44763
5_15_2_0995.jpg,5_15_2,42686
5_15_2_0996.jpg,5_15_2,39748
5_15_2_0997.jpg,5_15_2,36520
5_15_2_0998.jpg,5_15_2,41917
5_15_2_0999.jpg,5_15_2,46049
3_24_0000.jpg,3_24,44478
3_24_0001.jpg,3_24,40096
3_24_0002.jpg,3_24,20633
3_24_0003.jpg,3_24,12573
3_24_0004.jpg,3_24,9331
3_24_0005.jpg,3_24,32198
3_24_0006.jpg,3_24,51614
3_24_0007.jpg,3_24,15448
3_24_0008.jpg,3_24,2895
3_24_0009.jpg,3_24,52675
3_24_0010.jpg,3_24,52649
3_24_0011.jpg,3_24,52701
3_24_0012.jpg,3_24,37606
3_24_0013.jpg,3_24,27549
3_24_0014.jpg,3_24,41631
3_24_0015.jpg,3_24,23243
3_24_0016.jpg,3_24,42915
3_24_0017.jpg,3_24,8571
3_24_0018.jpg,3_24,45134
3_24_0019.jpg,3_24,1419
3_24_0020.jpg,3_24,40380
3_24_0021.jpg,3_24,31639
3_24_0022.jpg,3_24,20213
3_24_0023.jpg,3_24,16482
3_24_0024.jpg,3_24,27917
3_24_0025.jpg,3_24,27551
3_24_0026.jpg,3_24,27125
3_24_0027.jpg,3_24,47197
3_24_0028.jpg,3_24,1761
3_24_0029.jpg,3_24,35111
3_24_0030.jpg,3_24,44184
3_24_0031.jpg,3_24,33631
3_24_0032.jpg,3_24,52912
3_24_0033.jpg,3_24,12803
3_24_0034.jpg,3_24,23963
3_24_0035.jpg,3_24,45356
3_24_0036.jpg,3_24,44958
3_24_0037.jpg,3_24,14704
3_24_0038.jpg,3_24,43353
3_24_0039.jpg,3_24,32463
3_24_0040.jpg,3_24,39085
3_24_0041.jpg,3_24,51838
3_24_0042.jpg,3_24,29732
3_24_0043.jpg,3_24,42098
3_24_0044.jpg,3_24,25170
3_24_0045.jpg,3_24,31969
3_24_0046.jpg,3_24,20680
3_24_0047.jpg,3_24,12395
3_24_0048.jpg,3_24,56065
3_24_0049.jpg,3_24,41169
3_24_0050.jpg,3_24,33053
3_24_0051.jpg,3_24,12500
3_24_0052.jpg,3_24,20189
3_24_0053.jpg,3_24,5210
3_24_0054.jpg,3_24,29545
3_24_0055.jpg,3_24,8187
3_24_0056.jpg,3_24,48020
3_24_0057.jpg,3_24,16479
3_24_0058.jpg,3_24,45219
3_24_0059.jpg,3_24,52689
3_24_0060.jpg,3_24,33057
3_24_0061.jpg,3_24,50843
3_24_0062.jpg,3_24,12524
3_24_0063.jpg,3_24,42876
3_24_0064.jpg,3_24,23618
3_24_0065.jpg,3_24,40229
3_24_0066.jpg,3_24,4522
3_24_0067.jpg,3_24,56209
3_24_0068.jpg,3_24,24737
3_24_0069.jpg,3_24,14719
3_24_0070.jpg,3_24,49285
3_24_0071.jpg,3_24,22966
3_24_0072.jpg,3_24,27964
3_24_0073.jpg,3_24,51901
3_24_0074.jpg,3_24,23599
3_24_0075.jpg,3_24,26606
3_24_0076.jpg,3_24,16489
3_24_0077.jpg,3_24,35122
3_24_0078.jpg,3_24,20190
3_24_0079.jpg,3_24,29203
3_24_0080.jpg,3_24,7708
3_24_0081.jpg,3_24,29544
3_24_0082.jpg,3_24,2198
3_24_0083.jpg,3_24,38938
3_24_0084.jpg,3_24,35113
3_24_0085.jpg,3_24,34913
3_24_0086.jpg,3_24,38390
3_24_0087.jpg,3_24,4095
3_24_0088.jpg,3_24,29551
3_24_0089.jpg,3_24,12872
3_24_0090.jpg,3_24,31709
3_24_0091.jpg,3_24,7718
3_24_0092.jpg,3_24,57667
3_24_0093.jpg,3_24,26984
3_24_0094.jpg,3_24,32418
3_24_0095.jpg,3_24,20632
3_24_0096.jpg,3_24,27867
3_24_0097.jpg,3_24,2208
3_24_0098.jpg,3_24,9421
3_24_0099.jpg,3_24,8522
3_24_0100.jpg,3_24,13597
3_24_0101.jpg,3_24,23961
3_24_0102.jpg,3_24,27601
3_24_0103.jpg,3_24,33492
3_24_0104.jpg,3_24,29089
3_24_0105.jpg,3_24,8705
3_24_0106.jpg,3_24,23162
3_24_0107.jpg,3_24,45084
3_24_0108.jpg,3_24,12497
3_24_0109.jpg,3_24,51740
3_24_0110.jpg,3_24,4326
3_24_0111.jpg,3_24,31462
3_24_0112.jpg,3_24,23604
3_24_0113.jpg,3_24,38848
3_24_0114.jpg,3_24,12451
3_24_0115.jpg,3_24,23113
3_24_0116.jpg,3_24,54259
3_24_0117.jpg,3_24,2900
3_24_0118.jpg,3_24,958
3_24_0119.jpg,3_24,28642
3_24_0120.jpg,3_24,17681
3_24_0121.jpg,3_24,14085
3_24_0122.jpg,3_24,50835
3_24_0123.jpg,3_24,51681
3_24_0124.jpg,3_24,12299
3_24_0125.jpg,3_24,34702
3_24_0126.jpg,3_24,51322
3_24_0127.jpg,3_24,10892
3_24_0128.jpg,3_24,31471
3_24_0129.jpg,3_24,51840
3_24_0130.jpg,3_24,51033
3_24_0131.jpg,3_24,51799
3_24_0132.jpg,3_24,4517
3_24_0133.jpg,3_24,8195
3_24_0134.jpg,3_24,37895
3_24_0135.jpg,3_24,28243
3_24_0136.jpg,3_24,38934
3_24_0137.jpg,3_24,28094
3_24_0138.jpg,3_24,27497
3_24_0139.jpg,3_24,28093
3_24_0140.jpg,3_24,30847
3_24_0141.jpg,3_24,27021
3_24_0142.jpg,3_24,53148
3_24_0143.jpg,3_24,1771
3_24_0144.jpg,3_24,32460
3_24_0145.jpg,3_24,13329
3_24_0146.jpg,3_24,45514
3_24_0147.jpg,3_24,26612
3_24_0148.jpg,3_24,1134
3_24_0149.jpg,3_24,23315
3_24_0150.jpg,3_24,50378
3_24_0151.jpg,3_24,32423
3_24_0152.jpg,3_24,12807
3_24_0153.jpg,3_24,1208
3_24_0154.jpg,3_24,42464
3_24_0155.jpg,3_24,915
3_24_0156.jpg,3_24,38821
3_24_0157.jpg,3_24,46719
3_24_0158.jpg,3_24,15972
3_24_0159.jpg,3_24,14731
3_24_0160.jpg,3_24,43649
3_24_0161.jpg,3_24,24023
3_24_0162.jpg,3_24,23032
3_24_0163.jpg,3_24,8193
3_24_0164.jpg,3_24,7129
3_24_0165.jpg,3_24,27040
3_24_0166.jpg,3_24,31919
3_24_0167.jpg,3_24,35318
3_24_0168.jpg,3_24,22776
3_24_0169.jpg,3_24,12293
3_24_0170.jpg,3_24,3138
3_24_0171.jpg,3_24,1949
3_24_0172.jpg,3_24,20630
3_24_0173.jpg,3_24,20128
3_24_0174.jpg,3_24,28999
3_24_0175.jpg,3_24,45400
3_24_0176.jpg,3_24,32251
3_24_0177.jpg,3_24,37314
3_24_0178.jpg,3_24,32266
3_24_0179.jpg,3_24,23909
3_24_0180.jpg,3_24,52939
3_24_0181.jpg,3_24,43355
3_24_0182.jpg,3_24,8233
3_24_0183.jpg,3_24,53873
3_24_0184.jpg,3_24,31544
3_24_0185.jpg,3_24,25173
3_24_0186.jpg,3_24,50001
3_24_0187.jpg,3_24,57822
3_24_0188.jpg,3_24,12283
3_24_0189.jpg,3_24,52935
3_24_0190.jpg,3_24,1246
3_24_0191.jpg,3_24,14815
3_24_0192.jpg,3_24,14723
3_24_0193.jpg,3_24,45359
3_24_0194.jpg,3_24,8221
3_24_0195.jpg,3_24,14156
3_24_0196.jpg,3_24,46721
3_24_0197.jpg,3_24,1329
3_24_0198.jpg,3_24,35322
3_24_0199.jpg,3_24,31958
3_24_0200.jpg,3_24,12301
3_24_0201.jpg,3_24,7732
3_24_0202.jpg,3_24,26142
3_24_0203.jpg,3_24,57825
3_24_0204.jpg,3_24,40053
3_24_0205.jpg,3_24,52087
3_24_0206.jpg,3_24,1770
3_24_0207.jpg,3_24,26799
3_24_0208.jpg,3_24,39094
3_24_0209.jpg,3_24,16112
3_24_0210.jpg,3_24,51670
3_24_0211.jpg,3_24,32673
3_24_0212.jpg,3_24,38567
3_24_0213.jpg,3_24,2048
3_24_0214.jpg,3_24,37229
3_24_0215.jpg,3_24,2044
3_24_0216.jpg,3_24,41637
3_24_0217.jpg,3_24,7217
3_24_0218.jpg,3_24,40226
3_24_0219.jpg,3_24,1253
3_24_0220.jpg,3_24,2045
3_24_0221.jpg,3_24,43507
3_24_0222.jpg,3_24,7699
3_24_0223.jpg,3_24,27909
3_24_0224.jpg,3_24,28420
3_24_0225.jpg,3_24,26976
3_24_0226.jpg,3_24,7734
3_24_0227.jpg,3_24,32840
3_24_0228.jpg,3_24,15991
3_24_0229.jpg,3_24,29727
3_24_0230.jpg,3_24,43828
3_24_0231.jpg,3_24,10171
3_24_0232.jpg,3_24,13973
3_24_0233.jpg,3_24,43688
3_24_0234.jpg,3_24,43350
3_24_0235.jpg,3_24,38845
3_24_0236.jpg,3_24,1053
3_24_0237.jpg,3_24,20744
3_24_0238.jpg,3_24,27965
3_24_0239.jpg,3_24,41636
3_24_0240.jpg,3_24,6598
3_24_0241.jpg,3_24,41811
3_24_0242.jpg,3_24,52702
3_24_0243.jpg,3_24,17597
3_24_0244.jpg,3_24,38463
3_24_0245.jpg,3_24,37749
3_24_0246.jpg,3_24,43824
3_24_0247.jpg,3_24,8521
3_24_0248.jpg,3_24,27918
3_24_0249.jpg,3_24,7203
3_24_0250.jpg,3_24,32151
3_24_0251.jpg,3_24,45113
3_24_0252.jpg,3_24,37947
3_24_0253.jpg,3_24,54894
3_24_0254.jpg,3_24,19707
3_24_0255.jpg,3_24,7421
3_24_0256.jpg,3_24,56204
3_24_0257.jpg,3_24,7210
3_24_0258.jpg,3_24,31640
3_24_0259.jpg,3_24,13269
3_24_0260.jpg,3_24,37794
3_24_0261.jpg,3_24,13331
3_24_0262.jpg,3_24,51734
3_24_0263.jpg,3_24,16640
3_24_0264.jpg,3_24,32262
3_24_0265.jpg,3_24,13903
3_24_0266.jpg,3_24,25168
3_24_0267.jpg,3_24,43961
3_24_0268.jpg,3_24,27603
3_24_0269.jpg,3_24,20212
3_24_0270.jpg,3_24,10936
3_24_0271.jpg,3_24,1778
3_24_0272.jpg,3_24,32844
3_24_0273.jpg,3_24,31635
3_24_0274.jpg,3_24,14001
3_24_0275.jpg,3_24,43410
3_24_0276.jpg,3_24,31072
3_24_0277.jpg,3_24,23553
3_24_0278.jpg,3_24,15157
3_24_0279.jpg,3_24,831
3_24_0280.jpg,3_24,1125
3_24_0281.jpg,3_24,56202
3_24_0282.jpg,3_24,4521
3_24_0283.jpg,3_24,7227
3_24_0284.jpg,3_24,34347
3_24_0285.jpg,3_24,41947
3_24_0286.jpg,3_24,31566
3_24_0287.jpg,3_24,9326
3_24_0288.jpg,3_24,4548
3_24_0289.jpg,3_24,51798
3_24_0290.jpg,3_24,52652
3_24_0291.jpg,3_24,4279
3_24_0292.jpg,3_24,45184
3_24_0293.jpg,3_24,51808
3_24_0294.jpg,3_24,6599
3_24_0295.jpg,3_24,16113
3_24_0296.jpg,3_24,39181
3_24_0297.jpg,3_24,14829
3_24_0298.jpg,3_24,29085
3_24_0299.jpg,3_24,20215
3_24_0300.jpg,3_24,16750
3_24_0301.jpg,3_24,29206
3_24_0302.jpg,3_24,2110
3_24_0303.jpg,3_24,5737
3_24_0304.jpg,3_24,12440
3_24_0305.jpg,3_24,51896
3_24_0306.jpg,3_24,20127
3_24_0307.jpg,3_24,25300
3_24_0308.jpg,3_24,42465
3_24_0309.jpg,3_24,23109
3_24_0310.jpg,3_24,28040
3_24_0311.jpg,3_24,47584
3_24_0312.jpg,3_24,52180
3_24_0313.jpg,3_24,5196
3_24_0314.jpg,3_24,50406
3_24_0315.jpg,3_24,52798
3_24_0316.jpg,3_24,1054
3_24_0317.jpg,3_24,8526
3_24_0318.jpg,3_24,41815
3_24_0319.jpg,3_24,39560
3_24_0320.jpg,3_24,12397
3_24_0321.jpg,3_24,23545
3_24_0322.jpg,3_24,25165
3_24_0323.jpg,3_24,28326
3_24_0324.jpg,3_24,38457
3_24_0325.jpg,3_24,17005
3_24_0326.jpg,3_24,45819
3_24_0327.jpg,3_24,4610
3_24_0328.jpg,3_24,26610
3_24_0329.jpg,3_24,52690
3_24_0330.jpg,3_24,55626
3_24_0331.jpg,3_24,52035
3_24_0332.jpg,3_24,27342
3_24_0333.jpg,3_24,27340
3_24_0334.jpg,3_24,29084
3_24_0335.jpg,3_24,17673
3_24_0336.jpg,3_24,27048
3_24_0337.jpg,3_24,52181
3_24_0338.jpg,3_24,30850
3_24_0339.jpg,3_24,27969
3_24_0340.jpg,3_24,39567
3_24_0341.jpg,3_24,12292
3_24_0342.jpg,3_24,7414
3_24_0343.jpg,3_24,8227
3_24_0344.jpg,3_24,43694
3_24_0345.jpg,3_24,56211
3_24_0346.jpg,3_24,2904
3_24_0347.jpg,3_24,10931
3_24_0348.jpg,3_24,7198
3_24_0349.jpg,3_24,27905
3_24_0350.jpg,3_24,35973
3_24_0351.jpg,3_24,31082
3_24_0352.jpg,3_24,33489
3_24_0353.jpg,3_24,42870
3_24_0354.jpg,3_24,28328
3_24_0355.jpg,3_24,12517
3_24_0356.jpg,3_24,37881
3_24_0357.jpg,3_24,26974
3_24_0358.jpg,3_24,56073
3_24_0359.jpg,3_24,37882
3_24_0360.jpg,3_24,1564
3_24_0361.jpg,3_24,43258
3_24_0362.jpg,3_24,52678
3_24_0363.jpg,3_24,8200
3_24_0364.jpg,3_24,31083
3_24_0365.jpg,3_24,31465
3_24_0366.jpg,3_24,7413
3_24_0367.jpg,3_24,27834
3_24_0368.jpg,3_24,28369
3_24_0369.jpg,3_24,1950
3_24_0370.jpg,3_24,3108
3_24_0371.jpg,3_24,16622
3_24_0372.jpg,3_24,40377
3_24_0373.jpg,3_24,23117
3_24_0374.jpg,3_24,1118
3_24_0375.jpg,3_24,44048
3_24_0376.jpg,3_24,42868
3_24_0377.jpg,3_24,32335
3_24_0378.jpg,3_24,49148
3_24_0379.jpg,3_24,34703
3_24_0380.jpg,3_24,45185
3_24_0381.jpg,3_24,33179
3_24_0382.jpg,3_24,14722
3_24_0383.jpg,3_24,42087
3_24_0384.jpg,3_24,23911
3_24_0385.jpg,3_24,32206
3_24_0386.jpg,3_24,51903
3_24_0387.jpg,3_24,43412
3_24_0388.jpg,3_24,43757
3_24_0389.jpg,3_24,37949
3_24_0390.jpg,3_24,5197
3_24_0391.jpg,3_24,28239
3_24_0392.jpg,3_24,52162
3_24_0393.jpg,3_24,45357
3_24_0394.jpg,3_24,15971
3_24_0395.jpg,3_24,31077
3_24_0396.jpg,3_24,24424
3_24_0397.jpg,3_24,41816
3_24_0398.jpg,3_24,42463
3_24_0399.jpg,3_24,39169
3_24_0400.jpg,3_24,27045
3_24_0401.jpg,3_24,9324
3_24_0402.jpg,3_24,56066
3_24_0403.jpg,3_24,37888
3_24_0404.jpg,3_24,2228
3_24_0405.jpg,3_24,1105
3_24_0406.jpg,3_24,39177
3_24_0407.jpg,3_24,10187
3_24_0408.jpg,3_24,31962
3_24_0409.jpg,3_24,29305
3_24_0410.jpg,3_24,31573
3_24_0411.jpg,3_24,12285
3_24_0412.jpg,3_24,4278
3_24_0413.jpg,3_24,50316
3_24_0414.jpg,3_24,31550
3_24_0415.jpg,3_24,23247
3_24_0416.jpg,3_24,15450
3_24_0417.jpg,3_24,23554
3_24_0418.jpg,3_24,18421
3_24_0419.jpg,3_24,2111
3_24_0420.jpg,3_24,31968
3_24_0421.jpg,3_24,14706
3_24_0422.jpg,3_24,32853
3_24_0423.jpg,3_24,50346
3_24_0424.jpg,3_24,26884
3_24_0425.jpg,3_24,27496
3_24_0426.jpg,3_24,15160
3_24_0427.jpg,3_24,4316
3_24_0428.jpg,3_24,29096
3_24_0429.jpg,3_24,52178
3_24_0430.jpg,3_24,34343
3_24_0431.jpg,3_24,28523
3_24_0432.jpg,3_24,53018
3_24_0433.jpg,3_24,31643
3_24_0434.jpg,3_24,28515
3_24_0435.jpg,3_24,23161
3_24_0436.jpg,3_24,7712
3_24_0437.jpg,3_24,57603
3_24_0438.jpg,3_24,49290
3_24_0439.jpg,3_24,40225
3_24_0440.jpg,3_24,1207
3_24_0441.jpg,3_24,52829
3_24_0442.jpg,3_24,52683
3_24_0443.jpg,3_24,27838
3_24_0444.jpg,3_24,1763
3_24_0445.jpg,3_24,32942
3_24_0446.jpg,3_24,32848
3_24_0447.jpg,3_24,8
3_24_0448.jpg,3_24,4552
3_24_0449.jpg,3_24,37716
3_24_0450.jpg,3_24,37952
3_24_0451.jpg,3_24,39082
3_24_0452.jpg,3_24,21065
3_24_0453.jpg,3_24,31975
3_24_0454.jpg,3_24,33090
3_24_0455.jpg,3_24,13979
3_24_0456.jpg,3_24,40376
3_24_0457.jpg,3_24,42097
3_24_0458.jpg,3_24,29000
3_24_0459.jpg,3_24,23923
3_24_0460.jpg,3_24,25526
3_24_0461.jpg,3_24,2209
3_24_0462.jpg,3_24,14717
3_24_0463.jpg,3_24,28993
3_24_0464.jpg,3_24,23601
3_24_0465.jpg,3_24,33065
3_24_0466.jpg,3_24,38378
3_24_0467.jpg,3_24,57678
3_24_0468.jpg,3_24,29554
3_24_0469.jpg,3_24,45088
3_24_0470.jpg,3_24,41164
3_24_0471.jpg,3_24,55755
3_24_0472.jpg,3_24,45085
3_24_0473.jpg,3_24,28645
3_24_0474.jpg,3_24,7422
3_24_0475.jpg,3_24,56063
3_24_0476.jpg,3_24,41180
3_24_0477.jpg,3_24,14702
3_24_0478.jpg,3_24,700
3_24_0479.jpg,3_24,23925
3_24_0480.jpg,3_24,24736
3_24_0481.jpg,3_24,38935
3_24_0482.jpg,3_24,20146
3_24_0483.jpg,3_24,32842
3_24_0484.jpg,3_24,32258
3_24_0485.jpg,3_24,26667
3_24_0486.jpg,3_24,43829
3_24_0487.jpg,3_24,52033
3_24_0488.jpg,3_24,51726
3_24_0489.jpg,3_24,11452
3_24_0490.jpg,3_24,31553
3_24_0491.jpg,3_24,8574
3_24_0492.jpg,3_24,45089
3_24_0493.jpg,3_24,45135
3_24_0494.jpg,3_24,53865
3_24_0495.jpg,3_24,7213
3_24_0496.jpg,3_24,16106
3_24_0497.jpg,3_24,37802
3_24_0498.jpg,3_24,12965
3_24_0499.jpg,3_24,12570
3_24_0500.jpg,3_24,7722
3_24_0501.jpg,3_24,27165
3_24_0502.jpg,3_24,14658
3_24_0503.jpg,3_24,29087
3_24_0504.jpg,3_24,56219
3_24_0505.jpg,3_24,51730
3_24_0506.jpg,3_24,23910
3_24_0507.jpg,3_24,7216
3_24_0508.jpg,3_24,27872
3_24_0509.jpg,3_24,1997
3_24_0510.jpg,3_24,38933
3_24_0511.jpg,3_24,42100
3_24_0512.jpg,3_24,52826
3_24_0513.jpg,3_24,52656
3_24_0514.jpg,3_24,28534
3_24_0515.jpg,3_24,29088
3_24_0516.jpg,3_24,41179
3_24_0517.jpg,3_24,35320
3_24_0518.jpg,3_24,31923
3_24_0519.jpg,3_24,8237
3_24_0520.jpg,3_24,31645
3_24_0521.jpg,3_24,916
3_24_0522.jpg,3_24,32420
3_24_0523.jpg,3_24,2046
3_24_0524.jpg,3_24,32925
3_24_0525.jpg,3_24,50381
3_24_0526.jpg,3_24,35120
3_24_0527.jpg,3_24,51321
3_24_0528.jpg,3_24,49144
3_24_0529.jpg,3_24,12452
3_24_0530.jpg,3_24,43632
3_24_0531.jpg,3_24,34712
3_24_0532.jpg,3_24,12436
3_24_0533.jpg,3_24,8188
3_24_0534.jpg,3_24,51653
3_24_0535.jpg,3_24,27120
3_24_0536.jpg,3_24,56068
3_24_0537.jpg,3_24,37608
3_24_0538.jpg,3_24,37751
3_24_0539.jpg,3_24,23314
3_24_0540.jpg,3_24,31922
3_24_0541.jpg,3_24,27044
3_24_0542.jpg,3_24,56460
3_24_0543.jpg,3_24,52030
3_24_0544.jpg,3_24,43635
3_24_0545.jpg,3_24,15969
3_24_0546.jpg,3_24,53146
3_24_0547.jpg,3_24,27263
3_24_0548.jpg,3_24,23962
3_24_0549.jpg,3_24,54896
3_24_0550.jpg,3_24,28646
3_24_0551.jpg,3_24,8231
3_24_0552.jpg,3_24,8525
3_24_0553.jpg,3_24,27840
3_24_0554.jpg,3_24,37616
3_24_0555.jpg,3_24,43754
3_24_0556.jpg,3_24,32154
3_24_0557.jpg,3_24,20634
3_24_0558.jpg,3_24,43827
3_24_0559.jpg,3_24,46906
3_24_0560.jpg,3_24,23115
3_24_0561.jpg,3_24,44852
3_24_0562.jpg,3_24,32926
3_24_0563.jpg,3_24,38931
3_24_0564.jpg,3_24,14665
3_24_0565.jpg,3_24,13599
3_24_0566.jpg,3_24,14086
3_24_0567.jpg,3_24,38809
3_24_0568.jpg,3_24,45078
3_24_0569.jpg,3_24,51736
3_24_0570.jpg,3_24,43354
3_24_0571.jpg,3_24,24171
3_24_0572.jpg,3_24,42101
3_24_0573.jpg,3_24,8228
3_24_0574.jpg,3_24,44475
3_24_0575.jpg,3_24,40051
3_24_0576.jpg,3_24,12455
3_24_0577.jpg,3_24,31921
3_24_0578.jpg,3_24,32770
3_24_0579.jpg,3_24,43652
3_24_0580.jpg,3_24,39062
3_24_0581.jpg,3_24,23316
3_24_0582.jpg,3_24,44857
3_24_0583.jpg,3_24,7427
3_24_0584.jpg,3_24,24597
3_24_0585.jpg,3_24,49143
3_24_0586.jpg,3_24,31071
3_24_0587.jpg,3_24,35110
3_24_0588.jpg,3_24,33625
3_24_0589.jpg,3_24,41894
3_24_0590.jpg,3_24,27912
3_24_0591.jpg,3_24,42168
3_24_0592.jpg,3_24,52925
3_24_0593.jpg,3_24,19923
3_24_0594.jpg,3_24,27972
3_24_0595.jpg,3_24,52034
3_24_0596.jpg,3_24,32261
3_24_0597.jpg,3_24,7211
3_24_0598.jpg,3_24,1418
3_24_0599.jpg,3_24,26980
3_24_0600.jpg,3_24,8994
3_24_0601.jpg,3_24,2196
3_24_0602.jpg,3_24,42089
3_24_0603.jpg,3_24,2449
3_24_0604.jpg,3_24,52029
3_24_0605.jpg,3_24,16998
3_24_0606.jpg,3_24,10939
3_24_0607.jpg,3_24,19926
3_24_0608.jpg,3_24,43254
3_24_0609.jpg,3_24,15980
3_24_0610.jpg,3_24,8998
3_24_0611.jpg,3_24,3097
3_24_0612.jpg,3_24,43510
3_24_0613.jpg,3_24,20211
3_24_0614.jpg,3_24,13952
3_24_0615.jpg,3_24,32717
3_24_0616.jpg,3_24,1680
3_24_0617.jpg,3_24,25171
3_24_0618.jpg,3_24,47295
3_24_0619.jpg,3_24,6606
3_24_0620.jpg,3_24,37940
3_24_0621.jpg,3_24,42458
3_24_0622.jpg,3_24,33073
3_24_0623.jpg,3_24,52679
3_24_0624.jpg,3_24,51722
3_24_0625.jpg,3_24,33069
3_24_0626.jpg,3_24,27134
3_24_0627.jpg,3_24,15328
3_24_0628.jpg,3_24,32148
3_24_0629.jpg,3_24,51658
3_24_0630.jpg,3_24,19957
3_24_0631.jpg,3_24,43637
3_24_0632.jpg,3_24,41839
3_24_0633.jpg,3_24,1999
3_24_0634.jpg,3_24,26982
3_24_0635.jpg,3_24,27121
3_24_0636.jpg,3_24,27908
3_24_0637.jpg,3_24,43261
3_24_0638.jpg,3_24,51733
3_24_0639.jpg,3_24,32889
3_24_0640.jpg,3_24,2206
3_24_0641.jpg,3_24,1126
3_24_0642.jpg,3_24,15984
3_24_0643.jpg,3_24,13930
3_24_0644.jpg,3_24,38389
3_24_0645.jpg,3_24,28413
3_24_0646.jpg,3_24,14728
3_24_0647.jpg,3_24,46909
3_24_0648.jpg,3_24,39562
3_24_0649.jpg,3_24,26147
3_24_0650.jpg,3_24,35316
3_24_0651.jpg,3_24,32837
3_24_0652.jpg,3_24,37620
3_24_0653.jpg,3_24,12967
3_24_0654.jpg,3_24,12868
3_24_0655.jpg,3_24,45114
3_24_0656.jpg,3_24,28526
3_24_0657.jpg,3_24,12453
3_24_0658.jpg,3_24,43163
3_24_0659.jpg,3_24,4277
3_24_0660.jpg,3_24,12546
3_24_0661.jpg,3_24,45167
3_24_0662.jpg,3_24,32160
3_24_0663.jpg,3_24,7715
3_24_0664.jpg,3_24,26878
3_24_0665.jpg,3_24,1818
3_24_0666.jpg,3_24,28052
3_24_0667.jpg,3_24,18427
3_24_0668.jpg,3_24,32938
3_24_0669.jpg,3_24,16751
3_24_0670.jpg,3_24,8197
3_24_0671.jpg,3_24,44051
3_24_0672.jpg,3_24,35115
3_24_0673.jpg,3_24,16109
3_24_0674.jpg,3_24,968
3_24_0675.jpg,3_24,23552
3_24_0676.jpg,3_24,29291
3_24_0677.jpg,3_24,10178
3_24_0678.jpg,3_24,1794
3_24_0679.jpg,3_24,10173
3_24_0680.jpg,3_24,23318
3_24_0681.jpg,3_24,37316
3_24_0682.jpg,3_24,2137
3_24_0683.jpg,3_24,38816
3_24_0684.jpg,3_24,37938
3_24_0685.jpg,3_24,52235
3_24_0686.jpg,3_24,52164
3_24_0687.jpg,3_24,31546
3_24_0688.jpg,3_24,34341
3_24_0689.jpg,3_24,32852
3_24_0690.jpg,3_24,54901
3_24_0691.jpg,3_24,4116
3_24_0692.jpg,3_24,23184
3_24_0693.jpg,3_24,32340
3_24_0694.jpg,3_24,14692
3_24_0695.jpg,3_24,12529
3_24_0696.jpg,3_24,32252
3_24_0697.jpg,3_24,3212
3_24_0698.jpg,3_24,31961
3_24_0699.jpg,3_24,51654
3_24_0700.jpg,3_24,27904
3_24_0701.jpg,3_24,32772
3_24_0702.jpg,3_24,32683
3_24_0703.jpg,3_24,49378
3_24_0704.jpg,3_24,4606
3_24_0705.jpg,3_24,24486
3_24_0706.jpg,3_24,14700
3_24_0707.jpg,3_24,14402
3_24_0708.jpg,3_24,51723
3_24_0709.jpg,3_24,48016
3_24_0710.jpg,3_24,23555
3_24_0711.jpg,3_24,25515
3_24_0712.jpg,3_24,20188
3_24_0713.jpg,3_24,14672
3_24_0714.jpg,3_24,51727
3_24_0715.jpg,3_24,45221
3_24_0716.jpg,3_24,29729
3_24_0717.jpg,3_24,33071
3_24_0718.jpg,3_24,40048
3_24_0719.jpg,3_24,1045
3_24_0720.jpg,3_24,7424
3_24_0721.jpg,3_24,41946
3_24_0722.jpg,3_24,24427
3_24_0723.jpg,3_24,28435
3_24_0724.jpg,3_24,57697
3_24_0725.jpg,3_24,39172
3_24_0726.jpg,3_24,37891
3_24_0727.jpg,3_24,38392
3_24_0728.jpg,3_24,15685
3_24_0729.jpg,3_24,43408
3_24_0730.jpg,3_24,23289
3_24_0731.jpg,3_24,43705
3_24_0732.jpg,3_24,7415
3_24_0733.jpg,3_24,27049
3_24_0734.jpg,3_24,16115
3_24_0735.jpg,3_24,32712
3_24_0736.jpg,3_24,19708
3_24_0737.jpg,3_24,1366
3_24_0738.jpg,3_24,32197
3_24_0739.jpg,3_24,26798
3_24_0740.jpg,3_24,32162
3_24_0741.jpg,3_24,31976
3_24_0742.jpg,3_24,52883
3_24_0743.jpg,3_24,31261
3_24_0744.jpg,3_24,1889
3_24_0745.jpg,3_24,20218
3_24_0746.jpg,3_24,57824
3_24_0747.jpg,3_24,12864
3_24_0748.jpg,3_24,23246
3_24_0749.jpg,3_24,43631
3_24_0750.jpg,3_24,4333
3_24_0751.jpg,3_24,5200
3_24_0752.jpg,3_24,12294
3_24_0753.jpg,3_24,32687
3_24_0754.jpg,3_24,32458
3_24_0755.jpg,3_24,980
3_24_0756.jpg,3_24,38822
3_24_0757.jpg,3_24,3139
3_24_0758.jpg,3_24,14154
3_24_0759.jpg,3_24,38841
3_24_0760.jpg,3_24,42914
3_24_0761.jpg,3_24,28011
3_24_0762.jpg,3_24,7199
3_24_0763.jpg,3_24,13974
3_24_0764.jpg,3_24,32686
3_24_0765.jpg,3_24,28249
3_24_0766.jpg,3_24,39558
3_24_0767.jpg,3_24,4099
3_24_0768.jpg,3_24,43407
3_24_0769.jpg,3_24,1362
3_24_0770.jpg,3_24,49495
3_24_0771.jpg,3_24,23600
3_24_0772.jpg,3_24,1772
3_24_0773.jpg,3_24,4515
3_24_0774.jpg,3_24,4250
3_24_0775.jpg,3_24,48019
3_24_0776.jpg,3_24,12457
3_24_0777.jpg,3_24,15986
3_24_0778.jpg,3_24,33052
3_24_0779.jpg,3_24,4003
3_24_0780.jpg,3_24,34446
3_24_0781.jpg,3_24,14738
3_24_0782.jpg,3_24,55754
3_24_0783.jpg,3_24,27594
3_24_0784.jpg,3_24,27124
3_24_0785.jpg,3_24,28638
3_24_0786.jpg,3_24,52166
3_24_0787.jpg,3_24,27550
3_24_0788.jpg,3_24,28240
3_24_0789.jpg,3_24,53166
3_24_0790.jpg,3_24,1190
3_24_0791.jpg,3_24,27137
3_24_0792.jpg,3_24,7710
3_24_0793.jpg,3_24,52646
3_24_0794.jpg,3_24,973
3_24_0795.jpg,3_24,50354
3_24_0796.jpg,3_24,42872
3_24_0797.jpg,3_24,55627
3_24_0798.jpg,3_24,54897
3_24_0799.jpg,3_24,1948
3_24_0800.jpg,3_24,4115
3_24_0801.jpg,3_24,25167
3_24_0802.jpg,3_24,31917
3_24_0803.jpg,3_24,7209
3_24_0804.jpg,3_24,20094
3_24_0805.jpg,3_24,20745
3_24_0806.jpg,3_24,37753
3_24_0807.jpg,3_24,4511
3_24_0808.jpg,3_24,18788
3_24_0809.jpg,3_24,51684
3_24_0810.jpg,3_24,42455
3_24_0811.jpg,3_24,27243
3_24_0812.jpg,3_24,1628
3_24_0813.jpg,3_24,29725
3_24_0814.jpg,3_24,10185
3_24_0815.jpg,3_24,32459
3_24_0816.jpg,3_24,43255
3_24_0817.jpg,3_24,8249
3_24_0818.jpg,3_24,27156
3_24_0819.jpg,3_24,32802
3_24_0820.jpg,3_24,51900
3_24_0821.jpg,3_24,38937
3_24_0822.jpg,3_24,8989
3_24_0823.jpg,3_24,20391
3_24_0824.jpg,3_24,39563
3_24_0825.jpg,3_24,52921
3_24_0826.jpg,3_24,1098
3_24_0827.jpg,3_24,47296
3_24_0828.jpg,3_24,32932
3_24_0829.jpg,3_24,8578
3_24_0830.jpg,3_24,52703
3_24_0831.jpg,3_24,1836
3_24_0832.jpg,3_24,959
3_24_0833.jpg,3_24,43701
3_24_0834.jpg,3_24,37315
3_24_0835.jpg,3_24,27237
3_24_0836.jpg,3_24,32684
3_24_0837.jpg,3_24,32841
3_24_0838.jpg,3_24,4351
3_24_0839.jpg,3_24,21066
3_24_0840.jpg,3_24,14088
3_24_0841.jpg,3_24,23966
3_24_0842.jpg,3_24,14158
3_24_0843.jpg,3_24,45110
3_24_0844.jpg,3_24,39427
3_24_0845.jpg,3_24,32155
3_24_0846.jpg,3_24,8702
3_24_0847.jpg,3_24,43505
3_24_0848.jpg,3_24,44049
3_24_0849.jpg,3_24,14697
3_24_0850.jpg,3_24,37943
3_24_0851.jpg,3_24,52173
3_24_0852.jpg,3_24,12871
3_24_0853.jpg,3_24,42866
3_24_0854.jpg,3_24,51618
3_24_0855.jpg,3_24,33481
3_24_0856.jpg,3_24,41817
3_24_0857.jpg,3_24,32847
3_24_0858.jpg,3_24,29187
3_24_0859.jpg,3_24,32850
3_24_0860.jpg,3_24,4249
3_24_0861.jpg,3_24,44962
3_24_0862.jpg,3_24,3206
3_24_0863.jpg,3_24,50837
3_24_0864.jpg,3_24,5213
3_24_0865.jpg,3_24,13028
3_24_0866.jpg,3_24,34915
3_24_0867.jpg,3_24,31263
3_24_0868.jpg,3_24,50320
3_24_0869.jpg,3_24,25163
3_24_0870.jpg,3_24,45166
3_24_0871.jpg,3_24,53055
3_24_0872.jpg,3_24,5858
3_24_0873.jpg,3_24,19865
3_24_0874.jpg,3_24,38377
3_24_0875.jpg,3_24,4000
3_24_0876.jpg,3_24,52876
3_24_0877.jpg,3_24,43257
3_24_0878.jpg,3_24,31258
3_24_0879.jpg,3_24,45398
3_24_0880.jpg,3_24,23519
3_24_0881.jpg,3_24,37941
3_24_0882.jpg,3_24,22775
3_24_0883.jpg,3_24,43504
3_24_0884.jpg,3_24,10168
3_24_0885.jpg,3_24,33206
3_24_0886.jpg,3_24,33211
3_24_0887.jpg,3_24,25816
3_24_0888.jpg,3_24,57676
3_24_0889.jpg,3_24,28051
3_24_0890.jpg,3_24,53060
3_24_0891.jpg,3_24,52927
3_24_0892.jpg,3_24,23112
3_24_0893.jpg,3_24,15961
3_24_0894.jpg,3_24,14701
3_24_0895.jpg,3_24,28320
3_24_0896.jpg,3_24,17750
3_24_0897.jpg,3_24,25297
3_24_0898.jpg,3_24,8236
3_24_0899.jpg,3_24,41842
3_24_0900.jpg,3_24,31068
3_24_0901.jpg,3_24,29193
3_24_0902.jpg,3_24,28433
3_24_0903.jpg,3_24,43831
3_24_0904.jpg,3_24,22774
3_24_0905.jpg,3_24,31262
3_24_0906.jpg,3_24,32885
3_24_0907.jpg,3_24,7220
3_24_0908.jpg,3_24,12444
3_24_0909.jpg,3_24,40384
3_24_0910.jpg,3_24,4331
3_24_0911.jpg,3_24,18542
3_24_0912.jpg,3_24,57666
3_24_0913.jpg,3_24,32690
3_24_0914.jpg,3_24,43650
3_24_0915.jpg,3_24,16740
3_24_0916.jpg,3_24,52881
3_24_0917.jpg,3_24,4295
3_24_0918.jpg,3_24,4280
3_24_0919.jpg,3_24,1234
3_24_0920.jpg,3_24,56072
3_24_0921.jpg,3_24,1632
3_24_0922.jpg,3_24,34921
3_24_0923.jpg,3_24,34843
3_24_0924.jpg,3_24,27555
3_24_0925.jpg,3_24,35966
3_24_0926.jpg,3_24,14399
3_24_0927.jpg,3_24,1767
3_24_0928.jpg,3_24,38853
3_24_0929.jpg,3_24,54898
3_24_0930.jpg,3_24,32774
3_24_0931.jpg,3_24,32709
3_24_0932.jpg,3_24,29550
3_24_0933.jpg,3_24,50352
3_24_0934.jpg,3_24,25822
3_24_0935.jpg,3_24,27163
3_24_0936.jpg,3_24,55255
3_24_0937.jpg,3_24,52672
3_24_0938.jpg,3_24,52796
3_24_0939.jpg,3_24,52691
3_24_0940.jpg,3_24,29208
3_24_0941.jpg,3_24,31713
3_24_0942.jpg,3_24,32146
3_24_0943.jpg,3_24,4550
3_24_0944.jpg,3_24,27258
3_24_0945.jpg,3_24,25814
3_24_0946.jpg,3_24,31717
3_24_0947.jpg,3_24,1096
3_24_0948.jpg,3_24,15442
3_24_0949.jpg,3_24,37894
3_24_0950.jpg,3_24,12287
3_24_0951.jpg,3_24,32161
3_24_0952.jpg,3_24,8573
3_24_0953.jpg,3_24,28437
3_24_0954.jpg,3_24,43162
3_24_0955.jpg,3_24,12461
3_24_0956.jpg,3_24,33209
3_24_0957.jpg,3_24,33207
3_24_0958.jpg,3_24,8997
3_24_0959.jpg,3_24,31085
3_24_0960.jpg,3_24,53165
3_24_0961.jpg,3_24,1806
3_24_0962.jpg,3_24,14674
3_24_0963.jpg,3_24,53155
3_24_0964.jpg,3_24,14833
3_24_0965.jpg,3_24,3106
3_24_0966.jpg,3_24,51668
3_24_0967.jpg,3_24,26156
3_24_0968.jpg,3_24,15155
3_24_0969.jpg,3_24,1885
3_24_0970.jpg,3_24,13978
3_24_0971.jpg,3_24,32201
3_24_0972.jpg,3_24,25517
3_24_0973.jpg,3_24,50380
3_24_0974.jpg,3_24,29540
3_24_0975.jpg,3_24,28994
3_24_0976.jpg,3_24,45507
3_24_0977.jpg,3_24,42457
3_24_0978.jpg,3_24,23466
3_24_0979.jpg,3_24,7131
3_24_0980.jpg,3_24,32255
3_24_0981.jpg,3_24,45118
3_24_0982.jpg,3_24,38842
3_24_0983.jpg,3_24,34714
3_24_0984.jpg,3_24,32778
3_24_0985.jpg,3_24,33623
3_24_0986.jpg,3_24,12437
3_24_0987.jpg,3_24,26875
3_24_0988.jpg,3_24,49832
3_24_0989.jpg,3_24,25820
3_24_0990.jpg,3_24,35163
3_24_0991.jpg,3_24,4300
3_24_0992.jpg,3_24,32196
3_24_0993.jpg,3_24,15985
3_24_0994.jpg,3_24,26874
3_24_0995.jpg,3_24,50002
3_24_0996.jpg,3_24,32195
3_24_0997.jpg,3_24,27558
3_24_0998.jpg,3_24,24600
3_24_0999.jpg,3_24,24170
2_4_0000.jpg,2_4,29777
2_4_0001.jpg,2_4,45631
2_4_0002.jpg,2_4,29560
2_4_0003.jpg,2_4,55145
2_4_0004.jpg,2_4,35109
2_4_0005.jpg,2_4,121
2_4_0006.jpg,2_4,30684
2_4_0007.jpg,2_4,54864
2_4_0008.jpg,2_4,9470
2_4_0009.jpg,2_4,26595
2_4_0010.jpg,2_4,10734
2_4_0011.jpg,2_4,14044
2_4_0012.jpg,2_4,3930
2_4_0013.jpg,2_4,31310
2_4_0014.jpg,2_4,37551
2_4_0015.jpg,2_4,16234
2_4_0016.jpg,2_4,12226
2_4_0017.jpg,2_4,9928
2_4_0018.jpg,2_4,11399
2_4_0019.jpg,2_4,10119
2_4_0020.jpg,2_4,20971
2_4_0021.jpg,2_4,35099
2_4_0022.jpg,2_4,41708
2_4_0023.jpg,2_4,48369
2_4_0024.jpg,2_4,7578
2_4_0025.jpg,2_4,38244
2_4_0026.jpg,2_4,14045
2_4_0027.jpg,2_4,25408
2_4_0028.jpg,2_4,47923
2_4_0029.jpg,2_4,18345
2_4_0030.jpg,2_4,41726
2_4_0031.jpg,2_4,7448
2_4_0032.jpg,2_4,29558
2_4_0033.jpg,2_4,38437
2_4_0034.jpg,2_4,29412
2_4_0035.jpg,2_4,29413
2_4_0036.jpg,2_4,12223
2_4_0037.jpg,2_4,34616
2_4_0038.jpg,2_4,10210
2_4_0039.jpg,2_4,37744
2_4_0040.jpg,2_4,50647
2_4_0041.jpg,2_4,25064
2_4_0042.jpg,2_4,774
2_4_0043.jpg,2_4,14745
2_4_0044.jpg,2_4,2186
2_4_0045.jpg,2_4,9186
2_4_0046.jpg,2_4,34211
2_4_0047.jpg,2_4,34666
2_4_0048.jpg,2_4,10209
2_4_0049.jpg,2_4,9451
2_4_0050.jpg,2_4,37422
2_4_0051.jpg,2_4,31015
2_4_0052.jpg,2_4,1725
2_4_0053.jpg,2_4,34205
2_4_0054.jpg,2_4,9833
2_4_0055.jpg,2_4,3233
2_4_0056.jpg,2_4,10737
2_4_0057.jpg,2_4,15429
2_4_0058.jpg,2_4,11115
2_4_0059.jpg,2_4,31372
2_4_0060.jpg,2_4,24751
2_4_0061.jpg,2_4,35000
2_4_0062.jpg,2_4,33670
2_4_0063.jpg,2_4,37525
2_4_0064.jpg,2_4,758
2_4_0065.jpg,2_4,41723
2_4_0066.jpg,2_4,42008
2_4_0067.jpg,2_4,38247
2_4_0068.jpg,2_4,48842
2_4_0069.jpg,2_4,16333
2_4_0070.jpg,2_4,4310
2_4_0071.jpg,2_4,12553
2_4_0072.jpg,2_4,27818
2_4_0073.jpg,2_4,35286
2_4_0074.jpg,2_4,29343
2_4_0075.jpg,2_4,52889
2_4_0076.jpg,2_4,54999
2_4_0077.jpg,2_4,10812
2_4_0078.jpg,2_4,12586
2_4_0079.jpg,2_4,50185
2_4_0080.jpg,2_4,25063
2_4_0081.jpg,2_4,35095
2_4_0082.jpg,2_4,9738
2_4_0083.jpg,2_4,45675
2_4_0084.jpg,2_4,34484
2_4_0085.jpg,2_4,48645
2_4_0086.jpg,2_4,44742
2_4_0087.jpg,2_4,11230
2_4_0088.jpg,2_4,37024
2_4_0089.jpg,2_4,38237
2_4_0090.jpg,2_4,31008
2_4_0091.jpg,2_4,15616
2_4_0092.jpg,2_4,10765
2_4_0093.jpg,2_4,41952
2_4_0094.jpg,2_4,38690
2_4_0095.jpg,2_4,19809
2_4_0096.jpg,2_4,28732
2_4_0097.jpg,2_4,34890
2_4_0098.jpg,2_4,54865
2_4_0099.jpg,2_4,3586
2_4_0100.jpg,2_4,14043
2_4_0101.jpg,2_4,23207
2_4_0102.jpg,2_4,23656
2_4_0103.jpg,2_4,9391
2_4_0104.jpg,2_4,6560
2_4_0105.jpg,2_4,749
2_4_0106.jpg,2_4,12002
2_4_0107.jpg,2_4,31693
2_4_0108.jpg,2_4,52215
2_4_0109.jpg,2_4,30694
2_4_0110.jpg,2_4,38683
2_4_0111.jpg,2_4,25872
2_4_0112.jpg,2_4,49858
2_4_0113.jpg,2_4,9925
2_4_0114.jpg,2_4,35282
2_4_0115.jpg,2_4,5645
2_4_0116.jpg,2_4,11104
2_4_0117.jpg,2_4,29390
2_4_0118.jpg,2_4,35493
2_4_0119.jpg,2_4,35002
2_4_0120.jpg,2_4,1724
2_4_0121.jpg,2_4,45266
2_4_0122.jpg,2_4,32377
2_4_0123.jpg,2_4,30690
2_4_0124.jpg,2_4,44375
2_4_0125.jpg,2_4,7554
2_4_0126.jpg,2_4,5296
2_4_0127.jpg,2_4,29561
2_4_0128.jpg,2_4,38196
2_4_0129.jpg,2_4,9197
2_4_0130.jpg,2_4,35106
2_4_0131.jpg,2_4,32784
2_4_0132.jpg,2_4,50010
2_4_0133.jpg,2_4,64
2_4_0134.jpg,2_4,44968
2_4_0135.jpg,2_4,38521
2_4_0136.jpg,2_4,38093
2_4_0137.jpg,2_4,26378
2_4_0138.jpg,2_4,31689
2_4_0139.jpg,2_4,25953
2_4_0140.jpg,2_4,22375
2_4_0141.jpg,2_4,2187
2_4_0142.jpg,2_4,39350
2_4_0143.jpg,2_4,32370
2_4_0144.jpg,2_4,26184
2_4_0145.jpg,2_4,14041
2_4_0146.jpg,2_4,45807
2_4_0147.jpg,2_4,59143
2_4_0148.jpg,2_4,45434
2_4_0149.jpg,2_4,44847
2_4_0150.jpg,2_4,23275
2_4_0151.jpg,2_4,20368
2_4_0152.jpg,2_4,34569
2_4_0153.jpg,2_4,45871
2_4_0154.jpg,2_4,43396
2_4_0155.jpg,2_4,44515
2_4_0156.jpg,2_4,51566
2_4_0157.jpg,2_4,39346
2_4_0158.jpg,2_4,34253
2_4_0159.jpg,2_4,5866
2_4_0160.jpg,2_4,25996
2_4_0161.jpg,2_4,9435
2_4_0162.jpg,2_4,15272
2_4_0163.jpg,2_4,29395
2_4_0164.jpg,2_4,44615
2_4_0165.jpg,2_4,14185
2_4_0166.jpg,2_4,4071
2_4_0167.jpg,2_4,16332
2_4_0168.jpg,2_4,34996
2_4_0169.jpg,2_4,33041
2_4_0170.jpg,2_4,25054
2_4_0171.jpg,2_4,15427
2_4_0172.jpg,2_4,11485
2_4_0173.jpg,2_4,116
2_4_0174.jpg,2_4,40712
2_4_0175.jpg,2_4,43571
2_4_0176.jpg,2_4,45431
2_4_0177.jpg,2_4,125
2_4_0178.jpg,2_4,34265
2_4_0179.jpg,2_4,31692
2_4_0180.jpg,2_4,7555
2_4_0181.jpg,2_4,31619
2_4_0182.jpg,2_4,52002
2_4_0183.jpg,2_4,22786
2_4_0184.jpg,2_4,38176
2_4_0185.jpg,2_4,12083
2_4_0186.jpg,2_4,38748
2_4_0187.jpg,2_4,45870
2_4_0188.jpg,2_4,17861
2_4_0189.jpg,2_4,25055
2_4_0190.jpg,2_4,55137
2_4_0191.jpg,2_4,6382
2_4_0192.jpg,2_4,10097
2_4_0193.jpg,2_4,25999
2_4_0194.jpg,2_4,38152
2_4_0195.jpg,2_4,34496
2_4_0196.jpg,2_4,15266
2_4_0197.jpg,2_4,15575
2_4_0198.jpg,2_4,32728
2_4_0199.jpg,2_4,25987
2_4_0200.jpg,2_4,33753
2_4_0201.jpg,2_4,21226
2_4_0202.jpg,2_4,35481
2_4_0203.jpg,2_4,16122
2_4_0204.jpg,2_4,38611
2_4_0205.jpg,2_4,24060
2_4_0206.jpg,2_4,44456
2_4_0207.jpg,2_4,12071
2_4_0208.jpg,2_4,25305
2_4_0209.jpg,2_4,33195
2_4_0210.jpg,2_4,52815
2_4_0211.jpg,2_4,33540
2_4_0212.jpg,2_4,29562
2_4_0213.jpg,2_4,11110
2_4_0214.jpg,2_4,22374
2_4_0215.jpg,2_4,33591
2_4_0216.jpg,2_4,33279
2_4_0217.jpg,2_4,29567
2_4_0218.jpg,2_4,15267
2_4_0219.jpg,2_4,16859
2_4_0220.jpg,2_4,34264
2_4_0221.jpg,2_4,19818
2_4_0222.jpg,2_4,44962
2_4_0223.jpg,2_4,39617
2_4_0224.jpg,2_4,24064
2_4_0225.jpg,2_4,42763
2_4_0226.jpg,2_4,9465
2_4_0227.jpg,2_4,52217
2_4_0228.jpg,2_4,7581
2_4_0229.jpg,2_4,44121
2_4_0230.jpg,2_4,52887
2_4_0231.jpg,2_4,26748
2_4_0232.jpg,2_4,45263
2_4_0233.jpg,2_4,39527
2_4_0234.jpg,2_4,10635
2_4_0235.jpg,2_4,6028
2_4_0236.jpg,2_4,12343
2_4_0237.jpg,2_4,30752
2_4_0238.jpg,2_4,24149
2_4_0239.jpg,2_4,45283
2_4_0240.jpg,2_4,19608
2_4_0241.jpg,2_4,45749
2_4_0242.jpg,2_4,33189
2_4_0243.jpg,2_4,35490
2_4_0244.jpg,2_4,39348
2_4_0245.jpg,2_4,52834
2_4_0246.jpg,2_4,39623
2_4_0247.jpg,2_4,2996
2_4_0248.jpg,2_4,10208
2_4_0249.jpg,2_4,23720
2_4_0250.jpg,2_4,37460
2_4_0251.jpg,2_4,115
2_4_0252.jpg,2_4,51797
2_4_0253.jpg,2_4,4573
2_4_0254.jpg,2_4,48939
2_4_0255.jpg,2_4,9753
2_4_0256.jpg,2_4,29344
2_4_0257.jpg,2_4,35091
2_4_0258.jpg,2_4,26406
2_4_0259.jpg,2_4,4527
2_4_0260.jpg,2_4,3477
2_4_0261.jpg,2_4,15610
2_4_0262.jpg,2_4,12649
2_4_0263.jpg,2_4,22376
2_4_0264.jpg,2_4,4017
2_4_0265.jpg,2_4,35409
2_4_0266.jpg,2_4,1719
2_4_0267.jpg,2_4,41954
2_4_0268.jpg,2_4,23600
2_4_0269.jpg,2_4,24150
2_4_0270.jpg,2_4,35489
2_4_0271.jpg,2_4,38183
2_4_0272.jpg,2_4,31625
2_4_0273.jpg,2_4,16369
2_4_0274.jpg,2_4,40849
2_4_0275.jpg,2_4,34993
2_4_0276.jpg,2_4,3240
2_4_0277.jpg,2_4,44959
2_4_0278.jpg,2_4,48644
2_4_0279.jpg,2_4,11076
2_4_0280.jpg,2_4,37537
2_4_0281.jpg,2_4,30454
2_4_0282.jpg,2_4,26424
2_4_0283.jpg,2_4,499
2_4_0284.jpg,2_4,12000
2_4_0285.jpg,2_4,38186
2_4_0286.jpg,2_4,45868
2_4_0287.jpg,2_4,31378
2_4_0288.jpg,2_4,16367
2_4_0289.jpg,2_4,11742
2_4_0290.jpg,2_4,1377
2_4_0291.jpg,2_4,45267
2_4_0292.jpg,2_4,35001
2_4_0293.jpg,2_4,31007
2_4_0294.jpg,2_4,31368
2_4_0295.jpg,2_4,39522
2_4_0296.jpg,2_4,14050
2_4_0297.jpg,2_4,35494
2_4_0298.jpg,2_4,10807
2_4_0299.jpg,2_4,38431
2_4_0300.jpg,2_4,1585
2_4_0301.jpg,2_4,20845
2_4_0302.jpg,2_4,14496
2_4_0303.jpg,2_4,38177
2_4_0304.jpg,2_4,61
2_4_0305.jpg,2_4,55138
2_4_0306.jpg,2_4,4503
2_4_0307.jpg,2_4,16125
2_4_0308.jpg,2_4,45191
2_4_0309.jpg,2_4,24145
2_4_0310.jpg,2_4,20429
2_4_0311.jpg,2_4,38357
2_4_0312.jpg,2_4,23948
2_4_0313.jpg,2_4,53807
2_4_0314.jpg,2_4,34556
2_4_0315.jpg,2_4,11993
2_4_0316.jpg,2_4,31376
2_4_0317.jpg,2_4,721
2_4_0318.jpg,2_4,42768
2_4_0319.jpg,2_4,39609
2_4_0320.jpg,2_4,52888
2_4_0321.jpg,2_4,4569
2_4_0322.jpg,2_4,33185
2_4_0323.jpg,2_4,16337
2_4_0324.jpg,2_4,42000
2_4_0325.jpg,2_4,51743
2_4_0326.jpg,2_4,34485
2_4_0327.jpg,2_4,20212
2_4_0328.jpg,2_4,20210
2_4_0329.jpg,2_4,16127
2_4_0330.jpg,2_4,12847
2_4_0331.jpg,2_4,35285
2_4_0332.jpg,2_4,11741
2_4_0333.jpg,2_4,28865
2_4_0334.jpg,2_4,24537
2_4_0335.jpg,2_4,34216
2_4_0336.jpg,2_4,113
2_4_0337.jpg,2_4,15574
2_4_0338.jpg,2_4,11075
2_4_0339.jpg,2_4,24758
2_4_0340.jpg,2_4,30742
2_4_0341.jpg,2_4,51793
2_4_0342.jpg,2_4,33589
2_4_0343.jpg,2_4,3804
2_4_0344.jpg,2_4,30689
2_4_0345.jpg,2_4,16588
2_4_0346.jpg,2_4,19614
2_4_0347.jpg,2_4,7552
2_4_0348.jpg,2_4,45809
2_4_0349.jpg,2_4,31018
2_4_0350.jpg,2_4,52038
2_4_0351.jpg,2_4,32738
2_4_0352.jpg,2_4,45670
2_4_0353.jpg,2_4,47083
2_4_0354.jpg,2_4,15089
2_4_0355.jpg,2_4,39241
2_4_0356.jpg,2_4,26635
2_4_0357.jpg,2_4,22813
2_4_0358.jpg,2_4,33668
2_4_0359.jpg,2_4,29566
2_4_0360.jpg,2_4,44876
2_4_0361.jpg,2_4,14614
2_4_0362.jpg,2_4,44468
2_4_0363.jpg,2_4,19613
2_4_0364.jpg,2_4,45028
2_4_0365.jpg,2_4,29053
2_4_0366.jpg,2_4,38616
2_4_0367.jpg,2_4,29061
2_4_0368.jpg,2_4,34559
2_4_0369.jpg,2_4,923
2_4_0370.jpg,2_4,52119
2_4_0371.jpg,2_4,7549
2_4_0372.jpg,2_4,15428
2_4_0373.jpg,2_4,3539
2_4_0374.jpg,2_4,23593
2_4_0375.jpg,2_4,37450
2_4_0376.jpg,2_4,45296
2_4_0377.jpg,2_4,12590
2_4_0378.jpg,2_4,38444
2_4_0379.jpg,2_4,39535
2_4_0380.jpg,2_4,51089
2_4_0381.jpg,2_4,51796
2_4_0382.jpg,2_4,25302
2_4_0383.jpg,2_4,48218
2_4_0384.jpg,2_4,31371
2_4_0385.jpg,2_4,32727
2_4_0386.jpg,2_4,216
2_4_0387.jpg,2_4,39533
2_4_0388.jpg,2_4,15611
2_4_0389.jpg,2_4,14876
2_4_0390.jpg,2_4,16455
2_4_0391.jpg,2_4,5295
2_4_0392.jpg,2_4,24142
2_4_0393.jpg,2_4,38430
2_4_0394.jpg,2_4,44125
2_4_0395.jpg,2_4,19717
2_4_0396.jpg,2_4,3926
2_4_0397.jpg,2_4,33278
2_4_0398.jpg,2_4,11109
2_4_0399.jpg,2_4,29392
2_4_0400.jpg,2_4,17254
2_4_0401.jpg,2_4,20484
2_4_0402.jpg,2_4,12583
2_4_0403.jpg,2_4,54441
2_4_0404.jpg,2_4,15673
2_4_0405.jpg,2_4,11235
2_4_0406.jpg,2_4,43682
2_4_0407.jpg,2_4,38624
2_4_0408.jpg,2_4,11489
2_4_0409.jpg,2_4,30551
2_4_0410.jpg,2_4,42769
2_4_0411.jpg,2_4,11990
2_4_0412.jpg,2_4,14216
2_4_0413.jpg,2_4,42762
2_4_0414.jpg,2_4,14609
2_4_0415.jpg,2_4,15620
2_4_0416.jpg,2_4,12109
2_4_0417.jpg,2_4,14040
2_4_0418.jpg,2_4,12067
2_4_0419.jpg,2_4,15022
2_4_0420.jpg,2_4,36407
2_4_0421.jpg,2_4,20628
2_4_0422.jpg,2_4,10104
2_4_0423.jpg,2_4,45171
2_4_0424.jpg,2_4,46532
2_4_0425.jpg,2_4,7928
2_4_0426.jpg,2_4,4011
2_4_0427.jpg,2_4,38440
2_4_0428.jpg,2_4,38313
2_4_0429.jpg,2_4,29812
2_4_0430.jpg,2_4,49853
2_4_0431.jpg,2_4,58211
2_4_0432.jpg,2_4,44609
2_4_0433.jpg,2_4,32793
2_4_0434.jpg,2_4,2155
2_4_0435.jpg,2_4,52218
2_4_0436.jpg,2_4,22621
2_4_0437.jpg,2_4,36745
2_4_0438.jpg,2_4,17859
2_4_0439.jpg,2_4,29811
2_4_0440.jpg,2_4,34215
2_4_0441.jpg,2_4,15796
2_4_0442.jpg,2_4,29804
2_4_0443.jpg,2_4,11236
2_4_0444.jpg,2_4,45281
2_4_0445.jpg,2_4,31009
2_4_0446.jpg,2_4,16230
2_4_0447.jpg,2_4,24063
2_4_0448.jpg,2_4,12650
2_4_0449.jpg,2_4,44139
2_4_0450.jpg,2_4,34256
2_4_0451.jpg,2_4,9188
2_4_0452.jpg,2_4,3014
2_4_0453.jpg,2_4,31732
2_4_0454.jpg,2_4,25986
2_4_0455.jpg,2_4,29410
2_4_0456.jpg,2_4,32790
2_4_0457.jpg,2_4,1355
2_4_0458.jpg,2_4,30687
2_4_0459.jpg,2_4,20209
2_4_0460.jpg,2_4,23942
2_4_0461.jpg,2_4,38694
2_4_0462.jpg,2_4,45030
2_4_0463.jpg,2_4,11074
2_4_0464.jpg,2_4,28875
2_4_0465.jpg,2_4,7962
2_4_0466.jpg,2_4,48378
2_4_0467.jpg,2_4,48841
2_4_0468.jpg,2_4,29058
2_4_0469.jpg,2_4,17860
2_4_0470.jpg,2_4,38860
2_4_0471.jpg,2_4,166
2_4_0472.jpg,2_4,706
2_4_0473.jpg,2_4,38432
2_4_0474.jpg,2_4,54866
2_4_0475.jpg,2_4,23213
2_4_0476.jpg,2_4,34477
2_4_0477.jpg,2_4,6030
2_4_0478.jpg,2_4,18256
2_4_0479.jpg,2_4,20854
2_4_0480.jpg,2_4,35484
2_4_0481.jpg,2_4,15435
2_4_0482.jpg,2_4,11400
2_4_0483.jpg,2_4,33151
2_4_0484.jpg,2_4,15583
2_4_0485.jpg,2_4,14330
2_4_0486.jpg,2_4,15674
2_4_0487.jpg,2_4,53045
2_4_0488.jpg,2_4,35486
2_4_0489.jpg,2_4,19811
2_4_0490.jpg,2_4,21228
2_4_0491.jpg,2_4,11243
2_4_0492.jpg,2_4,30550
2_4_0493.jpg,2_4,25989
2_4_0494.jpg,2_4,12222
2_4_0495.jpg,2_4,25869
2_4_0496.jpg,2_4,45684
2_4_0497.jpg,2_4,44374
2_4_0498.jpg,2_4,22625
2_4_0499.jpg,2_4,21224
2_4_0500.jpg,2_4,50645
2_4_0501.jpg,2_4,16187
2_4_0502.jpg,2_4,27826
2_4_0503.jpg,2_4,11114
2_4_0504.jpg,2_4,33858
2_4_0505.jpg,2_4,9387
2_4_0506.jpg,2_4,34251
2_4_0507.jpg,2_4,38692
2_4_0508.jpg,2_4,14038
2_4_0509.jpg,2_4,5993
2_4_0510.jpg,2_4,41768
2_4_0511.jpg,2_4,15676
2_4_0512.jpg,2_4,14221
2_4_0513.jpg,2_4,33281
2_4_0514.jpg,2_4,26381
2_4_0515.jpg,2_4,23274
2_4_0516.jpg,2_4,11749
2_4_0517.jpg,2_4,9755
2_4_0518.jpg,2_4,42954
2_4_0519.jpg,2_4,52831
2_4_0520.jpg,2_4,29359
2_4_0521.jpg,2_4,45685
2_4_0522.jpg,2_4,11082
2_4_0523.jpg,2_4,25956
2_4_0524.jpg,2_4,30554
2_4_0525.jpg,2_4,9450
2_4_0526.jpg,2_4,37427
2_4_0527.jpg,2_4,31373
2_4_0528.jpg,2_4,32489
2_4_0529.jpg,2_4,41767
2_4_0530.jpg,2_4,45690
2_4_0531.jpg,2_4,29776
2_4_0532.jpg,2_4,16752
2_4_0533.jpg,2_4,15092
2_4_0534.jpg,2_4,33664
2_4_0535.jpg,2_4,33838
2_4_0536.jpg,2_4,2382
2_4_0537.jpg,2_4,24065
2_4_0538.jpg,2_4,5872
2_4_0539.jpg,2_4,38865
2_4_0540.jpg,2_4,10643
2_4_0541.jpg,2_4,3273
2_4_0542.jpg,2_4,12429
2_4_0543.jpg,2_4,15271
2_4_0544.jpg,2_4,45672
2_4_0545.jpg,2_4,37423
2_4_0546.jpg,2_4,52821
2_4_0547.jpg,2_4,27822
2_4_0548.jpg,2_4,43576
2_4_0549.jpg,2_4,18470
2_4_0550.jpg,2_4,15436
2_4_0551.jpg,2_4,20851
2_4_0552.jpg,2_4,20848
2_4_0553.jpg,2_4,33596
2_4_0554.jpg,2_4,51747
2_4_0555.jpg,2_4,46258
2_4_0556.jpg,2_4,19817
2_4_0557.jpg,2_4,763
2_4_0558.jpg,2_4,25299
2_4_0559.jpg,2_4,8062
2_4_0560.jpg,2_4,20379
2_4_0561.jpg,2_4,38526
2_4_0562.jpg,2_4,52822
2_4_0563.jpg,2_4,11986
2_4_0564.jpg,2_4,45236
2_4_0565.jpg,2_4,44743
2_4_0566.jpg,2_4,38095
2_4_0567.jpg,2_4,38092
2_4_0568.jpg,2_4,32781
2_4_0569.jpg,2_4,11073
2_4_0570.jpg,2_4,48032
2_4_0571.jpg,2_4,20604
2_4_0572.jpg,2_4,18255
2_4_0573.jpg,2_4,38428
2_4_0574.jpg,2_4,31005
2_4_0575.jpg,2_4,29779
2_4_0576.jpg,2_4,42766
2_4_0577.jpg,2_4,26749
2_4_0578.jpg,2_4,45288
2_4_0579.jpg,2_4,44614
2_4_0580.jpg,2_4,35488
2_4_0581.jpg,2_4,49499
2_4_0582.jpg,2_4,29153
2_4_0583.jpg,2_4,37442
2_4_0584.jpg,2_4,9750
2_4_0585.jpg,2_4,52895
2_4_0586.jpg,2_4,37538
2_4_0587.jpg,2_4,18923
2_4_0588.jpg,2_4,25957
2_4_0589.jpg,2_4,37429
2_4_0590.jpg,2_4,35483
2_4_0591.jpg,2_4,33859
2_4_0592.jpg,2_4,24748
2_4_0593.jpg,2_4,3719
2_4_0594.jpg,2_4,4014
2_4_0595.jpg,2_4,10636
2_4_0596.jpg,2_4,19814
2_4_0597.jpg,2_4,13933
2_4_0598.jpg,2_4,17253
2_4_0599.jpg,2_4,17865
2_4_0600.jpg,2_4,38158
2_4_0601.jpg,2_4,16566
2_4_0602.jpg,2_4,40844
2_4_0603.jpg,2_4,15664
2_4_0604.jpg,2_4,35281
2_4_0605.jpg,2_4,37557
2_4_0606.jpg,2_4,23950
2_4_0607.jpg,2_4,15722
2_4_0608.jpg,2_4,26716
2_4_0609.jpg,2_4,20978
2_4_0610.jpg,2_4,34560
2_4_0611.jpg,2_4,31624
2_4_0612.jpg,2_4,27824
2_4_0613.jpg,2_4,25405
2_4_0614.jpg,2_4,10764
2_4_0615.jpg,2_4,44933
2_4_0616.jpg,2_4,777
2_4_0617.jpg,2_4,8422
2_4_0618.jpg,2_4,42007
2_4_0619.jpg,2_4,45438
2_4_0620.jpg,2_4,38248
2_4_0621.jpg,2_4,15190
2_4_0622.jpg,2_4,44877
2_4_0623.jpg,2_4,49944
2_4_0624.jpg,2_4,44879
2_4_0625.jpg,2_4,10739
2_4_0626.jpg,2_4,24059
2_4_0627.jpg,2_4,6087
2_4_0628.jpg,2_4,5642
2_4_0629.jpg,2_4,3476
2_4_0630.jpg,2_4,29361
2_4_0631.jpg,2_4,44958
2_4_0632.jpg,2_4,3013
2_4_0633.jpg,2_4,790
2_4_0634.jpg,2_4,42790
2_4_0635.jpg,2_4,31698
2_4_0636.jpg,2_4,4068
2_4_0637.jpg,2_4,6124
2_4_0638.jpg,2_4,15582
2_4_0639.jpg,2_4,36405
2_4_0640.jpg,2_4,10102
2_4_0641.jpg,2_4,4102
2_4_0642.jpg,2_4,48370
2_4_0643.jpg,2_4,23724
2_4_0644.jpg,2_4,17134
2_4_0645.jpg,2_4,52121
2_4_0646.jpg,2_4,14873
2_4_0647.jpg,2_4,16335
2_4_0648.jpg,2_4,26709
2_4_0649.jpg,2_4,37071
2_4_0650.jpg,2_4,9074
2_4_0651.jpg,2_4,44844
2_4_0652.jpg,2_4,31737
2_4_0653.jpg,2_4,53041
2_4_0654.jpg,2_4,928
2_4_0655.jpg,2_4,1501
2_4_0656.jpg,2_4,45286
2_4_0657.jpg,2_4,20739
2_4_0658.jpg,2_4,44967
2_4_0659.jpg,2_4,29391
2_4_0660.jpg,2_4,29167
2_4_0661.jpg,2_4,45192
2_4_0662.jpg,2_4,15746
2_4_0663.jpg,2_4,45440
2_4_0664.jpg,2_4,43568
2_4_0665.jpg,2_4,9453
2_4_0666.jpg,2_4,52126
2_4_0667.jpg,2_4,52214
2_4_0668.jpg,2_4,11103
2_4_0669.jpg,2_4,34617
2_4_0670.jpg,2_4,49338
2_4_0671.jpg,2_4,28873
2_4_0672.jpg,2_4,37428
2_4_0673.jpg,2_4,50184
2_4_0674.jpg,2_4,33672
2_4_0675.jpg,2_4,26404
2_4_0676.jpg,2_4,31696
2_4_0677.jpg,2_4,37535
2_4_0678.jpg,2_4,37534
2_4_0679.jpg,2_4,32488
2_4_0680.jpg,2_4,17135
2_4_0681.jpg,2_4,45172
2_4_0682.jpg,2_4,53042
2_4_0683.jpg,2_4,32786
2_4_0684.jpg,2_4,12851
2_4_0685.jpg,2_4,4532
2_4_0686.jpg,2_4,26631
2_4_0687.jpg,2_4,17128
2_4_0688.jpg,2_4,44934
2_4_0689.jpg,2_4,25301
2_4_0690.jpg,2_4,44465
2_4_0691.jpg,2_4,10103
2_4_0692.jpg,2_4,16812
2_4_0693.jpg,2_4,48845
2_4_0694.jpg,2_4,60
2_4_0695.jpg,2_4,31695
2_4_0696.jpg,2_4,9458
2_4_0697.jpg,2_4,19815
2_4_0698.jpg,2_4,16370
2_4_0699.jpg,2_4,29254
2_4_0700.jpg,2_4,32724
2_4_0701.jpg,2_4,45031
2_4_0702.jpg,2_4,51991
2_4_0703.jpg,2_4,29808
2_4_0704.jpg,2_4,52047
2_4_0705.jpg,2_4,16693
2_4_0706.jpg,2_4,214
2_4_0707.jpg,2_4,26193
2_4_0708.jpg,2_4,16582
2_4_0709.jpg,2_4,34991
2_4_0710.jpg,2_4,14049
2_4_0711.jpg,2_4,51996
2_4_0712.jpg,2_4,33149
2_4_0713.jpg,2_4,22779
2_4_0714.jpg,2_4,11406
2_4_0715.jpg,2_4,51752
2_4_0716.jpg,2_4,33597
2_4_0717.jpg,2_4,26414
2_4_0718.jpg,2_4,23946
2_4_0719.jpg,2_4,15088
2_4_0720.jpg,2_4,10642
2_4_0721.jpg,2_4,41597
2_4_0722.jpg,2_4,37737
2_4_0723.jpg,2_4,42656
2_4_0724.jpg,2_4,52886
2_4_0725.jpg,2_4,12591
2_4_0726.jpg,2_4,52203
2_4_0727.jpg,2_4,45629
2_4_0728.jpg,2_4,25959
2_4_0729.jpg,2_4,37066
2_4_0730.jpg,2_4,14499
2_4_0731.jpg,2_4,54428
2_4_0732.jpg,2_4,44936
2_4_0733.jpg,2_4,39240
2_4_0734.jpg,2_4,38684
2_4_0735.jpg,2_4,15724
2_4_0736.jpg,2_4,16361
2_4_0737.jpg,2_4,38090
2_4_0738.jpg,2_4,32480
2_4_0739.jpg,2_4,15672
2_4_0740.jpg,2_4,25304
2_4_0741.jpg,2_4,11404
2_4_0742.jpg,2_4,3585
2_4_0743.jpg,2_4,11234
2_4_0744.jpg,2_4,9459
2_4_0745.jpg,2_4,16514
2_4_0746.jpg,2_4,7309
2_4_0747.jpg,2_4,37522
2_4_0748.jpg,2_4,28868
2_4_0749.jpg,2_4,36404
2_4_0750.jpg,2_4,28729
2_4_0751.jpg,2_4,15744
2_4_0752.jpg,2_4,39532
2_4_0753.jpg,2_4,37021
2_4_0754.jpg,2_4,29809
2_4_0755.jpg,2_4,11403
2_4_0756.jpg,2_4,17889
2_4_0757.jpg,2_4,761
2_4_0758.jpg,2_4,9936
2_4_0759.jpg,2_4,2521
2_4_0760.jpg,2_4,55001
2_4_0761.jpg,2_4,773
2_4_0762.jpg,2_4,11257
2_4_0763.jpg,2_4,6058
2_4_0764.jpg,2_4,16327
2_4_0765.jpg,2_4,59144
2_4_0766.jpg,2_4,43328
2_4_0767.jpg,2_4,26421
2_4_0768.jpg,2_4,165
2_4_0769.jpg,2_4,14186
2_4_0770.jpg,2_4,48034
2_4_0771.jpg,2_4,9930
2_4_0772.jpg,2_4,719
2_4_0773.jpg,2_4,30451
2_4_0774.jpg,2_4,12555
2_4_0775.jpg,2_4,45676
2_4_0776.jpg,2_4,25874
2_4_0777.jpg,2_4,17192
2_4_0778.jpg,2_4,30549
2_4_0779.jpg,2_4,22622
2_4_0780.jpg,2_4,44127
2_4_0781.jpg,2_4,39347
2_4_0782.jpg,2_4,1284
2_4_0783.jpg,2_4,55002
2_4_0784.jpg,2_4,4018
2_4_0785.jpg,2_4,9756
2_4_0786.jpg,2_4,54432
2_4_0787.jpg,2_4,15660
2_4_0788.jpg,2_4,23766
2_4_0789.jpg,2_4,43683
2_4_0790.jpg,2_4,32951
2_4_0791.jpg,2_4,29337
2_4_0792.jpg,2_4,11229
2_4_0793.jpg,2_4,11608
2_4_0794.jpg,2_4,45872
2_4_0795.jpg,2_4,23277
2_4_0796.jpg,2_4,710
2_4_0797.jpg,2_4,8076
2_4_0798.jpg,2_4,15019
2_4_0799.jpg,2_4,23602
2_4_0800.jpg,2_4,26636
2_4_0801.jpg,2_4,14872
2_4_0802.jpg,2_4,53013
2_4_0803.jpg,2_4,11987
2_4_0804.jpg,2_4,45804
2_4_0805.jpg,2_4,5341
2_4_0806.jpg,2_4,49501
2_4_0807.jpg,2_4,38325
2_4_0808.jpg,2_4,12212
2_4_0809.jpg,2_4,29358
2_4_0810.jpg,2_4,53038
2_4_0811.jpg,2_4,45805
2_4_0812.jpg,2_4,17194
2_4_0813.jpg,2_4,17908
2_4_0814.jpg,2_4,10199
2_4_0815.jpg,2_4,37421
2_4_0816.jpg,2_4,2154
2_4_0817.jpg,2_4,48033
2_4_0818.jpg,2_4,43399
2_4_0819.jpg,2_4,8077
2_4_0820.jpg,2_4,15200
2_4_0821.jpg,2_4,29465
2_4_0822.jpg,2_4,37530
2_4_0823.jpg,2_4,16689
2_4_0824.jpg,2_4,11985
2_4_0825.jpg,2_4,20849
2_4_0826.jpg,2_4,50187
2_4_0827.jpg,2_4,38345
2_4_0828.jpg,2_4,12580
2_4_0829.jpg,2_4,7435
2_4_0830.jpg,2_4,14305
2_4_0831.jpg,2_4,37447
2_4_0832.jpg,2_4,26401
2_4_0833.jpg,2_4,18252
2_4_0834.jpg,2_4,720
2_4_0835.jpg,2_4,52077
2_4_0836.jpg,2_4,48221
2_4_0837.jpg,2_4,34493
2_4_0838.jpg,2_4,7927
2_4_0839.jpg,2_4,23952
2_4_0840.jpg,2_4,14613
2_4_0841.jpg,2_4,213
2_4_0842.jpg,2_4,39232
2_4_0843.jpg,2_4,34478
2_4_0844.jpg,2_4,29386
2_4_0845.jpg,2_4,34889
2_4_0846.jpg,2_4,10098
2_4_0847.jpg,2_4,39534
2_4_0848.jpg,2_4,41905
2_4_0849.jpg,2_4,15018
2_4_0850.jpg,2_4,10120
2_4_0851.jpg,2_4,30555
2_4_0852.jpg,2_4,4574
2_4_0853.jpg,2_4,45695
2_4_0854.jpg,2_4,50517
2_4_0855.jpg,2_4,37065
2_4_0856.jpg,2_4,44482
2_4_0857.jpg,2_4,3272
2_4_0858.jpg,2_4,20607
2_4_0859.jpg,2_4,52004
2_4_0860.jpg,2_4,10094
2_4_0861.jpg,2_4,32729
2_4_0862.jpg,2_4,6492
2_4_0863.jpg,2_4,9071
2_4_0864.jpg,2_4,29781
2_4_0865.jpg,2_4,39608
2_4_0866.jpg,2_4,43677
2_4_0867.jpg,2_4,33588
2_4_0868.jpg,2_4,39237
2_4_0869.jpg,2_4,41993
2_4_0870.jpg,2_4,26422
2_4_0871.jpg,2_4,11611
2_4_0872.jpg,2_4,770
2_4_0873.jpg,2_4,22816
2_4_0874.jpg,2_4,20824
2_4_0875.jpg,2_4,54438
2_4_0876.jpg,2_4,15091
2_4_0877.jpg,2_4,2056
2_4_0878.jpg,2_4,29770
2_4_0879.jpg,2_4,26416
2_4_0880.jpg,2_4,33590
2_4_0881.jpg,2_4,16590
2_4_0882.jpg,2_4,32950
2_4_0883.jpg,2_4,29801
2_4_0884.jpg,2_4,11488
2_4_0885.jpg,2_4,33763
2_4_0886.jpg,2_4,11260
2_4_0887.jpg,2_4,33040
2_4_0888.jpg,2_4,20211
2_4_0889.jpg,2_4,17910
2_4_0890.jpg,2_4,29251
2_4_0891.jpg,2_4,16121
2_4_0892.jpg,2_4,34998
2_4_0893.jpg,2_4,45674
2_4_0894.jpg,2_4,10206
2_4_0895.jpg,2_4,3587
2_4_0896.jpg,2_4,32376
2_4_0897.jpg,2_4,41008
2_4_0898.jpg,2_4,27819
2_4_0899.jpg,2_4,16667
2_4_0900.jpg,2_4,45683
2_4_0901.jpg,2_4,32945
2_4_0902.jpg,2_4,21262
2_4_0903.jpg,2_4,28734
2_4_0904.jpg,2_4,62
2_4_0905.jpg,2_4,37528
2_4_0906.jpg,2_4,30702
2_4_0907.jpg,2_4,23210
2_4_0908.jpg,2_4,11255
2_4_0909.jpg,2_4,53071
2_4_0910.jpg,2_4,36412
2_4_0911.jpg,2_4,21128
2_4_0912.jpg,2_4,36741
2_4_0913.jpg,2_4,14495
2_4_0914.jpg,2_4,39622
2_4_0915.jpg,2_4,3474
2_4_0916.jpg,2_4,38192
2_4_0917.jpg,2_4,32783
2_4_0918.jpg,2_4,23665
2_4_0919.jpg,2_4,38438
2_4_0920.jpg,2_4,42765
2_4_0921.jpg,2_4,30469
2_4_0922.jpg,2_4,33192
2_4_0923.jpg,2_4,10095
2_4_0924.jpg,2_4,41161
2_4_0925.jpg,2_4,16331
2_4_0926.jpg,2_4,17905
2_4_0927.jpg,2_4,25059
2_4_0928.jpg,2_4,37540
2_4_0929.jpg,2_4,17903
2_4_0930.jpg,2_4,52005
2_4_0931.jpg,2_4,44471
2_4_0932.jpg,2_4,41771
2_4_0933.jpg,2_4,38194
2_4_0934.jpg,2_4,3536
2_4_0935.jpg,2_4,2189
2_4_0936.jpg,2_4,9195
2_4_0937.jpg,2_4,45673
2_4_0938.jpg,2_4,1179
2_4_0939.jpg,2_4,12001
2_4_0940.jpg,2_4,6491
2_4_0941.jpg,2_4,29771
2_4_0942.jpg,2_4,11605
2_4_0943.jpg,2_4,5871
2_4_0944.jpg,2_4,1285
2_4_0945.jpg,2_4,33856
2_4_0946.jpg,2_4,37543
2_4_0947.jpg,2_4,23718
2_4_0948.jpg,2_4,38190
2_4_0949.jpg,2_4,29800
2_4_0950.jpg,2_4,45195
2_4_0951.jpg,2_4,37060
2_4_0952.jpg,2_4,34613
2_4_0953.jpg,2_4,15385
2_4_0954.jpg,2_4,2494
2_4_0955.jpg,2_4,21258
2_4_0956.jpg,2_4,12592
2_4_0957.jpg,2_4,35283
2_4_0958.jpg,2_4,3717
2_4_0959.jpg,2_4,712
2_4_0960.jpg,2_4,12213
2_4_0961.jpg,2_4,38181
2_4_0962.jpg,2_4,29806
2_4_0963.jpg,2_4,43322
2_4_0964.jpg,2_4,29250
2_4_0965.jpg,2_4,37532
2_4_0966.jpg,2_4,3462
2_4_0967.jpg,2_4,44464
2_4_0968.jpg,2_4,33586
2_4_0969.jpg,2_4,25547
2_4_0970.jpg,2_4,21631
2_4_0971.jpg,2_4,3265
2_4_0972.jpg,2_4,36185
2_4_0973.jpg,2_4,15621
2_4_0974.jpg,2_4,32366
2_4_0975.jpg,2_4,2062
2_4_0976.jpg,2_4,3593
2_4_0977.jpg,2_4,16813
2_4_0978.jpg,2_4,4008
2_4_0979.jpg,2_4,12431
2_4_0980.jpg,2_4,31618
2_4_0981.jpg,2_4,5863
2_4_0982.jpg,2_4,6032
2_4_0983.jpg,2_4,14048
2_4_0984.jpg,2_4,32378
2_4_0985.jpg,2_4,52885
2_4_0986.jpg,2_4,11487
2_4_0987.jpg,2_4,11612
2_4_0988.jpg,2_4,31734
2_4_0989.jpg,2_4,38627
2_4_0990.jpg,2_4,33848
2_4_0991.jpg,2_4,41587
2_4_0992.jpg,2_4,51745
2_4_0993.jpg,2_4,44453
2_4_0994.jpg,2_4,33587
2_4_0995.jpg,2_4,25410
2_4_0996.jpg,2_4,6319
2_4_0997.jpg,2_4,44484
2_4_0998.jpg,2_4,34255
2_4_0999.jpg,2_4,20823
3_27_0000.jpg,3_27,54070
3_27_0001.jpg,3_27,40223
3_27_0002.jpg,3_27,56314
3_27_0003.jpg,3_27,51913
3_27_0004.jpg,3_27,38925
3_27_0005.jpg,3_27,4824
3_27_0006.jpg,3_27,11845
3_27_0007.jpg,3_27,13959
3_27_0008.jpg,3_27,46054
3_27_0009.jpg,3_27,37396
3_27_0010.jpg,3_27,42281
3_27_0011.jpg,3_27,32088
3_27_0012.jpg,3_27,49932
3_27_0013.jpg,3_27,11223
3_27_0014.jpg,3_27,44244
3_27_0015.jpg,3_27,48757
3_27_0016.jpg,3_27,39954
3_27_0017.jpg,3_27,35739
3_27_0018.jpg,3_27,29876
3_27_0019.jpg,3_27,46055
3_27_0020.jpg,3_27,31102
3_27_0021.jpg,3_27,36316
3_27_0022.jpg,3_27,37994
3_27_0023.jpg,3_27,49275
3_27_0024.jpg,3_27,39103
3_27_0025.jpg,3_27,56973
3_27_0026.jpg,3_27,30436
3_27_0027.jpg,3_27,48928
3_27_0028.jpg,3_27,19294
3_27_0029.jpg,3_27,47644
3_27_0030.jpg,3_27,45950
3_27_0031.jpg,3_27,16524
3_27_0032.jpg,3_27,36455
3_27_0033.jpg,3_27,58911
3_27_0034.jpg,3_27,57259
3_27_0035.jpg,3_27,21243
3_27_0036.jpg,3_27,35899
3_27_0037.jpg,3_27,40112
3_27_0038.jpg,3_27,40020
3_27_0039.jpg,3_27,36874
3_27_0040.jpg,3_27,140
3_27_0041.jpg,3_27,56974
3_27_0042.jpg,3_27,2268
3_27_0043.jpg,3_27,23480
3_27_0044.jpg,3_27,48658
3_27_0045.jpg,3_27,833
3_27_0046.jpg,3_27,42825
3_27_0047.jpg,3_27,8488
3_27_0048.jpg,3_27,25309
3_27_0049.jpg,3_27,224
3_27_0050.jpg,3_27,24873
3_27_0051.jpg,3_27,16589
3_27_0052.jpg,3_27,16527
3_27_0053.jpg,3_27,29875
3_27_0054.jpg,3_27,1342
3_27_0055.jpg,3_27,54633
3_27_0056.jpg,3_27,22169
3_27_0057.jpg,3_27,46274
3_27_0058.jpg,3_27,42390
3_27_0059.jpg,3_27,46392
3_27_0060.jpg,3_27,47839
3_27_0061.jpg,3_27,47935
3_27_0062.jpg,3_27,10606
3_27_0063.jpg,3_27,4650
3_27_0064.jpg,3_27,2290
3_27_0065.jpg,3_27,40264
3_27_0066.jpg,3_27,35783
3_27_0067.jpg,3_27,11200
3_27_0068.jpg,3_27,8525
3_27_0069.jpg,3_27,21875
3_27_0070.jpg,3_27,36010
3_27_0071.jpg,3_27,48184
3_27_0072.jpg,3_27,20613
3_27_0073.jpg,3_27,18373
3_27_0074.jpg,3_27,21433
3_27_0075.jpg,3_27,58284
3_27_0076.jpg,3_27,4640
3_27_0077.jpg,3_27,47838
3_27_0078.jpg,3_27,37389
3_27_0079.jpg,3_27,47821
3_27_0080.jpg,3_27,16557
3_27_0081.jpg,3_27,57034
3_27_0082.jpg,3_27,3604
3_27_0083.jpg,3_27,56935
3_27_0084.jpg,3_27,58894
3_27_0085.jpg,3_27,40621
3_27_0086.jpg,3_27,12879
3_27_0087.jpg,3_27,40864
3_27_0088.jpg,3_27,54632
3_27_0089.jpg,3_27,56315
3_27_0090.jpg,3_27,48056
3_27_0091.jpg,3_27,4654
3_27_0092.jpg,3_27,48656
3_27_0093.jpg,3_27,49570
3_27_0094.jpg,3_27,57458
3_27_0095.jpg,3_27,2289
3_27_0096.jpg,3_27,57008
3_27_0097.jpg,3_27,57267
3_27_0098.jpg,3_27,36578
3_27_0099.jpg,3_27,3609
3_27_0100.jpg,3_27,3106
3_27_0101.jpg,3_27,31815
3_27_0102.jpg,3_27,35569
3_27_0103.jpg,3_27,39435
3_27_0104.jpg,3_27,38369
3_27_0105.jpg,3_27,6068
3_27_0106.jpg,3_27,17466
3_27_0107.jpg,3_27,49749
3_27_0108.jpg,3_27,48787
3_27_0109.jpg,3_27,529
3_27_0110.jpg,3_27,49294
3_27_0111.jpg,3_27,49270
3_27_0112.jpg,3_27,36605
3_27_0113.jpg,3_27,3029
3_27_0114.jpg,3_27,25696
3_27_0115.jpg,3_27,43461
3_27_0116.jpg,3_27,2364
3_27_0117.jpg,3_27,30264
3_27_0118.jpg,3_27,44409
3_27_0119.jpg,3_27,47744
3_27_0120.jpg,3_27,10315
3_27_0121.jpg,3_27,31112
3_27_0122.jpg,3_27,42271
3_27_0123.jpg,3_27,55612
3_27_0124.jpg,3_27,16579
3_27_0125.jpg,3_27,10579
3_27_0126.jpg,3_27,2785
3_27_0127.jpg,3_27,54067
3_27_0128.jpg,3_27,57015
3_27_0129.jpg,3_27,36782
3_27_0130.jpg,3_27,39980
3_27_0131.jpg,3_27,48502
3_27_0132.jpg,3_27,48052
3_27_0133.jpg,3_27,58967
3_27_0134.jpg,3_27,4447
3_27_0135.jpg,3_27,16590
3_27_0136.jpg,3_27,39415
3_27_0137.jpg,3_27,24055
3_27_0138.jpg,3_27,36799
3_27_0139.jpg,3_27,10307
3_27_0140.jpg,3_27,8399
3_27_0141.jpg,3_27,32082
3_27_0142.jpg,3_27,3855
3_27_0143.jpg,3_27,40506
3_27_0144.jpg,3_27,47934
3_27_0145.jpg,3_27,2774
3_27_0146.jpg,3_27,46004
3_27_0147.jpg,3_27,37387
3_27_0148.jpg,3_27,21780
3_27_0149.jpg,3_27,4107
3_27_0150.jpg,3_27,37100
3_27_0151.jpg,3_27,42253
3_27_0152.jpg,3_27,39716
3_27_0153.jpg,3_27,57078
3_27_0154.jpg,3_27,6719
3_27_0155.jpg,3_27,8487
3_27_0156.jpg,3_27,40590
3_27_0157.jpg,3_27,47088
3_27_0158.jpg,3_27,14483
3_27_0159.jpg,3_27,40863
3_27_0160.jpg,3_27,36866
3_27_0161.jpg,3_27,49747
3_27_0162.jpg,3_27,57023
3_27_0163.jpg,3_27,14352
3_27_0164.jpg,3_27,47168
3_27_0165.jpg,3_27,49029
3_27_0166.jpg,3_27,57110
3_27_0167.jpg,3_27,20445
3_27_0168.jpg,3_27,19301
3_27_0169.jpg,3_27,3440
3_27_0170.jpg,3_27,21880
3_27_0171.jpg,3_27,39101
3_27_0172.jpg,3_27,58872
3_27_0173.jpg,3_27,54299
3_27_0174.jpg,3_27,48055
3_27_0175.jpg,3_27,4445
3_27_0176.jpg,3_27,5087
3_27_0177.jpg,3_27,53647
3_27_0178.jpg,3_27,38045
3_27_0179.jpg,3_27,38909
3_27_0180.jpg,3_27,35979
3_27_0181.jpg,3_27,35603
3_27_0182.jpg,3_27,14269
3_27_0183.jpg,3_27,30392
3_27_0184.jpg,3_27,33379
3_27_0185.jpg,3_27,48482
3_27_0186.jpg,3_27,49806
3_27_0187.jpg,3_27,1400
3_27_0188.jpg,3_27,57111
3_27_0189.jpg,3_27,11938
3_27_0190.jpg,3_27,35620
3_27_0191.jpg,3_27,49030
3_27_0192.jpg,3_27,39951
3_27_0193.jpg,3_27,49188
3_27_0194.jpg,3_27,10163
3_27_0195.jpg,3_27,39902
3_27_0196.jpg,3_27,2521
3_27_0197.jpg,3_27,18375
3_27_0198.jpg,3_27,14529
3_27_0199.jpg,3_27,54395
3_27_0200.jpg,3_27,36351
3_27_0201.jpg,3_27,11199
3_27_0202.jpg,3_27,4110
3_27_0203.jpg,3_27,56952
3_27_0204.jpg,3_27,3031
3_27_0205.jpg,3_27,19335
3_27_0206.jpg,3_27,49131
3_27_0207.jpg,3_27,10305
3_27_0208.jpg,3_27,23617
3_27_0209.jpg,3_27,663
3_27_0210.jpg,3_27,33230
3_27_0211.jpg,3_27,54941
3_27_0212.jpg,3_27,5040
3_27_0213.jpg,3_27,25697
3_27_0214.jpg,3_27,40053
3_27_0215.jpg,3_27,40404
3_27_0216.jpg,3_27,1352
3_27_0217.jpg,3_27,31769
3_27_0218.jpg,3_27,16264
3_27_0219.jpg,3_27,44345
3_27_0220.jpg,3_27,16487
3_27_0221.jpg,3_27,14677
3_27_0222.jpg,3_27,45984
3_27_0223.jpg,3_27,43413
3_27_0224.jpg,3_27,21708
3_27_0225.jpg,3_27,46010
3_27_0226.jpg,3_27,40623
3_27_0227.jpg,3_27,49187
3_27_0228.jpg,3_27,9663
3_27_0229.jpg,3_27,55518
3_27_0230.jpg,3_27,55634
3_27_0231.jpg,3_27,52613
3_27_0232.jpg,3_27,864
3_27_0233.jpg,3_27,36477
3_27_0234.jpg,3_27,48188
3_27_0235.jpg,3_27,51905
3_27_0236.jpg,3_27,43827
3_27_0237.jpg,3_27,2515
3_27_0238.jpg,3_27,21430
3_27_0239.jpg,3_27,12112
3_27_0240.jpg,3_27,3380
3_27_0241.jpg,3_27,23478
3_27_0242.jpg,3_27,14534
3_27_0243.jpg,3_27,55587
3_27_0244.jpg,3_27,49078
3_27_0245.jpg,3_27,21931
3_27_0246.jpg,3_27,3017
3_27_0247.jpg,3_27,40327
3_27_0248.jpg,3_27,49787
3_27_0249.jpg,3_27,265
3_27_0250.jpg,3_27,3409
3_27_0251.jpg,3_27,36751
3_27_0252.jpg,3_27,50130
3_27_0253.jpg,3_27,56337
3_27_0254.jpg,3_27,51876
3_27_0255.jpg,3_27,50108
3_27_0256.jpg,3_27,35900
3_27_0257.jpg,3_27,5021
3_27_0258.jpg,3_27,884
3_27_0259.jpg,3_27,24480
3_27_0260.jpg,3_27,49709
3_27_0261.jpg,3_27,36732
3_27_0262.jpg,3_27,17786
3_27_0263.jpg,3_27,36573
3_27_0264.jpg,3_27,42348
3_27_0265.jpg,3_27,4719
3_27_0266.jpg,3_27,29878
3_27_0267.jpg,3_27,40681
3_27_0268.jpg,3_27,48699
3_27_0269.jpg,3_27,44077
3_27_0270.jpg,3_27,4439
3_27_0271.jpg,3_27,14074
3_27_0272.jpg,3_27,14486
3_27_0273.jpg,3_27,42248
3_27_0274.jpg,3_27,40191
3_27_0275.jpg,3_27,47095
3_27_0276.jpg,3_27,58280
3_27_0277.jpg,3_27,2356
3_27_0278.jpg,3_27,20531
3_27_0279.jpg,3_27,43875
3_27_0280.jpg,3_27,56928
3_27_0281.jpg,3_27,31812
3_27_0282.jpg,3_27,41271
3_27_0283.jpg,3_27,36795
3_27_0284.jpg,3_27,11219
3_27_0285.jpg,3_27,56391
3_27_0286.jpg,3_27,35194
3_27_0287.jpg,3_27,54297
3_27_0288.jpg,3_27,35737
3_27_0289.jpg,3_27,35782
3_27_0290.jpg,3_27,49217
3_27_0291.jpg,3_27,25686
3_27_0292.jpg,3_27,18720
3_27_0293.jpg,3_27,42251
3_27_0294.jpg,3_27,22168
3_27_0295.jpg,3_27,3387
3_27_0296.jpg,3_27,49220
3_27_0297.jpg,3_27,21457
3_27_0298.jpg,3_27,36734
3_27_0299.jpg,3_27,1769
3_27_0300.jpg,3_27,46287
3_27_0301.jpg,3_27,23265
3_27_0302.jpg,3_27,17433
3_27_0303.jpg,3_27,10573
3_27_0304.jpg,3_27,33222
3_27_0305.jpg,3_27,57055
3_27_0306.jpg,3_27,49890
3_27_0307.jpg,3_27,8497
3_27_0308.jpg,3_27,4438
3_27_0309.jpg,3_27,36604
3_27_0310.jpg,3_27,43152
3_27_0311.jpg,3_27,54244
3_27_0312.jpg,3_27,48974
3_27_0313.jpg,3_27,49219
3_27_0314.jpg,3_27,54401
3_27_0315.jpg,3_27,17469
3_27_0316.jpg,3_27,38372
3_27_0317.jpg,3_27,19293
3_27_0318.jpg,3_27,47940
3_27_0319.jpg,3_27,10577
3_27_0320.jpg,3_27,38922
3_27_0321.jpg,3_27,29272
3_27_0322.jpg,3_27,48848
3_27_0323.jpg,3_27,31758
3_27_0324.jpg,3_27,40049
3_27_0325.jpg,3_27,44986
3_27_0326.jpg,3_27,8397
3_27_0327.jpg,3_27,14755
3_27_0328.jpg,3_27,49748
3_27_0329.jpg,3_27,8526
3_27_0330.jpg,3_27,48145
3_27_0331.jpg,3_27,44983
3_27_0332.jpg,3_27,54296
3_27_0333.jpg,3_27,14670
3_27_0334.jpg,3_27,8524
3_27_0335.jpg,3_27,26069
3_27_0336.jpg,3_27,43415
3_27_0337.jpg,3_27,58457
3_27_0338.jpg,3_27,58873
3_27_0339.jpg,3_27,10026
3_27_0340.jpg,3_27,49809
3_27_0341.jpg,3_27,57092
3_27_0342.jpg,3_27,58964
3_27_0343.jpg,3_27,30254
3_27_0344.jpg,3_27,3423
3_27_0345.jpg,3_27,46529
3_27_0346.jpg,3_27,44083
3_27_0347.jpg,3_27,5730
3_27_0348.jpg,3_27,14064
3_27_0349.jpg,3_27,54402
3_27_0350.jpg,3_27,10162
3_27_0351.jpg,3_27,55186
3_27_0352.jpg,3_27,30262
3_27_0353.jpg,3_27,38046
3_27_0354.jpg,3_27,37990
3_27_0355.jpg,3_27,25690
3_27_0356.jpg,3_27,58915
3_27_0357.jpg,3_27,49478
3_27_0358.jpg,3_27,22146
3_27_0359.jpg,3_27,10574
3_27_0360.jpg,3_27,14175
3_27_0361.jpg,3_27,4972
3_27_0362.jpg,3_27,8396
3_27_0363.jpg,3_27,14067
3_27_0364.jpg,3_27,1756
3_27_0365.jpg,3_27,48972
3_27_0366.jpg,3_27,49033
3_27_0367.jpg,3_27,21889
3_27_0368.jpg,3_27,48849
3_27_0369.jpg,3_27,47791
3_27_0370.jpg,3_27,54824
3_27_0371.jpg,3_27,17785
3_27_0372.jpg,3_27,48660
3_27_0373.jpg,3_27,17791
3_27_0374.jpg,3_27,54081
3_27_0375.jpg,3_27,1754
3_27_0376.jpg,3_27,35896
3_27_0377.jpg,3_27,3613
3_27_0378.jpg,3_27,40509
3_27_0379.jpg,3_27,8484
3_27_0380.jpg,3_27,57079
3_27_0381.jpg,3_27,48827
3_27_0382.jpg,3_27,40377
3_27_0383.jpg,3_27,49710
3_27_0384.jpg,3_27,56836
3_27_0385.jpg,3_27,14063
3_27_0386.jpg,3_27,36736
3_27_0387.jpg,3_27,41878
3_27_0388.jpg,3_27,40444
3_27_0389.jpg,3_27,8498
3_27_0390.jpg,3_27,11567
3_27_0391.jpg,3_27,14303
3_27_0392.jpg,3_27,17436
3_27_0393.jpg,3_27,2168
3_27_0394.jpg,3_27,37979
3_27_0395.jpg,3_27,732
3_27_0396.jpg,3_27,21917
3_27_0397.jpg,3_27,38042
3_27_0398.jpg,3_27,16592
3_27_0399.jpg,3_27,14672
3_27_0400.jpg,3_27,14746
3_27_0401.jpg,3_27,3407
3_27_0402.jpg,3_27,13246
3_27_0403.jpg,3_27,39896
3_27_0404.jpg,3_27,54246
3_27_0405.jpg,3_27,56421
3_27_0406.jpg,3_27,31103
3_27_0407.jpg,3_27,40190
3_27_0408.jpg,3_27,20528
3_27_0409.jpg,3_27,38927
3_27_0410.jpg,3_27,37410
3_27_0411.jpg,3_27,2390
3_27_0412.jpg,3_27,48913
3_27_0413.jpg,3_27,36571
3_27_0414.jpg,3_27,29350
3_27_0415.jpg,3_27,36798
3_27_0416.jpg,3_27,48959
3_27_0417.jpg,3_27,47936
3_27_0418.jpg,3_27,56931
3_27_0419.jpg,3_27,44327
3_27_0420.jpg,3_27,43482
3_27_0421.jpg,3_27,49551
3_27_0422.jpg,3_27,2294
3_27_0423.jpg,3_27,54826
3_27_0424.jpg,3_27,5027
3_27_0425.jpg,3_27,40098
3_27_0426.jpg,3_27,40187
3_27_0427.jpg,3_27,2462
3_27_0428.jpg,3_27,20443
3_27_0429.jpg,3_27,42956
3_27_0430.jpg,3_27,56438
3_27_0431.jpg,3_27,36867
3_27_0432.jpg,3_27,2354
3_27_0433.jpg,3_27,46538
3_27_0434.jpg,3_27,36735
3_27_0435.jpg,3_27,42815
3_27_0436.jpg,3_27,49257
3_27_0437.jpg,3_27,57018
3_27_0438.jpg,3_27,14259
3_27_0439.jpg,3_27,24473
3_27_0440.jpg,3_27,39897
3_27_0441.jpg,3_27,37098
3_27_0442.jpg,3_27,25695
3_27_0443.jpg,3_27,23601
3_27_0444.jpg,3_27,40274
3_27_0445.jpg,3_27,11843
3_27_0446.jpg,3_27,38905
3_27_0447.jpg,3_27,24820
3_27_0448.jpg,3_27,48984
3_27_0449.jpg,3_27,56832
3_27_0450.jpg,3_27,42818
3_27_0451.jpg,3_27,9678
3_27_0452.jpg,3_27,40321
3_27_0453.jpg,3_27,49627
3_27_0454.jpg,3_27,40099
3_27_0455.jpg,3_27,4450
3_27_0456.jpg,3_27,56040
3_27_0457.jpg,3_27,5406
3_27_0458.jpg,3_27,13957
3_27_0459.jpg,3_27,48246
3_27_0460.jpg,3_27,56435
3_27_0461.jpg,3_27,8489
3_27_0462.jpg,3_27,36783
3_27_0463.jpg,3_27,38044
3_27_0464.jpg,3_27,56972
3_27_0465.jpg,3_27,40094
3_27_0466.jpg,3_27,1440
3_27_0467.jpg,3_27,13257
3_27_0468.jpg,3_27,40165
3_27_0469.jpg,3_27,48332
3_27_0470.jpg,3_27,14669
3_27_0471.jpg,3_27,40169
3_27_0472.jpg,3_27,4449
3_27_0473.jpg,3_27,20614
3_27_0474.jpg,3_27,31100
3_27_0475.jpg,3_27,49706
3_27_0476.jpg,3_27,11568
3_27_0477.jpg,3_27,6218
3_27_0478.jpg,3_27,4637
3_27_0479.jpg,3_27,5525
3_27_0480.jpg,3_27,40050
3_27_0481.jpg,3_27,49295
3_27_0482.jpg,3_27,35945
3_27_0483.jpg,3_27,4108
3_27_0484.jpg,3_27,54397
3_27_0485.jpg,3_27,36617
3_27_0486.jpg,3_27,42391
3_27_0487.jpg,3_27,48973
3_27_0488.jpg,3_27,11264
3_27_0489.jpg,3_27,36548
3_27_0490.jpg,3_27,46061
3_27_0491.jpg,3_27,52132
3_27_0492.jpg,3_27,2516
3_27_0493.jpg,3_27,12494
3_27_0494.jpg,3_27,32078
3_27_0495.jpg,3_27,47747
3_27_0496.jpg,3_27,10328
3_27_0497.jpg,3_27,11559
3_27_0498.jpg,3_27,10024
3_27_0499.jpg,3_27,49779
3_27_0500.jpg,3_27,2960
3_27_0501.jpg,3_27,38651
3_27_0502.jpg,3_27,26065
3_27_0503.jpg,3_27,26099
3_27_0504.jpg,3_27,40015
3_27_0505.jpg,3_27,24051
3_27_0506.jpg,3_27,49222
3_27_0507.jpg,3_27,13988
3_27_0508.jpg,3_27,5727
3_27_0509.jpg,3_27,54268
3_27_0510.jpg,3_27,53641
3_27_0511.jpg,3_27,212
3_27_0512.jpg,3_27,49170
3_27_0513.jpg,3_27,20907
3_27_0514.jpg,3_27,568
3_27_0515.jpg,3_27,59082
3_27_0516.jpg,3_27,42209
3_27_0517.jpg,3_27,42223
3_27_0518.jpg,3_27,45002
3_27_0519.jpg,3_27,221
3_27_0520.jpg,3_27,52133
3_27_0521.jpg,3_27,42150
3_27_0522.jpg,3_27,19077
3_27_0523.jpg,3_27,16555
3_27_0524.jpg,3_27,48313
3_27_0525.jpg,3_27,40505
3_27_0526.jpg,3_27,49778
3_27_0527.jpg,3_27,37985
3_27_0528.jpg,3_27,39949
3_27_0529.jpg,3_27,54075
3_27_0530.jpg,3_27,48774
3_27_0531.jpg,3_27,48758
3_27_0532.jpg,3_27,58454
3_27_0533.jpg,3_27,20439
3_27_0534.jpg,3_27,46000
3_27_0535.jpg,3_27,23250
3_27_0536.jpg,3_27,49120
3_27_0537.jpg,3_27,49236
3_27_0538.jpg,3_27,46530
3_27_0539.jpg,3_27,15712
3_27_0540.jpg,3_27,2766
3_27_0541.jpg,3_27,14068
3_27_0542.jpg,3_27,10308
3_27_0543.jpg,3_27,3096
3_27_0544.jpg,3_27,35617
3_27_0545.jpg,3_27,2286
3_27_0546.jpg,3_27,10027
3_27_0547.jpg,3_27,56951
3_27_0548.jpg,3_27,48063
3_27_0549.jpg,3_27,48821
3_27_0550.jpg,3_27,24864
3_27_0551.jpg,3_27,31766
3_27_0552.jpg,3_27,54936
3_27_0553.jpg,3_27,49311
3_27_0554.jpg,3_27,5026
3_27_0555.jpg,3_27,38370
3_27_0556.jpg,3_27,13255
3_27_0557.jpg,3_27,11304
3_27_0558.jpg,3_27,23479
3_27_0559.jpg,3_27,48958
3_27_0560.jpg,3_27,48501
3_27_0561.jpg,3_27,47938
3_27_0562.jpg,3_27,47398
3_27_0563.jpg,3_27,13247
3_27_0564.jpg,3_27,40172
3_27_0565.jpg,3_27,48121
3_27_0566.jpg,3_27,56326
3_27_0567.jpg,3_27,2282
3_27_0568.jpg,3_27,4645
3_27_0569.jpg,3_27,24868
3_27_0570.jpg,3_27,30434
3_27_0571.jpg,3_27,36200
3_27_0572.jpg,3_27,36550
3_27_0573.jpg,3_27,54295
3_27_0574.jpg,3_27,38926
3_27_0575.jpg,3_27,49662
3_27_0576.jpg,3_27,3402
3_27_0577.jpg,3_27,24481
3_27_0578.jpg,3_27,40403
3_27_0579.jpg,3_27,8486
3_27_0580.jpg,3_27,6074
3_27_0581.jpg,3_27,22149
3_27_0582.jpg,3_27,54593
3_27_0583.jpg,3_27,43828
3_27_0584.jpg,3_27,56950
3_27_0585.jpg,3_27,43462
3_27_0586.jpg,3_27,16267
3_27_0587.jpg,3_27,56696
3_27_0588.jpg,3_27,54247
3_27_0589.jpg,3_27,3371
3_27_0590.jpg,3_27,51908
3_27_0591.jpg,3_27,56982
3_27_0592.jpg,3_27,43860
3_27_0593.jpg,3_27,49274
3_27_0594.jpg,3_27,40632
3_27_0595.jpg,3_27,48828
3_27_0596.jpg,3_27,23615
3_27_0597.jpg,3_27,59071
3_27_0598.jpg,3_27,48929
3_27_0599.jpg,3_27,30240
3_27_0600.jpg,3_27,21712
3_27_0601.jpg,3_27,43483
3_27_0602.jpg,3_27,48051
3_27_0603.jpg,3_27,35776
3_27_0604.jpg,3_27,6716
3_27_0605.jpg,3_27,48989
3_27_0606.jpg,3_27,47642
3_27_0607.jpg,3_27,42179
3_27_0608.jpg,3_27,43019
3_27_0609.jpg,3_27,49553
3_27_0610.jpg,3_27,42070
3_27_0611.jpg,3_27,49808
3_27_0612.jpg,3_27,48945
3_27_0613.jpg,3_27,18372
3_27_0614.jpg,3_27,24058
3_27_0615.jpg,3_27,14304
3_27_0616.jpg,3_27,161
3_27_0617.jpg,3_27,54292
3_27_0618.jpg,3_27,1399
3_27_0619.jpg,3_27,56335
3_27_0620.jpg,3_27,5729
3_27_0621.jpg,3_27,14758
3_27_0622.jpg,3_27,49026
3_27_0623.jpg,3_27,38050
3_27_0624.jpg,3_27,54286
3_27_0625.jpg,3_27,2535
3_27_0626.jpg,3_27,31813
3_27_0627.jpg,3_27,56926
3_27_0628.jpg,3_27,47094
3_27_0629.jpg,3_27,16489
3_27_0630.jpg,3_27,57168
3_27_0631.jpg,3_27,14537
3_27_0632.jpg,3_27,23291
3_27_0633.jpg,3_27,21245
3_27_0634.jpg,3_27,49233
3_27_0635.jpg,3_27,26064
3_27_0636.jpg,3_27,24872
3_27_0637.jpg,3_27,42315
3_27_0638.jpg,3_27,58969
3_27_0639.jpg,3_27,30438
3_27_0640.jpg,3_27,223
3_27_0641.jpg,3_27,5524
3_27_0642.jpg,3_27,31811
3_27_0643.jpg,3_27,33221
3_27_0644.jpg,3_27,36869
3_27_0645.jpg,3_27,57454
3_27_0646.jpg,3_27,1768
3_27_0647.jpg,3_27,13188
3_27_0648.jpg,3_27,14306
3_27_0649.jpg,3_27,31763
3_27_0650.jpg,3_27,32090
3_27_0651.jpg,3_27,40520
3_27_0652.jpg,3_27,40500
3_27_0653.jpg,3_27,2281
3_27_0654.jpg,3_27,8491
3_27_0655.jpg,3_27,40616
3_27_0656.jpg,3_27,10609
3_27_0657.jpg,3_27,40271
3_27_0658.jpg,3_27,44341
3_27_0659.jpg,3_27,49631
3_27_0660.jpg,3_27,40316
3_27_0661.jpg,3_27,49028
3_27_0662.jpg,3_27,57212
3_27_0663.jpg,3_27,43154
3_27_0664.jpg,3_27,24869
3_27_0665.jpg,3_27,47745
3_27_0666.jpg,3_27,57268
3_27_0667.jpg,3_27,46288
3_27_0668.jpg,3_27,44325
3_27_0669.jpg,3_27,865
3_27_0670.jpg,3_27,15718
3_27_0671.jpg,3_27,48061
3_27_0672.jpg,3_27,31768
3_27_0673.jpg,3_27,35775
3_27_0674.jpg,3_27,3408
3_27_0675.jpg,3_27,10314
3_27_0676.jpg,3_27,23266
3_27_0677.jpg,3_27,1776
3_27_0678.jpg,3_27,32096
3_27_0679.jpg,3_27,58588
3_27_0680.jpg,3_27,44246
3_27_0681.jpg,3_27,11656
3_27_0682.jpg,3_27,47840
3_27_0683.jpg,3_27,36755
3_27_0684.jpg,3_27,14173
3_27_0685.jpg,3_27,57053
3_27_0686.jpg,3_27,5711
3_27_0687.jpg,3_27,26066
3_27_0688.jpg,3_27,29874
3_27_0689.jpg,3_27,1778
3_27_0690.jpg,3_27,21932
3_27_0691.jpg,3_27,48894
3_27_0692.jpg,3_27,4304
3_27_0693.jpg,3_27,42181
3_27_0694.jpg,3_27,19076
3_27_0695.jpg,3_27,58893
3_27_0696.jpg,3_27,40105
3_27_0697.jpg,3_27,25687
3_27_0698.jpg,3_27,16537
3_27_0699.jpg,3_27,43466
3_27_0700.jpg,3_27,55588
3_27_0701.jpg,3_27,13185
3_27_0702.jpg,3_27,5085
3_27_0703.jpg,3_27,36352
3_27_0704.jpg,3_27,58586
3_27_0705.jpg,3_27,49776
3_27_0706.jpg,3_27,4643
3_27_0707.jpg,3_27,39963
3_27_0708.jpg,3_27,42286
3_27_0709.jpg,3_27,49784
3_27_0710.jpg,3_27,57273
3_27_0711.jpg,3_27,42245
3_27_0712.jpg,3_27,10583
3_27_0713.jpg,3_27,14261
3_27_0714.jpg,3_27,32100
3_27_0715.jpg,3_27,40631
3_27_0716.jpg,3_27,43414
3_27_0717.jpg,3_27,26450
3_27_0718.jpg,3_27,31133
3_27_0719.jpg,3_27,10015
3_27_0720.jpg,3_27,4700
3_27_0721.jpg,3_27,51870
3_27_0722.jpg,3_27,8401
3_27_0723.jpg,3_27,14749
3_27_0724.jpg,3_27,2285
3_27_0725.jpg,3_27,40226
3_27_0726.jpg,3_27,53744
3_27_0727.jpg,3_27,43216
3_27_0728.jpg,3_27,5707
3_27_0729.jpg,3_27,214
3_27_0730.jpg,3_27,26452
3_27_0731.jpg,3_27,2518
3_27_0732.jpg,3_27,4306
3_27_0733.jpg,3_27,48957
3_27_0734.jpg,3_27,40335
3_27_0735.jpg,3_27,2537
3_27_0736.jpg,3_27,4820
3_27_0737.jpg,3_27,51909
3_27_0738.jpg,3_27,54631
3_27_0739.jpg,3_27,1351
3_27_0740.jpg,3_27,48823
3_27_0741.jpg,3_27,26459
3_27_0742.jpg,3_27,49198
3_27_0743.jpg,3_27,30393
3_27_0744.jpg,3_27,14533
3_27_0745.jpg,3_27,14300
3_27_0746.jpg,3_27,23612
3_27_0747.jpg,3_27,22482
3_27_0748.jpg,3_27,44080
3_27_0749.jpg,3_27,57102
3_27_0750.jpg,3_27,39904
3_27_0751.jpg,3_27,49584
3_27_0752.jpg,3_27,22103
3_27_0753.jpg,3_27,48819
3_27_0754.jpg,3_27,11221
3_27_0755.jpg,3_27,22145
3_27_0756.jpg,3_27,5526
3_27_0757.jpg,3_27,733
3_27_0758.jpg,3_27,47090
3_27_0759.jpg,3_27,42425
3_27_0760.jpg,3_27,4779
3_27_0761.jpg,3_27,54589
3_27_0762.jpg,3_27,44998
3_27_0763.jpg,3_27,35631
3_27_0764.jpg,3_27,46052
3_27_0765.jpg,3_27,30261
3_27_0766.jpg,3_27,21930
3_27_0767.jpg,3_27,9675
3_27_0768.jpg,3_27,23475
3_27_0769.jpg,3_27,47992
3_27_0770.jpg,3_27,49481
3_27_0771.jpg,3_27,12497
3_27_0772.jpg,3_27,3438
3_27_0773.jpg,3_27,26454
3_27_0774.jpg,3_27,32094
3_27_0775.jpg,3_27,44419
3_27_0776.jpg,3_27,48759
3_27_0777.jpg,3_27,2957
3_27_0778.jpg,3_27,6717
3_27_0779.jpg,3_27,1767
3_27_0780.jpg,3_27,49227
3_27_0781.jpg,3_27,57067
3_27_0782.jpg,3_27,4924
3_27_0783.jpg,3_27,36615
3_27_0784.jpg,3_27,3028
3_27_0785.jpg,3_27,4301
3_27_0786.jpg,3_27,57270
3_27_0787.jpg,3_27,36766
3_27_0788.jpg,3_27,13261
3_27_0789.jpg,3_27,40014
3_27_0790.jpg,3_27,57908
3_27_0791.jpg,3_27,48308
3_27_0792.jpg,3_27,31771
3_27_0793.jpg,3_27,56991
3_27_0794.jpg,3_27,44243
3_27_0795.jpg,3_27,57213
3_27_0796.jpg,3_27,40330
3_27_0797.jpg,3_27,47815
3_27_0798.jpg,3_27,54590
3_27_0799.jpg,3_27,4644
3_27_0800.jpg,3_27,40343
3_27_0801.jpg,3_27,4696
3_27_0802.jpg,3_27,40173
3_27_0803.jpg,3_27,48477
3_27_0804.jpg,3_27,40329
3_27_0805.jpg,3_27,40400
3_27_0806.jpg,3_27,17789
3_27_0807.jpg,3_27,16637
3_27_0808.jpg,3_27,10019
3_27_0809.jpg,3_27,21458
3_27_0810.jpg,3_27,35947
3_27_0811.jpg,3_27,48053
3_27_0812.jpg,3_27,14061
3_27_0813.jpg,3_27,48944
3_27_0814.jpg,3_27,52614
3_27_0815.jpg,3_27,40163
3_27_0816.jpg,3_27,40860
3_27_0817.jpg,3_27,1772
3_27_0818.jpg,3_27,3404
3_27_0819.jpg,3_27,40503
3_27_0820.jpg,3_27,5404
3_27_0821.jpg,3_27,35735
3_27_0822.jpg,3_27,40518
3_27_0823.jpg,3_27,50105
3_27_0824.jpg,3_27,49659
3_27_0825.jpg,3_27,23471
3_27_0826.jpg,3_27,35604
3_27_0827.jpg,3_27,6536
3_27_0828.jpg,3_27,42345
3_27_0829.jpg,3_27,4819
3_27_0830.jpg,3_27,37414
3_27_0831.jpg,3_27,4974
3_27_0832.jpg,3_27,31108
3_27_0833.jpg,3_27,46391
3_27_0834.jpg,3_27,3437
3_27_0835.jpg,3_27,25685
3_27_0836.jpg,3_27,44082
3_27_0837.jpg,3_27,40273
3_27_0838.jpg,3_27,37393
3_27_0839.jpg,3_27,56334
3_27_0840.jpg,3_27,19118
3_27_0841.jpg,3_27,19339
3_27_0842.jpg,3_27,46003
3_27_0843.jpg,3_27,11261
3_27_0844.jpg,3_27,40620
3_27_0845.jpg,3_27,36616
3_27_0846.jpg,3_27,53599
3_27_0847.jpg,3_27,32102
3_27_0848.jpg,3_27,15717
3_27_0849.jpg,3_27,39105
3_27_0850.jpg,3_27,39721
3_27_0851.jpg,3_27,33224
3_27_0852.jpg,3_27,45013
3_27_0853.jpg,3_27,56375
3_27_0854.jpg,3_27,57272
3_27_0855.jpg,3_27,3607
3_27_0856.jpg,3_27,40701
3_27_0857.jpg,3_27,48221
3_27_0858.jpg,3_27,40318
3_27_0859.jpg,3_27,31105
3_27_0860.jpg,3_27,55185
3_27_0861.jpg,3_27,4697
3_27_0862.jpg,3_27,39978
3_27_0863.jpg,3_27,13204
3_27_0864.jpg,3_27,49592
3_27_0865.jpg,3_27,37415
3_27_0866.jpg,3_27,3432
3_27_0867.jpg,3_27,5025
3_27_0868.jpg,3_27,49234
3_27_0869.jpg,3_27,31134
3_27_0870.jpg,3_27,42153
3_27_0871.jpg,3_27,3385
3_27_0872.jpg,3_27,49889
3_27_0873.jpg,3_27,16558
3_27_0874.jpg,3_27,8529
3_27_0875.jpg,3_27,58501
3_27_0876.jpg,3_27,10301
3_27_0877.jpg,3_27,48225
3_27_0878.jpg,3_27,40162
3_27_0879.jpg,3_27,44076
3_27_0880.jpg,3_27,24474
3_27_0881.jpg,3_27,36758
3_27_0882.jpg,3_27,40019
3_27_0883.jpg,3_27,14350
3_27_0884.jpg,3_27,14751
3_27_0885.jpg,3_27,49164
3_27_0886.jpg,3_27,24870
3_27_0887.jpg,3_27,50107
3_27_0888.jpg,3_27,39718
3_27_0889.jpg,3_27,33378
3_27_0890.jpg,3_27,4444
3_27_0891.jpg,3_27,264
3_27_0892.jpg,3_27,42372
3_27_0893.jpg,3_27,37407
3_27_0894.jpg,3_27,6537
3_27_0895.jpg,3_27,24796
3_27_0896.jpg,3_27,3390
3_27_0897.jpg,3_27,36205
3_27_0898.jpg,3_27,56336
3_27_0899.jpg,3_27,152
3_27_0900.jpg,3_27,54076
3_27_0901.jpg,3_27,5029
3_27_0902.jpg,3_27,23470
3_27_0903.jpg,3_27,57169
3_27_0904.jpg,3_27,18693
3_27_0905.jpg,3_27,39414
3_27_0906.jpg,3_27,52130
3_27_0907.jpg,3_27,30260
3_27_0908.jpg,3_27,36606
3_27_0909.jpg,3_27,37922
3_27_0910.jpg,3_27,57214
3_27_0911.jpg,3_27,39720
3_27_0912.jpg,3_27,45015
3_27_0913.jpg,3_27,16485
3_27_0914.jpg,3_27,12882
3_27_0915.jpg,3_27,40502
3_27_0916.jpg,3_27,46281
3_27_0917.jpg,3_27,14176
3_27_0918.jpg,3_27,36642
3_27_0919.jpg,3_27,49242
3_27_0920.jpg,3_27,38371
3_27_0921.jpg,3_27,51915
3_27_0922.jpg,3_27,24050
3_27_0923.jpg,3_27,6356
3_27_0924.jpg,3_27,8485
3_27_0925.jpg,3_27,533
3_27_0926.jpg,3_27,56975
3_27_0927.jpg,3_27,797
3_27_0928.jpg,3_27,10020
3_27_0929.jpg,3_27,46961
3_27_0930.jpg,3_27,39830
3_27_0931.jpg,3_27,49548
3_27_0932.jpg,3_27,3880
3_27_0933.jpg,3_27,54937
3_27_0934.jpg,3_27,38364
3_27_0935.jpg,3_27,40174
3_27_0936.jpg,3_27,38918
3_27_0937.jpg,3_27,49080
3_27_0938.jpg,3_27,40168
3_27_0939.jpg,3_27,42361
3_27_0940.jpg,3_27,38912
3_27_0941.jpg,3_27,56793
3_27_0942.jpg,3_27,49550
3_27_0943.jpg,3_27,55590
3_27_0944.jpg,3_27,17434
3_27_0945.jpg,3_27,14072
3_27_0946.jpg,3_27,38914
3_27_0947.jpg,3_27,228
3_27_0948.jpg,3_27,42211
3_27_0949.jpg,3_27,18723
3_27_0950.jpg,3_27,57216
3_27_0951.jpg,3_27,21913
3_27_0952.jpg,3_27,37988
3_27_0953.jpg,3_27,57887
3_27_0954.jpg,3_27,2173
3_27_0955.jpg,3_27,2291
3_27_0956.jpg,3_27,40630
3_27_0957.jpg,3_27,49235
3_27_0958.jpg,3_27,56959
3_27_0959.jpg,3_27,48912
3_27_0960.jpg,3_27,3616
3_27_0961.jpg,3_27,9677
3_27_0962.jpg,3_27,43826
3_27_0963.jpg,3_27,23262
3_27_0964.jpg,3_27,49031
3_27_0965.jpg,3_27,49933
3_27_0966.jpg,3_27,3608
3_27_0967.jpg,3_27,56431
3_27_0968.jpg,3_27,4441
3_27_0969.jpg,3_27,20441
3_27_0970.jpg,3_27,40411
3_27_0971.jpg,3_27,47087
3_27_0972.jpg,3_27,48049
3_27_0973.jpg,3_27,3016
3_27_0974.jpg,3_27,33231
3_27_0975.jpg,3_27,523
3_27_0976.jpg,3_27,59083
3_27_0977.jpg,3_27,40166
3_27_0978.jpg,3_27,42418
3_27_0979.jpg,3_27,40379
3_27_0980.jpg,3_27,31767
3_27_0981.jpg,3_27,38658
3_27_0982.jpg,3_27,35741
3_27_0983.jpg,3_27,24821
3_27_0984.jpg,3_27,24053
3_27_0985.jpg,3_27,11848
3_27_0986.jpg,3_27,2271
3_27_0987.jpg,3_27,25693
3_27_0988.jpg,3_27,21715
3_27_0989.jpg,3_27,51872
3_27_0990.jpg,3_27,40440
3_27_0991.jpg,3_27,11937
3_27_0992.jpg,3_27,2961
3_27_0993.jpg,3_27,24476
3_27_0994.jpg,3_27,1760
3_27_0995.jpg,3_27,23613
3_27_0996.jpg,3_27,59081
3_27_0997.jpg,3_27,3854
3_27_0998.jpg,3_27,6534
3_27_0999.jpg,3_27,42284
1_23_0000.jpg,1_23,10138
1_23_0001.jpg,1_23,26051
1_23_0002.jpg,1_23,24422
1_23_0003.jpg,1_23,16276
1_23_0004.jpg,1_23,26133
1_23_0005.jpg,1_23,25815
1_23_0006.jpg,1_23,25150
1_23_0007.jpg,1_23,1158
1_23_0008.jpg,1_23,13325
1_23_0009.jpg,1_23,57512
1_23_0010.jpg,1_23,18431
1_23_0011.jpg,1_23,54618
1_23_0012.jpg,1_23,16948
1_23_0013.jpg,1_23,34994
1_23_0014.jpg,1_23,31318
1_23_0015.jpg,1_23,18566
1_23_0016.jpg,1_23,25470
1_23_0017.jpg,1_23,23253
1_23_0018.jpg,1_23,38385
1_23_0019.jpg,1_23,18642
1_23_0020.jpg,1_23,43967
1_23_0021.jpg,1_23,1987
1_23_0022.jpg,1_23,30081
1_23_0023.jpg,1_23,10408
1_23_0024.jpg,1_23,16474
1_23_0025.jpg,1_23,55278
1_23_0026.jpg,1_23,16986
1_23_0027.jpg,1_23,39180
1_23_0028.jpg,1_23,33487
1_23_0029.jpg,1_23,32201
1_23_0030.jpg,1_23,23550
1_23_0031.jpg,1_23,34645
1_23_0032.jpg,1_23,18092
1_23_0033.jpg,1_23,21063
1_23_0034.jpg,1_23,54156
1_23_0035.jpg,1_23,30301
1_23_0036.jpg,1_23,5199
1_23_0037.jpg,1_23,25493
1_23_0038.jpg,1_23,14401
1_23_0039.jpg,1_23,4612
1_23_0040.jpg,1_23,18093
1_23_0041.jpg,1_23,37632
1_23_0042.jpg,1_23,32497
1_23_0043.jpg,1_23,37826
1_23_0044.jpg,1_23,28373
1_23_0045.jpg,1_23,57511
1_23_0046.jpg,1_23,44002
1_23_0047.jpg,1_23,23243
1_23_0048.jpg,1_23,31963
1_23_0049.jpg,1_23,32334
1_23_0050.jpg,1_23,37819
1_23_0051.jpg,1_23,25475
1_23_0052.jpg,1_23,57905
1_23_0053.jpg,1_23,43983
1_23_0054.jpg,1_23,34504
1_23_0055.jpg,1_23,1042
1_23_0056.jpg,1_23,27167
1_23_0057.jpg,1_23,35331
1_23_0058.jpg,1_23,32053
1_23_0059.jpg,1_23,28669
1_23_0060.jpg,1_23,43982
1_23_0061.jpg,1_23,2083
1_23_0062.jpg,1_23,12296
1_23_0063.jpg,1_23,43987
1_23_0064.jpg,1_23,30489
1_23_0065.jpg,1_23,34342
1_23_0066.jpg,1_23,25804
1_23_0067.jpg,1_23,29723
1_23_0068.jpg,1_23,25787
1_23_0069.jpg,1_23,25686
1_23_0070.jpg,1_23,12402
1_23_0071.jpg,1_23,24946
1_23_0072.jpg,1_23,54447
1_23_0073.jpg,1_23,32340
1_23_0074.jpg,1_23,37619
1_23_0075.jpg,1_23,23850
1_23_0076.jpg,1_23,54504
1_23_0077.jpg,1_23,20141
1_23_0078.jpg,1_23,43418
1_23_0079.jpg,1_23,29733
1_23_0080.jpg,1_23,18637
1_23_0081.jpg,1_23,28658
1_23_0082.jpg,1_23,51043
1_23_0083.jpg,1_23,1025
1_23_0084.jpg,1_23,978
1_23_0085.jpg,1_23,9220
1_23_0086.jpg,1_23,57022
1_23_0087.jpg,1_23,33366
1_23_0088.jpg,1_23,12400
1_23_0089.jpg,1_23,43772
1_23_0090.jpg,1_23,12443
1_23_0091.jpg,1_23,34991
1_23_0092.jpg,1_23,30390
1_23_0093.jpg,1_23,21351
1_23_0094.jpg,1_23,26159
1_23_0095.jpg,1_23,24421
1_23_0096.jpg,1_23,20111
1_23_0097.jpg,1_23,2000
1_23_0098.jpg,1_23,1736
1_23_0099.jpg,1_23,10990
1_23_0100.jpg,1_23,5213
1_23_0101.jpg,1_23,21296
1_23_0102.jpg,1_23,15394
1_23_0103.jpg,1_23,15031
1_23_0104.jpg,1_23,10558
1_23_0105.jpg,1_23,16209
1_23_0106.jpg,1_23,31645
1_23_0107.jpg,1_23,52947
1_23_0108.jpg,1_23,19091
1_23_0109.jpg,1_23,13323
1_23_0110.jpg,1_23,19087
1_23_0111.jpg,1_23,24938
1_23_0112.jpg,1_23,27628
1_23_0113.jpg,1_23,37682
1_23_0114.jpg,1_23,10134
1_23_0115.jpg,1_23,37230
1_23_0116.jpg,1_23,25820
1_23_0117.jpg,1_23,33944
1_23_0118.jpg,1_23,29084
1_23_0119.jpg,1_23,25152
1_23_0120.jpg,1_23,17629
1_23_0121.jpg,1_23,9263
1_23_0122.jpg,1_23,26048
1_23_0123.jpg,1_23,8552
1_23_0124.jpg,1_23,32056
1_23_0125.jpg,1_23,32316
1_23_0126.jpg,1_23,29712
1_23_0127.jpg,1_23,8543
1_23_0128.jpg,1_23,25155
1_23_0129.jpg,1_23,25675
1_23_0130.jpg,1_23,18578
1_23_0131.jpg,1_23,34647
1_23_0132.jpg,1_23,9226
1_23_0133.jpg,1_23,38755
1_23_0134.jpg,1_23,20265
1_23_0135.jpg,1_23,32346
1_23_0136.jpg,1_23,18580
1_23_0137.jpg,1_23,38756
1_23_0138.jpg,1_23,12790
1_23_0139.jpg,1_23,16397
1_23_0140.jpg,1_23,44051
1_23_0141.jpg,1_23,34340
1_23_0142.jpg,1_23,21302
1_23_0143.jpg,1_23,12548
1_23_0144.jpg,1_23,34693
1_23_0145.jpg,1_23,25160
1_23_0146.jpg,1_23,12441
1_23_0147.jpg,1_23,2003
1_23_0148.jpg,1_23,9257
1_23_0149.jpg,1_23,9243
1_23_0150.jpg,1_23,52999
1_23_0151.jpg,1_23,24416
1_23_0152.jpg,1_23,54631
1_23_0153.jpg,1_23,1656
1_23_0154.jpg,1_23,39187
1_23_0155.jpg,1_23,16928
1_23_0156.jpg,1_23,6
1_23_0157.jpg,1_23,2067
1_23_0158.jpg,1_23,32336
1_23_0159.jpg,1_23,25683
1_23_0160.jpg,1_23,16949
1_23_0161.jpg,1_23,29213
1_23_0162.jpg,1_23,55281
1_23_0163.jpg,1_23,889
1_23_0164.jpg,1_23,43091
1_23_0165.jpg,1_23,38480
1_23_0166.jpg,1_23,37927
1_23_0167.jpg,1_23,34510
1_23_0168.jpg,1_23,32988
1_23_0169.jpg,1_23,9242
1_23_0170.jpg,1_23,44049
1_23_0171.jpg,1_23,22044
1_23_0172.jpg,1_23,887
1_23_0173.jpg,1_23,32206
1_23_0174.jpg,1_23,37943
1_23_0175.jpg,1_23,15392
1_23_0176.jpg,1_23,52953
1_23_0177.jpg,1_23,44013
1_23_0178.jpg,1_23,30526
1_23_0179.jpg,1_23,29716
1_23_0180.jpg,1_23,28414
1_23_0181.jpg,1_23,32837
1_23_0182.jpg,1_23,5203
1_23_0183.jpg,1_23,10985
1_23_0184.jpg,1_23,31138
1_23_0185.jpg,1_23,44010
1_23_0186.jpg,1_23,29761
1_23_0187.jpg,1_23,10316
1_23_0188.jpg,1_23,37613
1_23_0189.jpg,1_23,27172
1_23_0190.jpg,1_23,20408
1_23_0191.jpg,1_23,18571
1_23_0192.jpg,1_23,51673
1_23_0193.jpg,1_23,2076
1_23_0194.jpg,1_23,32205
1_23_0195.jpg,1_23,19777
1_23_0196.jpg,1_23,28325
1_23_0197.jpg,1_23,57334
1_23_0198.jpg,1_23,12550
1_23_0199.jpg,1_23,30527
1_23_0200.jpg,1_23,38391
1_23_0201.jpg,1_23,10410
1_23_0202.jpg,1_23,34552
1_23_0203.jpg,1_23,19743
1_23_0204.jpg,1_23,16367
1_23_0205.jpg,1_23,2043
1_23_0206.jpg,1_23,54614
1_23_0207.jpg,1_23,1916
1_23_0208.jpg,1_23,23552
1_23_0209.jpg,1_23,38474
1_23_0210.jpg,1_23,32317
1_23_0211.jpg,1_23,9044
1_23_0212.jpg,1_23,54256
1_23_0213.jpg,1_23,28605
1_23_0214.jpg,1_23,39195
1_23_0215.jpg,1_23,44008
1_23_0216.jpg,1_23,35333
1_23_0217.jpg,1_23,1635
1_23_0218.jpg,1_23,2063
1_23_0219.jpg,1_23,29758
1_23_0220.jpg,1_23,5210
1_23_0221.jpg,1_23,29734
1_23_0222.jpg,1_23,2107
1_23_0223.jpg,1_23,33057
1_23_0224.jpg,1_23,14456
1_23_0225.jpg,1_23,21067
1_23_0226.jpg,1_23,43485
1_23_0227.jpg,1_23,37608
1_23_0228.jpg,1_23,44033
1_23_0229.jpg,1_23,16929
1_23_0230.jpg,1_23,23240
1_23_0231.jpg,1_23,9251
1_23_0232.jpg,1_23,51960
1_23_0233.jpg,1_23,16380
1_23_0234.jpg,1_23,38473
1_23_0235.jpg,1_23,1660
1_23_0236.jpg,1_23,37789
1_23_0237.jpg,1_23,2232
1_23_0238.jpg,1_23,23855
1_23_0239.jpg,1_23,16211
1_23_0240.jpg,1_23,59103
1_23_0241.jpg,1_23,18307
1_23_0242.jpg,1_23,2933
1_23_0243.jpg,1_23,28603
1_23_0244.jpg,1_23,57015
1_23_0245.jpg,1_23,37299
1_23_0246.jpg,1_23,18110
1_23_0247.jpg,1_23,9047
1_23_0248.jpg,1_23,54162
1_23_0249.jpg,1_23,14339
1_23_0250.jpg,1_23,39185
1_23_0251.jpg,1_23,21357
1_23_0252.jpg,1_23,51968
1_23_0253.jpg,1_23,20407
1_23_0254.jpg,1_23,33941
1_23_0255.jpg,1_23,29732
1_23_0256.jpg,1_23,32843
1_23_0257.jpg,1_23,29088
1_23_0258.jpg,1_23,15034
1_23_0259.jpg,1_23,45544
1_23_0260.jpg,1_23,16308
1_23_0261.jpg,1_23,29077
1_23_0262.jpg,1_23,21184
1_23_0263.jpg,1_23,2230
1_23_0264.jpg,1_23,18425
1_23_0265.jpg,1_23,29725
1_23_0266.jpg,1_23,51655
1_23_0267.jpg,1_23,51649
1_23_0268.jpg,1_23,25809
1_23_0269.jpg,1_23,16379
1_23_0270.jpg,1_23,33505
1_23_0271.jpg,1_23,18095
1_23_0272.jpg,1_23,31319
1_23_0273.jpg,1_23,18010
1_23_0274.jpg,1_23,34639
1_23_0275.jpg,1_23,23917
1_23_0276.jpg,1_23,2081
1_23_0277.jpg,1_23,16280
1_23_0278.jpg,1_23,12422
1_23_0279.jpg,1_23,31647
1_23_0280.jpg,1_23,17285
1_23_0281.jpg,1_23,1463
1_23_0282.jpg,1_23,38393
1_23_0283.jpg,1_23,10317
1_23_0284.jpg,1_23,946
1_23_0285.jpg,1_23,973
1_23_0286.jpg,1_23,18635
1_23_0287.jpg,1_23,10908
1_23_0288.jpg,1_23,26161
1_23_0289.jpg,1_23,33509
1_23_0290.jpg,1_23,37825
1_23_0291.jpg,1_23,16143
1_23_0292.jpg,1_23,20559
1_23_0293.jpg,1_23,16393
1_23_0294.jpg,1_23,25796
1_23_0295.jpg,1_23,51944
1_23_0296.jpg,1_23,35337
1_23_0297.jpg,1_23,33483
1_23_0298.jpg,1_23,23555
1_23_0299.jpg,1_23,18430
1_23_0300.jpg,1_23,53457
1_23_0301.jpg,1_23,18638
1_23_0302.jpg,1_23,39196
1_23_0303.jpg,1_23,10901
1_23_0304.jpg,1_23,28372
1_23_0305.jpg,1_23,30313
1_23_0306.jpg,1_23,33569
1_23_0307.jpg,1_23,893
1_23_0308.jpg,1_23,23251
1_23_0309.jpg,1_23,19866
1_23_0310.jpg,1_23,14453
1_23_0311.jpg,1_23,57017
1_23_0312.jpg,1_23,12289
1_23_0313.jpg,1_23,30628
1_23_0314.jpg,1_23,43041
1_23_0315.jpg,1_23,54617
1_23_0316.jpg,1_23,37633
1_23_0317.jpg,1_23,20633
1_23_0318.jpg,1_23,54454
1_23_0319.jpg,1_23,4615
1_23_0320.jpg,1_23,20114
1_23_0321.jpg,1_23,13337
1_23_0322.jpg,1_23,16930
1_23_0323.jpg,1_23,57333
1_23_0324.jpg,1_23,39186
1_23_0325.jpg,1_23,18570
1_23_0326.jpg,1_23,17559
1_23_0327.jpg,1_23,2108
1_23_0328.jpg,1_23,5198
1_23_0329.jpg,1_23,31133
1_23_0330.jpg,1_23,26795
1_23_0331.jpg,1_23,20680
1_23_0332.jpg,1_23,57327
1_23_0333.jpg,1_23,24419
1_23_0334.jpg,1_23,29720
1_23_0335.jpg,1_23,37229
1_23_0336.jpg,1_23,2112
1_23_0337.jpg,1_23,12533
1_23_0338.jpg,1_23,4611
1_23_0339.jpg,1_23,18568
1_23_0340.jpg,1_23,17286
1_23_0341.jpg,1_23,1932
1_23_0342.jpg,1_23,58926
1_23_0343.jpg,1_23,43089
1_23_0344.jpg,1_23,57521
1_23_0345.jpg,1_23,9246
1_23_0346.jpg,1_23,23249
1_23_0347.jpg,1_23,34986
1_23_0348.jpg,1_23,29185
1_23_0349.jpg,1_23,33570
1_23_0350.jpg,1_23,20241
1_23_0351.jpg,1_23,29184
1_23_0352.jpg,1_23,23110
1_23_0353.jpg,1_23,12799
1_23_0354.jpg,1_23,43977
1_23_0355.jpg,1_23,23099
1_23_0356.jpg,1_23,12401
1_23_0357.jpg,1_23,23547
1_23_0358.jpg,1_23,33485
1_23_0359.jpg,1_23,20263
1_23_0360.jpg,1_23,31644
1_23_0361.jpg,1_23,51666
1_23_0362.jpg,1_23,9260
1_23_0363.jpg,1_23,37788
1_23_0364.jpg,1_23,38377
1_23_0365.jpg,1_23,57523
1_23_0366.jpg,1_23,34509
1_23_0367.jpg,1_23,16473
1_23_0368.jpg,1_23,21293
1_23_0369.jpg,1_23,37237
1_23_0370.jpg,1_23,18579
1_23_0371.jpg,1_23,32311
1_23_0372.jpg,1_23,31635
1_23_0373.jpg,1_23,16303
1_23_0374.jpg,1_23,37604
1_23_0375.jpg,1_23,20138
1_23_0376.jpg,1_23,30523
1_23_0377.jpg,1_23,25697
1_23_0378.jpg,1_23,20347
1_23_0379.jpg,1_23,29726
1_23_0380.jpg,1_23,16145
1_23_0381.jpg,1_23,1983
1_23_0382.jpg,1_23,8541
1_23_0383.jpg,1_23,26132
1_23_0384.jpg,1_23,16305
1_23_0385.jpg,1_23,13324
1_23_0386.jpg,1_23,37639
1_23_0387.jpg,1_23,37609
1_23_0388.jpg,1_23,33567
1_23_0389.jpg,1_23,18112
1_23_0390.jpg,1_23,30084
1_23_0391.jpg,1_23,21354
1_23_0392.jpg,1_23,27630
1_23_0393.jpg,1_23,17280
1_23_0394.jpg,1_23,18107
1_23_0395.jpg,1_23,23108
1_23_0396.jpg,1_23,10559
1_23_0397.jpg,1_23,33481
1_23_0398.jpg,1_23,52740
1_23_0399.jpg,1_23,21294
1_23_0400.jpg,1_23,37799
1_23_0401.jpg,1_23,37626
1_23_0402.jpg,1_23,26056
1_23_0403.jpg,1_23,1168
1_23_0404.jpg,1_23,34015
1_23_0405.jpg,1_23,24106
1_23_0406.jpg,1_23,24403
1_23_0407.jpg,1_23,29190
1_23_0408.jpg,1_23,34501
1_23_0409.jpg,1_23,21885
1_23_0410.jpg,1_23,51941
1_23_0411.jpg,1_23,913
1_23_0412.jpg,1_23,33565
1_23_0413.jpg,1_23,2205
1_23_0414.jpg,1_23,2079
1_23_0415.jpg,1_23,37786
1_23_0416.jpg,1_23,42566
1_23_0417.jpg,1_23,1998
1_23_0418.jpg,1_23,33939
1_23_0419.jpg,1_23,32440
1_23_0420.jpg,1_23,37932
1_23_0421.jpg,1_23,43966
1_23_0422.jpg,1_23,35504
1_23_0423.jpg,1_23,39140
1_23_0424.jpg,1_23,23562
1_23_0425.jpg,1_23,10400
1_23_0426.jpg,1_23,1054
1_23_0427.jpg,1_23,33199
1_23_0428.jpg,1_23,21300
1_23_0429.jpg,1_23,16277
1_23_0430.jpg,1_23,43429
1_23_0431.jpg,1_23,27746
1_23_0432.jpg,1_23,44054
1_23_0433.jpg,1_23,52991
1_23_0434.jpg,1_23,1464
1_23_0435.jpg,1_23,37934
1_23_0436.jpg,1_23,28490
1_23_0437.jpg,1_23,17628
1_23_0438.jpg,1_23,37612
1_23_0439.jpg,1_23,1839
1_23_0440.jpg,1_23,43489
1_23_0441.jpg,1_23,37630
1_23_0442.jpg,1_23,16313
1_23_0443.jpg,1_23,51947
1_23_0444.jpg,1_23,19092
1_23_0445.jpg,1_23,31321
1_23_0446.jpg,1_23,44035
1_23_0447.jpg,1_23,8
1_23_0448.jpg,1_23,9244
1_23_0449.jpg,1_23,32208
1_23_0450.jpg,1_23,29713
1_23_0451.jpg,1_23,1985
1_23_0452.jpg,1_23,27749
1_23_0453.jpg,1_23,33940
1_23_0454.jpg,1_23,25785
1_23_0455.jpg,1_23,20563
1_23_0456.jpg,1_23,10319
1_23_0457.jpg,1_23,43426
1_23_0458.jpg,1_23,5201
1_23_0459.jpg,1_23,31132
1_23_0460.jpg,1_23,4608
1_23_0461.jpg,1_23,54499
1_23_0462.jpg,1_23,32200
1_23_0463.jpg,1_23,31139
1_23_0464.jpg,1_23,54740
1_23_0465.jpg,1_23,2082
1_23_0466.jpg,1_23,39420
1_23_0467.jpg,1_23,31142
1_23_0468.jpg,1_23,18565
1_23_0469.jpg,1_23,29087
1_23_0470.jpg,1_23,26057
1_23_0471.jpg,1_23,30482
1_23_0472.jpg,1_23,43077
1_23_0473.jpg,1_23,26061
1_23_0474.jpg,1_23,30492
1_23_0475.jpg,1_23,32309
1_23_0476.jpg,1_23,12437
1_23_0477.jpg,1_23,9225
1_23_0478.jpg,1_23,53261
1_23_0479.jpg,1_23,57894
1_23_0480.jpg,1_23,15027
1_23_0481.jpg,1_23,42562
1_23_0482.jpg,1_23,54610
1_23_0483.jpg,1_23,29089
1_23_0484.jpg,1_23,43046
1_23_0485.jpg,1_23,31152
1_23_0486.jpg,1_23,37695
1_23_0487.jpg,1_23,45545
1_23_0488.jpg,1_23,27173
1_23_0489.jpg,1_23,34508
1_23_0490.jpg,1_23,37933
1_23_0491.jpg,1_23,59099
1_23_0492.jpg,1_23,12535
1_23_0493.jpg,1_23,31950
1_23_0494.jpg,1_23,31548
1_23_0495.jpg,1_23,31966
1_23_0496.jpg,1_23,44015
1_23_0497.jpg,1_23,17561
1_23_0498.jpg,1_23,44011
1_23_0499.jpg,1_23,57020
1_23_0500.jpg,1_23,16281
1_23_0501.jpg,1_23,54615
1_23_0502.jpg,1_23,29762
1_23_0503.jpg,1_23,21066
1_23_0504.jpg,1_23,42575
1_23_0505.jpg,1_23,1924
1_23_0506.jpg,1_23,1956
1_23_0507.jpg,1_23,19308
1_23_0508.jpg,1_23,18310
1_23_0509.jpg,1_23,22045
1_23_0510.jpg,1_23,23856
1_23_0511.jpg,1_23,54154
1_23_0512.jpg,1_23,25489
1_23_0513.jpg,1_23,33502
1_23_0514.jpg,1_23,8548
1_23_0515.jpg,1_23,23248
1_23_0516.jpg,1_23,30494
1_23_0517.jpg,1_23,25680
1_23_0518.jpg,1_23,51959
1_23_0519.jpg,1_23,33486
1_23_0520.jpg,1_23,53455
1_23_0521.jpg,1_23,35335
1_23_0522.jpg,1_23,16478
1_23_0523.jpg,1_23,53004
1_23_0524.jpg,1_23,28617
1_23_0525.jpg,1_23,19086
1_23_0526.jpg,1_23,32504
1_23_0527.jpg,1_23,29729
1_23_0528.jpg,1_23,37796
1_23_0529.jpg,1_23,30308
1_23_0530.jpg,1_23,33052
1_23_0531.jpg,1_23,37785
1_23_0532.jpg,1_23,54161
1_23_0533.jpg,1_23,1986
1_23_0534.jpg,1_23,12283
1_23_0535.jpg,1_23,54153
1_23_0536.jpg,1_23,34695
1_23_0537.jpg,1_23,23105
1_23_0538.jpg,1_23,2113
1_23_0539.jpg,1_23,43080
1_23_0540.jpg,1_23,20193
1_23_0541.jpg,1_23,38757
1_23_0542.jpg,1_23,10909
1_23_0543.jpg,1_23,16398
1_23_0544.jpg,1_23,37931
1_23_0545.jpg,1_23,37928
1_23_0546.jpg,1_23,2070
1_23_0547.jpg,1_23,5200
1_23_0548.jpg,1_23,10397
1_23_0549.jpg,1_23,16311
1_23_0550.jpg,1_23,51958
1_23_0551.jpg,1_23,30316
1_23_0552.jpg,1_23,54449
1_23_0553.jpg,1_23,24404
1_23_0554.jpg,1_23,10130
1_23_0555.jpg,1_23,34550
1_23_0556.jpg,1_23,12436
1_23_0557.jpg,1_23,25243
1_23_0558.jpg,1_23,45402
1_23_0559.jpg,1_23,28659
1_23_0560.jpg,1_23,1035
1_23_0561.jpg,1_23,16517
1_23_0562.jpg,1_23,20634
1_23_0563.jpg,1_23,29983
1_23_0564.jpg,1_23,25788
1_23_0565.jpg,1_23,37641
1_23_0566.jpg,1_23,9067
1_23_0567.jpg,1_23,23546
1_23_0568.jpg,1_23,51230
1_23_0569.jpg,1_23,20682
1_23_0570.jpg,1_23,21857
1_23_0571.jpg,1_23,39179
1_23_0572.jpg,1_23,29080
1_23_0573.jpg,1_23,54643
1_23_0574.jpg,1_23,16477
1_23_0575.jpg,1_23,12285
1_23_0576.jpg,1_23,1955
1_23_0577.jpg,1_23,1034
1_23_0578.jpg,1_23,43760
1_23_0579.jpg,1_23,32839
1_23_0580.jpg,1_23,44040
1_23_0581.jpg,1_23,33563
1_23_0582.jpg,1_23,25241
1_23_0583.jpg,1_23,52997
1_23_0584.jpg,1_23,18094
1_23_0585.jpg,1_23,20558
1_23_0586.jpg,1_23,27170
1_23_0587.jpg,1_23,18266
1_23_0588.jpg,1_23,29192
1_23_0589.jpg,1_23,29083
1_23_0590.jpg,1_23,32349
1_23_0591.jpg,1_23,17634
1_23_0592.jpg,1_23,38476
1_23_0593.jpg,1_23,27751
1_23_0594.jpg,1_23,43078
1_23_0595.jpg,1_23,39137
1_23_0596.jpg,1_23,25676
1_23_0597.jpg,1_23,33623
1_23_0598.jpg,1_23,25811
1_23_0599.jpg,1_23,21886
1_23_0600.jpg,1_23,37947
1_23_0601.jpg,1_23,16952
1_23_0602.jpg,1_23,26160
1_23_0603.jpg,1_23,37926
1_23_0604.jpg,1_23,35332
1_23_0605.jpg,1_23,32441
1_23_0606.jpg,1_23,16960
1_23_0607.jpg,1_23,10556
1_23_0608.jpg,1_23,37680
1_23_0609.jpg,1_23,54503
1_23_0610.jpg,1_23,14336
1_23_0611.jpg,1_23,23851
1_23_0612.jpg,1_23,19306
1_23_0613.jpg,1_23,37941
1_23_0614.jpg,1_23,42567
1_23_0615.jpg,1_23,33633
1_23_0616.jpg,1_23,1735
1_23_0617.jpg,1_23,43065
1_23_0618.jpg,1_23,52954
1_23_0619.jpg,1_23,16383
1_23_0620.jpg,1_23,23100
1_23_0621.jpg,1_23,43060
1_23_0622.jpg,1_23,28612
1_23_0623.jpg,1_23,37623
1_23_0624.jpg,1_23,52987
1_23_0625.jpg,1_23,30498
1_23_0626.jpg,1_23,25689
1_23_0627.jpg,1_23,16385
1_23_0628.jpg,1_23,10987
1_23_0629.jpg,1_23,10900
1_23_0630.jpg,1_23,33602
1_23_0631.jpg,1_23,30490
1_23_0632.jpg,1_23,30307
1_23_0633.jpg,1_23,35503
1_23_0634.jpg,1_23,29714
1_23_0635.jpg,1_23,32461
1_23_0636.jpg,1_23,59117
1_23_0637.jpg,1_23,45541
1_23_0638.jpg,1_23,14461
1_23_0639.jpg,1_23,8536
1_23_0640.jpg,1_23,1667
1_23_0641.jpg,1_23,17287
1_23_0642.jpg,1_23,27020
1_23_0643.jpg,1_23,9045
1_23_0644.jpg,1_23,21356
1_23_0645.jpg,1_23,16210
1_23_0646.jpg,1_23,42573
1_23_0647.jpg,1_23,10991
1_23_0648.jpg,1_23,12438
1_23_0649.jpg,1_23,26134
1_23_0650.jpg,1_23,30487
1_23_0651.jpg,1_23,1650
1_23_0652.jpg,1_23,37691
1_23_0653.jpg,1_23,17288
1_23_0654.jpg,1_23,18306
1_23_0655.jpg,1_23,9261
1_23_0656.jpg,1_23,38479
1_23_0657.jpg,1_23,22037
1_23_0658.jpg,1_23,39183
1_23_0659.jpg,1_23,10320
1_23_0660.jpg,1_23,25685
1_23_0661.jpg,1_23,16946
1_23_0662.jpg,1_23,8545
1_23_0663.jpg,1_23,1055
1_23_0664.jpg,1_23,43427
1_23_0665.jpg,1_23,24411
1_23_0666.jpg,1_23,52951
1_23_0667.jpg,1_23,9256
1_23_0668.jpg,1_23,23106
1_23_0669.jpg,1_23,17560
1_23_0670.jpg,1_23,10301
1_23_0671.jpg,1_23,462
1_23_0672.jpg,1_23,31316
1_23_0673.jpg,1_23,25806
1_23_0674.jpg,1_23,24940
1_23_0675.jpg,1_23,18013
1_23_0676.jpg,1_23,29085
1_23_0677.jpg,1_23,30483
1_23_0678.jpg,1_23,16623
1_23_0679.jpg,1_23,37824
1_23_0680.jpg,1_23,35319
1_23_0681.jpg,1_23,43759
1_23_0682.jpg,1_23,31952
1_23_0683.jpg,1_23,26802
1_23_0684.jpg,1_23,52995
1_23_0685.jpg,1_23,43774
1_23_0686.jpg,1_23,32503
1_23_0687.jpg,1_23,26156
1_23_0688.jpg,1_23,31134
1_23_0689.jpg,1_23,21359
1_23_0690.jpg,1_23,18102
1_23_0691.jpg,1_23,30299
1_23_0692.jpg,1_23,5211
1_23_0693.jpg,1_23,31140
1_23_0694.jpg,1_23,23556
1_23_0695.jpg,1_23,1665
1_23_0696.jpg,1_23,9227
1_23_0697.jpg,1_23,29757
1_23_0698.jpg,1_23,25816
1_23_0699.jpg,1_23,37607
1_23_0700.jpg,1_23,16985
1_23_0701.jpg,1_23,43059
1_23_0702.jpg,1_23,20266
1_23_0703.jpg,1_23,28610
1_23_0704.jpg,1_23,33606
1_23_0705.jpg,1_23,43971
1_23_0706.jpg,1_23,21890
1_23_0707.jpg,1_23,18632
1_23_0708.jpg,1_23,2234
1_23_0709.jpg,1_23,37696
1_23_0710.jpg,1_23,1925
1_23_0711.jpg,1_23,28438
1_23_0712.jpg,1_23,28994
1_23_0713.jpg,1_23,12297
1_23_0714.jpg,1_23,27230
1_23_0715.jpg,1_23,43107
1_23_0716.jpg,1_23,42553
1_23_0717.jpg,1_23,32337
1_23_0718.jpg,1_23,32203
1_23_0719.jpg,1_23,16362
1_23_0720.jpg,1_23,54634
1_23_0721.jpg,1_23,37831
1_23_0722.jpg,1_23,2086
1_23_0723.jpg,1_23,25695
1_23_0724.jpg,1_23,33935
1_23_0725.jpg,1_23,21889
1_23_0726.jpg,1_23,29755
1_23_0727.jpg,1_23,42558
1_23_0728.jpg,1_23,37946
1_23_0729.jpg,1_23,24949
1_23_0730.jpg,1_23,20200
1_23_0731.jpg,1_23,52998
1_23_0732.jpg,1_23,23924
1_23_0733.jpg,1_23,17289
1_23_0734.jpg,1_23,28374
1_23_0735.jpg,1_23,28413
1_23_0736.jpg,1_23,24948
1_23_0737.jpg,1_23,1927
1_23_0738.jpg,1_23,34996
1_23_0739.jpg,1_23,18641
1_23_0740.jpg,1_23,43975
1_23_0741.jpg,1_23,37233
1_23_0742.jpg,1_23,30510
1_23_0743.jpg,1_23,54453
1_23_0744.jpg,1_23,21187
1_23_0745.jpg,1_23,37300
1_23_0746.jpg,1_23,52743
1_23_0747.jpg,1_23,37232
1_23_0748.jpg,1_23,944
1_23_0749.jpg,1_23,37627
1_23_0750.jpg,1_23,18308
1_23_0751.jpg,1_23,18567
1_23_0752.jpg,1_23,34700
1_23_0753.jpg,1_23,34549
1_23_0754.jpg,1_23,39191
1_23_0755.jpg,1_23,2114
1_23_0756.jpg,1_23,12787
1_23_0757.jpg,1_23,42556
1_23_0758.jpg,1_23,37821
1_23_0759.jpg,1_23,31322
1_23_0760.jpg,1_23,20632
1_23_0761.jpg,1_23,32842
1_23_0762.jpg,1_23,21360
1_23_0763.jpg,1_23,16399
1_23_0764.jpg,1_23,10324
1_23_0765.jpg,1_23,32984
1_23_0766.jpg,1_23,34329
1_23_0767.jpg,1_23,21068
1_23_0768.jpg,1_23,34992
1_23_0769.jpg,1_23,42560
1_23_0770.jpg,1_23,34984
1_23_0771.jpg,1_23,43082
1_23_0772.jpg,1_23,27624
1_23_0773.jpg,1_23,52949
1_23_0774.jpg,1_23,44009
1_23_0775.jpg,1_23,9250
1_23_0776.jpg,1_23,54632
1_23_0777.jpg,1_23,16950
1_23_0778.jpg,1_23,23548
1_23_0779.jpg,1_23,57332
1_23_0780.jpg,1_23,57514
1_23_0781.jpg,1_23,58922
1_23_0782.jpg,1_23,27631
1_23_0783.jpg,1_23,31956
1_23_0784.jpg,1_23,19736
1_23_0785.jpg,1_23,43081
1_23_0786.jpg,1_23,53003
1_23_0787.jpg,1_23,20507
1_23_0788.jpg,1_23,28989
1_23_0789.jpg,1_23,43421
1_23_0790.jpg,1_23,33942
1_23_0791.jpg,1_23,10899
1_23_0792.jpg,1_23,59116
1_23_0793.jpg,1_23,23174
1_23_0794.jpg,1_23,30495
1_23_0795.jpg,1_23,26789
1_23_0796.jpg,1_23,31954
1_23_0797.jpg,1_23,9222
1_23_0798.jpg,1_23,12421
1_23_0799.jpg,1_23,10995
1_23_0800.jpg,1_23,45507
1_23_0801.jpg,1_23,19776
1_23_0802.jpg,1_23,16472
1_23_0803.jpg,1_23,26047
1_23_0804.jpg,1_23,34507
1_23_0805.jpg,1_23,1680
1_23_0806.jpg,1_23,33367
1_23_0807.jpg,1_23,33488
1_23_0808.jpg,1_23,16947
1_23_0809.jpg,1_23,27240
1_23_0810.jpg,1_23,37684
1_23_0811.jpg,1_23,24108
1_23_0812.jpg,1_23,26058
1_23_0813.jpg,1_23,54644
1_23_0814.jpg,1_23,23177
1_23_0815.jpg,1_23,13335
1_23_0816.jpg,1_23,1060
1_23_0817.jpg,1_23,32454
1_23_0818.jpg,1_23,42569
1_23_0819.jpg,1_23,10229
1_23_0820.jpg,1_23,16215
1_23_0821.jpg,1_23,16943
1_23_0822.jpg,1_23,28992
1_23_0823.jpg,1_23,28975
1_23_0824.jpg,1_23,58927
1_23_0825.jpg,1_23,8551
1_23_0826.jpg,1_23,29189
1_23_0827.jpg,1_23,42577
1_23_0828.jpg,1_23,54258
1_23_0829.jpg,1_23,20676
1_23_0830.jpg,1_23,10981
1_23_0831.jpg,1_23,24103
1_23_0832.jpg,1_23,30295
1_23_0833.jpg,1_23,37792
1_23_0834.jpg,1_23,15397
1_23_0835.jpg,1_23,51679
1_23_0836.jpg,1_23,43423
1_23_0837.jpg,1_23,32055
1_23_0838.jpg,1_23,38482
1_23_0839.jpg,1_23,24105
1_23_0840.jpg,1_23,1997
1_23_0841.jpg,1_23,28327
1_23_0842.jpg,1_23,31549
1_23_0843.jpg,1_23,58924
1_23_0844.jpg,1_23,27175
1_23_0845.jpg,1_23,23561
1_23_0846.jpg,1_23,26157
1_23_0847.jpg,1_23,21301
1_23_0848.jpg,1_23,16184
1_23_0849.jpg,1_23,28661
1_23_0850.jpg,1_23,57907
1_23_0851.jpg,1_23,57896
1_23_0852.jpg,1_23,30310
1_23_0853.jpg,1_23,33361
1_23_0854.jpg,1_23,19731
1_23_0855.jpg,1_23,24950
1_23_0856.jpg,1_23,31143
1_23_0857.jpg,1_23,27163
1_23_0858.jpg,1_23,979
1_23_0859.jpg,1_23,16208
1_23_0860.jpg,1_23,10321
1_23_0861.jpg,1_23,27176
1_23_0862.jpg,1_23,43985
1_23_0863.jpg,1_23,9258
1_23_0864.jpg,1_23,52989
1_23_0865.jpg,1_23,23170
1_23_0866.jpg,1_23,43984
1_23_0867.jpg,1_23,9175
1_23_0868.jpg,1_23,37952
1_23_0869.jpg,1_23,10323
1_23_0870.jpg,1_23,1921
1_23_0871.jpg,1_23,44057
1_23_0872.jpg,1_23,34498
1_23_0873.jpg,1_23,20681
1_23_0874.jpg,1_23,33513
1_23_0875.jpg,1_23,43488
1_23_0876.jpg,1_23,42578
1_23_0877.jpg,1_23,35320
1_23_0878.jpg,1_23,37801
1_23_0879.jpg,1_23,54305
1_23_0880.jpg,1_23,33626
1_23_0881.jpg,1_23,37938
1_23_0882.jpg,1_23,59104
1_23_0883.jpg,1_23,12294
1_23_0884.jpg,1_23,57897
1_23_0885.jpg,1_23,33200
1_23_0886.jpg,1_23,10989
1_23_0887.jpg,1_23,33360
1_23_0888.jpg,1_23,2554
1_23_0889.jpg,1_23,33209
1_23_0890.jpg,1_23,31949
1_23_0891.jpg,1_23,10403
1_23_0892.jpg,1_23,25801
1_23_0893.jpg,1_23,17565
1_23_0894.jpg,1_23,43986
1_23_0895.jpg,1_23,30073
1_23_0896.jpg,1_23,16945
1_23_0897.jpg,1_23,16300
1_23_0898.jpg,1_23,30080
1_23_0899.jpg,1_23,30318
1_23_0900.jpg,1_23,30296
1_23_0901.jpg,1_23,18644
1_23_0902.jpg,1_23,2892
1_23_0903.jpg,1_23,25687
1_23_0904.jpg,1_23,52985
1_23_0905.jpg,1_23,57014
1_23_0906.jpg,1_23,33936
1_23_0907.jpg,1_23,45512
1_23_0908.jpg,1_23,37616
1_23_0909.jpg,1_23,25161
1_23_0910.jpg,1_23,16370
1_23_0911.jpg,1_23,55905
1_23_0912.jpg,1_23,32319
1_23_0913.jpg,1_23,23854
1_23_0914.jpg,1_23,51683
1_23_0915.jpg,1_23,43113
1_23_0916.jpg,1_23,32989
1_23_0917.jpg,1_23,4606
1_23_0918.jpg,1_23,12794
1_23_0919.jpg,1_23,10298
1_23_0920.jpg,1_23,24420
1_23_0921.jpg,1_23,12800
1_23_0922.jpg,1_23,37950
1_23_0923.jpg,1_23,39194
1_23_0924.jpg,1_23,28498
1_23_0925.jpg,1_23,30300
1_23_0926.jpg,1_23,25476
1_23_0927.jpg,1_23,38452
1_23_0928.jpg,1_23,30501
1_23_0929.jpg,1_23,34982
1_23_0930.jpg,1_23,30389
1_23_0931.jpg,1_23,33634
1_23_0932.jpg,1_23,5214
1_23_0933.jpg,1_23,43108
1_23_0934.jpg,1_23,23112
1_23_0935.jpg,1_23,2069
1_23_0936.jpg,1_23,8534
1_23_0937.jpg,1_23,9065
1_23_0938.jpg,1_23,33053
1_23_0939.jpg,1_23,23559
1_23_0940.jpg,1_23,18429
1_23_0941.jpg,1_23,17009
1_23_0942.jpg,1_23,30303
1_23_0943.jpg,1_23,32439
1_23_0944.jpg,1_23,54302
1_23_0945.jpg,1_23,37949
1_23_0946.jpg,1_23,28324
1_23_0947.jpg,1_23,25471
1_23_0948.jpg,1_23,32052
1_23_0949.jpg,1_23,18111
1_23_0950.jpg,1_23,10557
1_23_0951.jpg,1_23,38453
1_23_0952.jpg,1_23,16954
1_23_0953.jpg,1_23,33362
1_23_0954.jpg,1_23,31547
1_23_0955.jpg,1_23,8539
1_23_0956.jpg,1_23,43420
1_23_0957.jpg,1_23,9049
1_23_0958.jpg,1_23,33060
1_23_0959.jpg,1_23,9247
1_23_0960.jpg,1_23,43075
1_23_0961.jpg,1_23,37638
1_23_0962.jpg,1_23,16984
1_23_0963.jpg,1_23,8553
1_23_0964.jpg,1_23,39135
1_23_0965.jpg,1_23,9052
1_23_0966.jpg,1_23,2075
1_23_0967.jpg,1_23,21180
1_23_0968.jpg,1_23,30302
1_23_0969.jpg,1_23,5209
1_23_0970.jpg,1_23,2072
1_23_0971.jpg,1_23,1020
1_23_0972.jpg,1_23,37637
1_23_0973.jpg,1_23,21291
1_23_0974.jpg,1_23,1681
1_23_0975.jpg,1_23,55284
1_23_0976.jpg,1_23,5197
1_23_0977.jpg,1_23,51961
1_23_0978.jpg,1_23,29214
1_23_0979.jpg,1_23,24952
1_23_0980.jpg,1_23,42564
1_23_0981.jpg,1_23,1934
1_23_0982.jpg,1_23,23246
1_23_0983.jpg,1_23,8540
1_23_0984.jpg,1_23,16142
1_23_0985.jpg,1_23,1682
1_23_0986.jpg,1_23,33636
1_23_0987.jpg,1_23,36050
1_23_0988.jpg,1_23,29718
1_23_0989.jpg,1_23,915
1_23_0990.jpg,1_23,2893
1_23_0991.jpg,1_23,8550
1_23_0992.jpg,1_23,28371
1_23_0993.jpg,1_23,37298
1_23_0994.jpg,1_23,27625
1_23_0995.jpg,1_23,45546
1_23_0996.jpg,1_23,10992
1_23_0997.jpg,1_23,29724
1_23_0998.jpg,1_23,34337
1_23_0999.jpg,1_23,43093
4_1_1_0000.jpg,4_1_1,6385
4_1_1_0001.jpg,4_1_1,15195
4_1_1_0002.jpg,4_1_1,36427
4_1_1_0003.jpg,4_1_1,42157
4_1_1_0004.jpg,4_1_1,42235
4_1_1_0005.jpg,4_1_1,15837
4_1_1_0006.jpg,4_1_1,58432
4_1_1_0007.jpg,4_1_1,34863
4_1_1_0008.jpg,4_1_1,5601
4_1_1_0009.jpg,4_1_1,6628
4_1_1_0010.jpg,4_1_1,3130
4_1_1_0011.jpg,4_1_1,28597
4_1_1_0012.jpg,4_1_1,21589
4_1_1_0013.jpg,4_1_1,36717
4_1_1_0014.jpg,4_1_1,18761
4_1_1_0015.jpg,4_1_1,2305
4_1_1_0016.jpg,4_1_1,6627
4_1_1_0017.jpg,4_1_1,26691
4_1_1_0018.jpg,4_1_1,55158
4_1_1_0019.jpg,4_1_1,43827
4_1_1_0020.jpg,4_1_1,20536
4_1_1_0021.jpg,4_1_1,47986
4_1_1_0022.jpg,4_1_1,7890
4_1_1_0023.jpg,4_1_1,20019
4_1_1_0024.jpg,4_1_1,42745
4_1_1_0025.jpg,4_1_1,44993
4_1_1_0026.jpg,4_1_1,47253
4_1_1_0027.jpg,4_1_1,7889
4_1_1_0028.jpg,4_1_1,35414
4_1_1_0029.jpg,4_1_1,8948
4_1_1_0030.jpg,4_1_1,25347
4_1_1_0031.jpg,4_1_1,4967
4_1_1_0032.jpg,4_1_1,45009
4_1_1_0033.jpg,4_1_1,57860
4_1_1_0034.jpg,4_1_1,15769
4_1_1_0035.jpg,4_1_1,5339
4_1_1_0036.jpg,4_1_1,31258
4_1_1_0037.jpg,4_1_1,4961
4_1_1_0038.jpg,4_1_1,35833
4_1_1_0039.jpg,4_1_1,5599
4_1_1_0040.jpg,4_1_1,35227
4_1_1_0041.jpg,4_1_1,45011
4_1_1_0042.jpg,4_1_1,20018
4_1_1_0043.jpg,4_1_1,42236
4_1_1_0044.jpg,4_1_1,15093
4_1_1_0045.jpg,4_1_1,36432
4_1_1_0046.jpg,4_1_1,43006
4_1_1_0047.jpg,4_1_1,3801
4_1_1_0048.jpg,4_1_1,4504
4_1_1_0049.jpg,4_1_1,17188
4_1_1_0050.jpg,4_1_1,35217
4_1_1_0051.jpg,4_1_1,5168
4_1_1_0052.jpg,4_1_1,21593
4_1_1_0053.jpg,4_1_1,14839
4_1_1_0054.jpg,4_1_1,30682
4_1_1_0055.jpg,4_1_1,39639
4_1_1_0056.jpg,4_1_1,44393
4_1_1_0057.jpg,4_1_1,15763
4_1_1_0058.jpg,4_1_1,41950
4_1_1_0059.jpg,4_1_1,57117
4_1_1_0060.jpg,4_1_1,47200
4_1_1_0061.jpg,4_1_1,29813
4_1_1_0062.jpg,4_1_1,8692
4_1_1_0063.jpg,4_1_1,36399
4_1_1_0064.jpg,4_1_1,58362
4_1_1_0065.jpg,4_1_1,15194
4_1_1_0066.jpg,4_1_1,47316
4_1_1_0067.jpg,4_1_1,58645
4_1_1_0068.jpg,4_1_1,6568
4_1_1_0069.jpg,4_1_1,47416
4_1_1_0070.jpg,4_1_1,4182
4_1_1_0071.jpg,4_1_1,48381
4_1_1_0072.jpg,4_1_1,57852
4_1_1_0073.jpg,4_1_1,46270
4_1_1_0074.jpg,4_1_1,34845
4_1_1_0075.jpg,4_1_1,54763
4_1_1_0076.jpg,4_1_1,41711
4_1_1_0077.jpg,4_1_1,20448
4_1_1_0078.jpg,4_1_1,6381
4_1_1_0079.jpg,4_1_1,2722
4_1_1_0080.jpg,4_1_1,41595
4_1_1_0081.jpg,4_1_1,35209
4_1_1_0082.jpg,4_1_1,41589
4_1_1_0083.jpg,4_1_1,4951
4_1_1_0084.jpg,4_1_1,23413
4_1_1_0085.jpg,4_1_1,28793
4_1_1_0086.jpg,4_1_1,35871
4_1_1_0087.jpg,4_1_1,41000
4_1_1_0088.jpg,4_1_1,41663
4_1_1_0089.jpg,4_1_1,4701
4_1_1_0090.jpg,4_1_1,5245
4_1_1_0091.jpg,4_1_1,5749
4_1_1_0092.jpg,4_1_1,21904
4_1_1_0093.jpg,4_1_1,24263
4_1_1_0094.jpg,4_1_1,42155
4_1_1_0095.jpg,4_1_1,38591
4_1_1_0096.jpg,4_1_1,4891
4_1_1_0097.jpg,4_1_1,44512
4_1_1_0098.jpg,4_1_1,49842
4_1_1_0099.jpg,4_1_1,48376
4_1_1_0100.jpg,4_1_1,6096
4_1_1_0101.jpg,4_1_1,4119
4_1_1_0102.jpg,4_1_1,20023
4_1_1_0103.jpg,4_1_1,6630
4_1_1_0104.jpg,4_1_1,18728
4_1_1_0105.jpg,4_1_1,6816
4_1_1_0106.jpg,4_1_1,39628
4_1_1_0107.jpg,4_1_1,47206
4_1_1_0108.jpg,4_1_1,25006
4_1_1_0109.jpg,4_1_1,5337
4_1_1_0110.jpg,4_1_1,9425
4_1_1_0111.jpg,4_1_1,47042
4_1_1_0112.jpg,4_1_1,25694
4_1_1_0113.jpg,4_1_1,43388
4_1_1_0114.jpg,4_1_1,35234
4_1_1_0115.jpg,4_1_1,14634
4_1_1_0116.jpg,4_1_1,45016
4_1_1_0117.jpg,4_1_1,42852
4_1_1_0118.jpg,4_1_1,45018
4_1_1_0119.jpg,4_1_1,37144
4_1_1_0120.jpg,4_1_1,38598
4_1_1_0121.jpg,4_1_1,14605
4_1_1_0122.jpg,4_1_1,44940
4_1_1_0123.jpg,4_1_1,46188
4_1_1_0124.jpg,4_1_1,46266
4_1_1_0125.jpg,4_1_1,40825
4_1_1_0126.jpg,4_1_1,54800
4_1_1_0127.jpg,4_1_1,24262
4_1_1_0128.jpg,4_1_1,19413
4_1_1_0129.jpg,4_1_1,57853
4_1_1_0130.jpg,4_1_1,41578
4_1_1_0131.jpg,4_1_1,39794
4_1_1_0132.jpg,4_1_1,25007
4_1_1_0133.jpg,4_1_1,34865
4_1_1_0134.jpg,4_1_1,35408
4_1_1_0135.jpg,4_1_1,14635
4_1_1_0136.jpg,4_1_1,5780
4_1_1_0137.jpg,4_1_1,45095
4_1_1_0138.jpg,4_1_1,30678
4_1_1_0139.jpg,4_1_1,4957
4_1_1_0140.jpg,4_1_1,5294
4_1_1_0141.jpg,4_1_1,11623
4_1_1_0142.jpg,4_1_1,35205
4_1_1_0143.jpg,4_1_1,35230
4_1_1_0144.jpg,4_1_1,8962
4_1_1_0145.jpg,4_1_1,39942
4_1_1_0146.jpg,4_1_1,5574
4_1_1_0147.jpg,4_1_1,3133
4_1_1_0148.jpg,4_1_1,4886
4_1_1_0149.jpg,4_1_1,44397
4_1_1_0150.jpg,4_1_1,4023
4_1_1_0151.jpg,4_1_1,46886
4_1_1_0152.jpg,4_1_1,4179
4_1_1_0153.jpg,4_1_1,35232
4_1_1_0154.jpg,4_1_1,41709
4_1_1_0155.jpg,4_1_1,3126
4_1_1_0156.jpg,4_1_1,6380
4_1_1_0157.jpg,4_1_1,21587
4_1_1_0158.jpg,4_1_1,39797
4_1_1_0159.jpg,4_1_1,41712
4_1_1_0160.jpg,4_1_1,17186
4_1_1_0161.jpg,4_1_1,5820
4_1_1_0162.jpg,4_1_1,15321
4_1_1_0163.jpg,4_1_1,39928
4_1_1_0164.jpg,4_1_1,39931
4_1_1_0165.jpg,4_1_1,4880
4_1_1_0166.jpg,4_1_1,45006
4_1_1_0167.jpg,4_1_1,4310
4_1_1_0168.jpg,4_1_1,41005
4_1_1_0169.jpg,4_1_1,44809
4_1_1_0170.jpg,4_1_1,58237
4_1_1_0171.jpg,4_1_1,45094
4_1_1_0172.jpg,4_1_1,35213
4_1_1_0173.jpg,4_1_1,46203
4_1_1_0174.jpg,4_1_1,58239
4_1_1_0175.jpg,4_1_1,6819
4_1_1_0176.jpg,4_1_1,15291
4_1_1_0177.jpg,4_1_1,41007
4_1_1_0178.jpg,4_1_1,35231
4_1_1_0179.jpg,4_1_1,35207
4_1_1_0180.jpg,4_1_1,35266
4_1_1_0181.jpg,4_1_1,12661
4_1_1_0182.jpg,4_1_1,36245
4_1_1_0183.jpg,4_1_1,58648
4_1_1_0184.jpg,4_1_1,46321
4_1_1_0185.jpg,4_1_1,47526
4_1_1_0186.jpg,4_1_1,36241
4_1_1_0187.jpg,4_1_1,36308
4_1_1_0188.jpg,4_1_1,2977
4_1_1_0189.jpg,4_1_1,45014
4_1_1_0190.jpg,4_1_1,3531
4_1_1_0191.jpg,4_1_1,26696
4_1_1_0192.jpg,4_1_1,48009
4_1_1_0193.jpg,4_1_1,48701
4_1_1_0194.jpg,4_1_1,5244
4_1_1_0195.jpg,4_1_1,21590
4_1_1_0196.jpg,4_1_1,30238
4_1_1_0197.jpg,4_1_1,15770
4_1_1_0198.jpg,4_1_1,47310
4_1_1_0199.jpg,4_1_1,21419
4_1_1_0200.jpg,4_1_1,28802
4_1_1_0201.jpg,4_1_1,30688
4_1_1_0202.jpg,4_1_1,3540
4_1_1_0203.jpg,4_1_1,3534
4_1_1_0204.jpg,4_1_1,6278
4_1_1_0205.jpg,4_1_1,36431
4_1_1_0206.jpg,4_1_1,41002
4_1_1_0207.jpg,4_1_1,47528
4_1_1_0208.jpg,4_1_1,45994
4_1_1_0209.jpg,4_1_1,54566
4_1_1_0210.jpg,4_1_1,48171
4_1_1_0211.jpg,4_1_1,42239
4_1_1_0212.jpg,4_1_1,6005
4_1_1_0213.jpg,4_1_1,56626
4_1_1_0214.jpg,4_1_1,26697
4_1_1_0215.jpg,4_1_1,54768
4_1_1_0216.jpg,4_1_1,15765
4_1_1_0217.jpg,4_1_1,42890
4_1_1_0218.jpg,4_1_1,21746
4_1_1_0219.jpg,4_1_1,35200
4_1_1_0220.jpg,4_1_1,49536
4_1_1_0221.jpg,4_1_1,4960
4_1_1_0222.jpg,4_1_1,36904
4_1_1_0223.jpg,4_1_1,41660
4_1_1_0224.jpg,4_1_1,56081
4_1_1_0225.jpg,4_1_1,41003
4_1_1_0226.jpg,4_1_1,57848
4_1_1_0227.jpg,4_1_1,41839
4_1_1_0228.jpg,4_1_1,36228
4_1_1_0229.jpg,4_1_1,36961
4_1_1_0230.jpg,4_1_1,33683
4_1_1_0231.jpg,4_1_1,58644
4_1_1_0232.jpg,4_1_1,36714
4_1_1_0233.jpg,4_1_1,47313
4_1_1_0234.jpg,4_1_1,5875
4_1_1_0235.jpg,4_1_1,35270
4_1_1_0236.jpg,4_1_1,4038
4_1_1_0237.jpg,4_1_1,21773
4_1_1_0238.jpg,4_1_1,12665
4_1_1_0239.jpg,4_1_1,35219
4_1_1_0240.jpg,4_1_1,38592
4_1_1_0241.jpg,4_1_1,21422
4_1_1_0242.jpg,4_1_1,39822
4_1_1_0243.jpg,4_1_1,56106
4_1_1_0244.jpg,4_1_1,19222
4_1_1_0245.jpg,4_1_1,45092
4_1_1_0246.jpg,4_1_1,14841
4_1_1_0247.jpg,4_1_1,15836
4_1_1_0248.jpg,4_1_1,4101
4_1_1_0249.jpg,4_1_1,58652
4_1_1_0250.jpg,4_1_1,56084
4_1_1_0251.jpg,4_1_1,4005
4_1_1_0252.jpg,4_1_1,5427
4_1_1_0253.jpg,4_1_1,46942
4_1_1_0254.jpg,4_1_1,20062
4_1_1_0255.jpg,4_1_1,19171
4_1_1_0256.jpg,4_1_1,49581
4_1_1_0257.jpg,4_1_1,44516
4_1_1_0258.jpg,4_1_1,37170
4_1_1_0259.jpg,4_1_1,3127
4_1_1_0260.jpg,4_1_1,45017
4_1_1_0261.jpg,4_1_1,39935
4_1_1_0262.jpg,4_1_1,18756
4_1_1_0263.jpg,4_1_1,21576
4_1_1_0264.jpg,4_1_1,4882
4_1_1_0265.jpg,4_1_1,57808
4_1_1_0266.jpg,4_1_1,19048
4_1_1_0267.jpg,4_1_1,19415
4_1_1_0268.jpg,4_1_1,25357
4_1_1_0269.jpg,4_1_1,19219
4_1_1_0270.jpg,4_1_1,4039
4_1_1_0271.jpg,4_1_1,41006
4_1_1_0272.jpg,4_1_1,10052
4_1_1_0273.jpg,4_1_1,10059
4_1_1_0274.jpg,4_1_1,9477
4_1_1_0275.jpg,4_1_1,40834
4_1_1_0276.jpg,4_1_1,48494
4_1_1_0277.jpg,4_1_1,38596
4_1_1_0278.jpg,4_1_1,4526
4_1_1_0279.jpg,4_1_1,41952
4_1_1_0280.jpg,4_1_1,4123
4_1_1_0281.jpg,4_1_1,47851
4_1_1_0282.jpg,4_1_1,15555
4_1_1_0283.jpg,4_1_1,5166
4_1_1_0284.jpg,4_1_1,18726
4_1_1_0285.jpg,4_1_1,6123
4_1_1_0286.jpg,4_1_1,2981
4_1_1_0287.jpg,4_1_1,36226
4_1_1_0288.jpg,4_1_1,17184
4_1_1_0289.jpg,4_1_1,3672
4_1_1_0290.jpg,4_1_1,30690
4_1_1_0291.jpg,4_1_1,40998
4_1_1_0292.jpg,4_1_1,47620
4_1_1_0293.jpg,4_1_1,25690
4_1_1_0294.jpg,4_1_1,36843
4_1_1_0295.jpg,4_1_1,35415
4_1_1_0296.jpg,4_1_1,25687
4_1_1_0297.jpg,4_1_1,14167
4_1_1_0298.jpg,4_1_1,2982
4_1_1_0299.jpg,4_1_1,42158
4_1_1_0300.jpg,4_1_1,33682
4_1_1_0301.jpg,4_1_1,37251
4_1_1_0302.jpg,4_1_1,3010
4_1_1_0303.jpg,4_1_1,15826
4_1_1_0304.jpg,4_1_1,57120
4_1_1_0305.jpg,4_1_1,36908
4_1_1_0306.jpg,4_1_1,21771
4_1_1_0307.jpg,4_1_1,16420
4_1_1_0308.jpg,4_1_1,36962
4_1_1_0309.jpg,4_1_1,4883
4_1_1_0310.jpg,4_1_1,46304
4_1_1_0311.jpg,4_1_1,35202
4_1_1_0312.jpg,4_1_1,4887
4_1_1_0313.jpg,4_1_1,41983
4_1_1_0314.jpg,4_1_1,48486
4_1_1_0315.jpg,4_1_1,7111
4_1_1_0316.jpg,4_1_1,18326
4_1_1_0317.jpg,4_1_1,35229
4_1_1_0318.jpg,4_1_1,35262
4_1_1_0319.jpg,4_1_1,46341
4_1_1_0320.jpg,4_1_1,55480
4_1_1_0321.jpg,4_1_1,41579
4_1_1_0322.jpg,4_1_1,18730
4_1_1_0323.jpg,4_1_1,6054
4_1_1_0324.jpg,4_1_1,39818
4_1_1_0325.jpg,4_1_1,15303
4_1_1_0326.jpg,4_1_1,55674
4_1_1_0327.jpg,4_1_1,28788
4_1_1_0328.jpg,4_1_1,49956
4_1_1_0329.jpg,4_1_1,47418
4_1_1_0330.jpg,4_1_1,40534
4_1_1_0331.jpg,4_1_1,47235
4_1_1_0332.jpg,4_1_1,46172
4_1_1_0333.jpg,4_1_1,4224
4_1_1_0334.jpg,4_1_1,47048
4_1_1_0335.jpg,4_1_1,36205
4_1_1_0336.jpg,4_1_1,58365
4_1_1_0337.jpg,4_1_1,15091
4_1_1_0338.jpg,4_1_1,14163
4_1_1_0339.jpg,4_1_1,4011
4_1_1_0340.jpg,4_1_1,15298
4_1_1_0341.jpg,4_1_1,37039
4_1_1_0342.jpg,4_1_1,24835
4_1_1_0343.jpg,4_1_1,46276
4_1_1_0344.jpg,4_1_1,57849
4_1_1_0345.jpg,4_1_1,39934
4_1_1_0346.jpg,4_1_1,44518
4_1_1_0347.jpg,4_1_1,4803
4_1_1_0348.jpg,4_1_1,42911
4_1_1_0349.jpg,4_1_1,37137
4_1_1_0350.jpg,4_1_1,4877
4_1_1_0351.jpg,4_1_1,38594
4_1_1_0352.jpg,4_1_1,18513
4_1_1_0353.jpg,4_1_1,55414
4_1_1_0354.jpg,4_1_1,4177
4_1_1_0355.jpg,4_1_1,36840
4_1_1_0356.jpg,4_1_1,55163
4_1_1_0357.jpg,4_1_1,36133
4_1_1_0358.jpg,4_1_1,34844
4_1_1_0359.jpg,4_1_1,26689
4_1_1_0360.jpg,4_1_1,7880
4_1_1_0361.jpg,4_1_1,19168
4_1_1_0362.jpg,4_1_1,46224
4_1_1_0363.jpg,4_1_1,4311
4_1_1_0364.jpg,4_1_1,40841
4_1_1_0365.jpg,4_1_1,46601
4_1_1_0366.jpg,4_1_1,15318
4_1_1_0367.jpg,4_1_1,49841
4_1_1_0368.jpg,4_1_1,46273
4_1_1_0369.jpg,4_1_1,15304
4_1_1_0370.jpg,4_1_1,28595
4_1_1_0371.jpg,4_1_1,41156
4_1_1_0372.jpg,4_1_1,36229
4_1_1_0373.jpg,4_1_1,15767
4_1_1_0374.jpg,4_1_1,6632
4_1_1_0375.jpg,4_1_1,25499
4_1_1_0376.jpg,4_1_1,47230
4_1_1_0377.jpg,4_1_1,11624
4_1_1_0378.jpg,4_1_1,55507
4_1_1_0379.jpg,4_1_1,35416
4_1_1_0380.jpg,4_1_1,30253
4_1_1_0381.jpg,4_1_1,41588
4_1_1_0382.jpg,4_1_1,45013
4_1_1_0383.jpg,4_1_1,36332
4_1_1_0384.jpg,4_1_1,6383
4_1_1_0385.jpg,4_1_1,2979
4_1_1_0386.jpg,4_1_1,39941
4_1_1_0387.jpg,4_1_1,42233
4_1_1_0388.jpg,4_1_1,35418
4_1_1_0389.jpg,4_1_1,6556
4_1_1_0390.jpg,4_1_1,37048
4_1_1_0391.jpg,4_1_1,55482
4_1_1_0392.jpg,4_1_1,7887
4_1_1_0393.jpg,4_1_1,50176
4_1_1_0394.jpg,4_1_1,44517
4_1_1_0395.jpg,4_1_1,33192
4_1_1_0396.jpg,4_1_1,14169
4_1_1_0397.jpg,4_1_1,40734
4_1_1_0398.jpg,4_1_1,36138
4_1_1_0399.jpg,4_1_1,46305
4_1_1_0400.jpg,4_1_1,39817
4_1_1_0401.jpg,4_1_1,45190
4_1_1_0402.jpg,4_1_1,58651
4_1_1_0403.jpg,4_1_1,36839
4_1_1_0404.jpg,4_1_1,43391
4_1_1_0405.jpg,4_1_1,39938
4_1_1_0406.jpg,4_1_1,4085
4_1_1_0407.jpg,4_1_1,35870
4_1_1_0408.jpg,4_1_1,55661
4_1_1_0409.jpg,4_1_1,20053
4_1_1_0410.jpg,4_1_1,30694
4_1_1_0411.jpg,4_1_1,5786
4_1_1_0412.jpg,4_1_1,9791
4_1_1_0413.jpg,4_1_1,5816
4_1_1_0414.jpg,4_1_1,44573
4_1_1_0415.jpg,4_1_1,48400
4_1_1_0416.jpg,4_1_1,48173
4_1_1_0417.jpg,4_1_1,46894
4_1_1_0418.jpg,4_1_1,28600
4_1_1_0419.jpg,4_1_1,25354
4_1_1_0420.jpg,4_1_1,15830
4_1_1_0421.jpg,4_1_1,4118
4_1_1_0422.jpg,4_1_1,40531
4_1_1_0423.jpg,4_1_1,7086
4_1_1_0424.jpg,4_1_1,25358
4_1_1_0425.jpg,4_1_1,47847
4_1_1_0426.jpg,4_1_1,15090
4_1_1_0427.jpg,4_1_1,40830
4_1_1_0428.jpg,4_1_1,5900
4_1_1_0429.jpg,4_1_1,12018
4_1_1_0430.jpg,4_1_1,41843
4_1_1_0431.jpg,4_1_1,39706
4_1_1_0432.jpg,4_1_1,9773
4_1_1_0433.jpg,4_1_1,25011
4_1_1_0434.jpg,4_1_1,9779
4_1_1_0435.jpg,4_1_1,4968
4_1_1_0436.jpg,4_1_1,5791
4_1_1_0437.jpg,4_1_1,6578
4_1_1_0438.jpg,4_1_1,3128
4_1_1_0439.jpg,4_1_1,10054
4_1_1_0440.jpg,4_1_1,46248
4_1_1_0441.jpg,4_1_1,15760
4_1_1_0442.jpg,4_1_1,30697
4_1_1_0443.jpg,4_1_1,34867
4_1_1_0444.jpg,4_1_1,36708
4_1_1_0445.jpg,4_1_1,28789
4_1_1_0446.jpg,4_1_1,25689
4_1_1_0447.jpg,4_1_1,40831
4_1_1_0448.jpg,4_1_1,3671
4_1_1_0449.jpg,4_1_1,47267
4_1_1_0450.jpg,4_1_1,5887
4_1_1_0451.jpg,4_1_1,14604
4_1_1_0452.jpg,4_1_1,58953
4_1_1_0453.jpg,4_1_1,3132
4_1_1_0454.jpg,4_1_1,12254
4_1_1_0455.jpg,4_1_1,46189
4_1_1_0456.jpg,4_1_1,14632
4_1_1_0457.jpg,4_1_1,56108
4_1_1_0458.jpg,4_1_1,36362
4_1_1_0459.jpg,4_1_1,6265
4_1_1_0460.jpg,4_1_1,40826
4_1_1_0461.jpg,4_1_1,3948
4_1_1_0462.jpg,4_1_1,43007
4_1_1_0463.jpg,4_1_1,34868
4_1_1_0464.jpg,4_1_1,46141
4_1_1_0465.jpg,4_1_1,47931
4_1_1_0466.jpg,4_1_1,4035
4_1_1_0467.jpg,4_1_1,4507
4_1_1_0468.jpg,4_1_1,15768
4_1_1_0469.jpg,4_1_1,39707
4_1_1_0470.jpg,4_1_1,15300
4_1_1_0471.jpg,4_1_1,4117
4_1_1_0472.jpg,4_1_1,25346
4_1_1_0473.jpg,4_1_1,47311
4_1_1_0474.jpg,4_1_1,46700
4_1_1_0475.jpg,4_1_1,40997
4_1_1_0476.jpg,4_1_1,4750
4_1_1_0477.jpg,4_1_1,23415
4_1_1_0478.jpg,4_1_1,43386
4_1_1_0479.jpg,4_1_1,5640
4_1_1_0480.jpg,4_1_1,46267
4_1_1_0481.jpg,4_1_1,4965
4_1_1_0482.jpg,4_1_1,36909
4_1_1_0483.jpg,4_1_1,43830
4_1_1_0484.jpg,4_1_1,35236
4_1_1_0485.jpg,4_1_1,5291
4_1_1_0486.jpg,4_1_1,35869
4_1_1_0487.jpg,4_1_1,41573
4_1_1_0488.jpg,4_1_1,37141
4_1_1_0489.jpg,4_1_1,35902
4_1_1_0490.jpg,4_1_1,11782
4_1_1_0491.jpg,4_1_1,35228
4_1_1_0492.jpg,4_1_1,45995
4_1_1_0493.jpg,4_1_1,9778
4_1_1_0494.jpg,4_1_1,39638
4_1_1_0495.jpg,4_1_1,54802
4_1_1_0496.jpg,4_1_1,54762
4_1_1_0497.jpg,4_1_1,17508
4_1_1_0498.jpg,4_1_1,37171
4_1_1_0499.jpg,4_1_1,44395
4_1_1_0500.jpg,4_1_1,21748
4_1_1_0501.jpg,4_1_1,44659
4_1_1_0502.jpg,4_1_1,44520
4_1_1_0503.jpg,4_1_1,45991
4_1_1_0504.jpg,4_1_1,25691
4_1_1_0505.jpg,4_1_1,7897
4_1_1_0506.jpg,4_1_1,5751
4_1_1_0507.jpg,4_1_1,4954
4_1_1_0508.jpg,4_1_1,6263
4_1_1_0509.jpg,4_1_1,58429
4_1_1_0510.jpg,4_1_1,14608
4_1_1_0511.jpg,4_1_1,28796
4_1_1_0512.jpg,4_1_1,25349
4_1_1_0513.jpg,4_1_1,11887
4_1_1_0514.jpg,4_1_1,38589
4_1_1_0515.jpg,4_1_1,48387
4_1_1_0516.jpg,4_1_1,48485
4_1_1_0517.jpg,4_1_1,36139
4_1_1_0518.jpg,4_1_1,21416
4_1_1_0519.jpg,4_1_1,42165
4_1_1_0520.jpg,4_1_1,58311
4_1_1_0521.jpg,4_1_1,47622
4_1_1_0522.jpg,4_1_1,36301
4_1_1_0523.jpg,4_1_1,25692
4_1_1_0524.jpg,4_1_1,34843
4_1_1_0525.jpg,4_1_1,41823
4_1_1_0526.jpg,4_1_1,10056
4_1_1_0527.jpg,4_1_1,46190
4_1_1_0528.jpg,4_1_1,5752
4_1_1_0529.jpg,4_1_1,20022
4_1_1_0530.jpg,4_1_1,46943
4_1_1_0531.jpg,4_1_1,48493
4_1_1_0532.jpg,4_1_1,20450
4_1_1_0533.jpg,4_1_1,15697
4_1_1_0534.jpg,4_1_1,2984
4_1_1_0535.jpg,4_1_1,40828
4_1_1_0536.jpg,4_1_1,39799
4_1_1_0537.jpg,4_1_1,3538
4_1_1_0538.jpg,4_1_1,44411
4_1_1_0539.jpg,4_1_1,41008
4_1_1_0540.jpg,4_1_1,4033
4_1_1_0541.jpg,4_1_1,49580
4_1_1_0542.jpg,4_1_1,45998
4_1_1_0543.jpg,4_1_1,9789
4_1_1_0544.jpg,4_1_1,11873
4_1_1_0545.jpg,4_1_1,36396
4_1_1_0546.jpg,4_1_1,21592
4_1_1_0547.jpg,4_1_1,15699
4_1_1_0548.jpg,4_1_1,40736
4_1_1_0549.jpg,4_1_1,42226
4_1_1_0550.jpg,4_1_1,44935
4_1_1_0551.jpg,4_1_1,46322
4_1_1_0552.jpg,4_1_1,5293
4_1_1_0553.jpg,4_1_1,36203
4_1_1_0554.jpg,4_1_1,9774
4_1_1_0555.jpg,4_1_1,49330
4_1_1_0556.jpg,4_1_1,21745
4_1_1_0557.jpg,4_1_1,2304
4_1_1_0558.jpg,4_1_1,21899
4_1_1_0559.jpg,4_1_1,12016
4_1_1_0560.jpg,4_1_1,15306
4_1_1_0561.jpg,4_1_1,45196
4_1_1_0562.jpg,4_1_1,9772
4_1_1_0563.jpg,4_1_1,15299
4_1_1_0564.jpg,4_1_1,7881
4_1_1_0565.jpg,4_1_1,46272
4_1_1_0566.jpg,4_1_1,28794
4_1_1_0567.jpg,4_1_1,40526
4_1_1_0568.jpg,4_1_1,15827
4_1_1_0569.jpg,4_1_1,46185
4_1_1_0570.jpg,4_1_1,25012
4_1_1_0571.jpg,4_1_1,3536
4_1_1_0572.jpg,4_1_1,14607
4_1_1_0573.jpg,4_1_1,4347
4_1_1_0574.jpg,4_1_1,48505
4_1_1_0575.jpg,4_1_1,33685
4_1_1_0576.jpg,4_1_1,25359
4_1_1_0577.jpg,4_1_1,18319
4_1_1_0578.jpg,4_1_1,47203
4_1_1_0579.jpg,4_1_1,47852
4_1_1_0580.jpg,4_1_1,4888
4_1_1_0581.jpg,4_1_1,44394
4_1_1_0582.jpg,4_1_1,42163
4_1_1_0583.jpg,4_1_1,12659
4_1_1_0584.jpg,4_1_1,35269
4_1_1_0585.jpg,4_1_1,4124
4_1_1_0586.jpg,4_1_1,19220
4_1_1_0587.jpg,4_1_1,25686
4_1_1_0588.jpg,4_1_1,39708
4_1_1_0589.jpg,4_1_1,46698
4_1_1_0590.jpg,4_1_1,54753
4_1_1_0591.jpg,4_1_1,46701
4_1_1_0592.jpg,4_1_1,56085
4_1_1_0593.jpg,4_1_1,46258
4_1_1_0594.jpg,4_1_1,4021
4_1_1_0595.jpg,4_1_1,40820
4_1_1_0596.jpg,4_1_1,58210
4_1_1_0597.jpg,4_1_1,6524
4_1_1_0598.jpg,4_1_1,39946
4_1_1_0599.jpg,4_1_1,29812
4_1_1_0600.jpg,4_1_1,40818
4_1_1_0601.jpg,4_1_1,58236
4_1_1_0602.jpg,4_1_1,666
4_1_1_0603.jpg,4_1_1,56086
4_1_1_0604.jpg,4_1_1,46884
4_1_1_0605.jpg,4_1_1,54769
4_1_1_0606.jpg,4_1_1,15556
4_1_1_0607.jpg,4_1_1,46144
4_1_1_0608.jpg,4_1_1,37044
4_1_1_0609.jpg,4_1_1,58208
4_1_1_0610.jpg,4_1_1,4962
4_1_1_0611.jpg,4_1_1,5884
4_1_1_0612.jpg,4_1_1,11591
4_1_1_0613.jpg,4_1_1,46599
4_1_1_0614.jpg,4_1_1,40836
4_1_1_0615.jpg,4_1_1,5502
4_1_1_0616.jpg,4_1_1,38599
4_1_1_0617.jpg,4_1_1,41840
4_1_1_0618.jpg,4_1_1,46303
4_1_1_0619.jpg,4_1_1,15834
4_1_1_0620.jpg,4_1_1,30241
4_1_1_0621.jpg,4_1_1,34852
4_1_1_0622.jpg,4_1_1,5567
4_1_1_0623.jpg,4_1_1,12658
4_1_1_0624.jpg,4_1_1,6136
4_1_1_0625.jpg,4_1_1,57854
4_1_1_0626.jpg,4_1_1,38597
4_1_1_0627.jpg,4_1_1,17187
4_1_1_0628.jpg,4_1_1,14665
4_1_1_0629.jpg,4_1_1,6629
4_1_1_0630.jpg,4_1_1,4525
4_1_1_0631.jpg,4_1_1,46706
4_1_1_0632.jpg,4_1_1,56631
4_1_1_0633.jpg,4_1_1,6395
4_1_1_0634.jpg,4_1_1,21900
4_1_1_0635.jpg,4_1_1,21421
4_1_1_0636.jpg,4_1_1,47853
4_1_1_0637.jpg,4_1_1,8689
4_1_1_0638.jpg,4_1_1,2983
4_1_1_0639.jpg,4_1_1,3012
4_1_1_0640.jpg,4_1_1,36491
4_1_1_0641.jpg,4_1_1,40832
4_1_1_0642.jpg,4_1_1,39812
4_1_1_0643.jpg,4_1_1,46444
4_1_1_0644.jpg,4_1_1,8950
4_1_1_0645.jpg,4_1_1,4747
4_1_1_0646.jpg,4_1_1,46347
4_1_1_0647.jpg,4_1_1,42237
4_1_1_0648.jpg,4_1_1,12662
4_1_1_0649.jpg,4_1_1,55676
4_1_1_0650.jpg,4_1_1,4015
4_1_1_0651.jpg,4_1_1,24264
4_1_1_0652.jpg,4_1_1,39824
4_1_1_0653.jpg,4_1_1,26693
4_1_1_0654.jpg,4_1_1,57862
4_1_1_0655.jpg,4_1_1,12657
4_1_1_0656.jpg,4_1_1,5789
4_1_1_0657.jpg,4_1_1,42161
4_1_1_0658.jpg,4_1_1,44932
4_1_1_0659.jpg,4_1_1,6124
4_1_1_0660.jpg,4_1_1,36841
4_1_1_0661.jpg,4_1_1,5189
4_1_1_0662.jpg,4_1_1,2724
4_1_1_0663.jpg,4_1_1,35903
4_1_1_0664.jpg,4_1_1,47529
4_1_1_0665.jpg,4_1_1,30254
4_1_1_0666.jpg,4_1_1,41593
4_1_1_0667.jpg,4_1_1,35218
4_1_1_0668.jpg,4_1_1,5243
4_1_1_0669.jpg,4_1_1,42228
4_1_1_0670.jpg,4_1_1,46284
4_1_1_0671.jpg,4_1_1,6572
4_1_1_0672.jpg,4_1_1,14165
4_1_1_0673.jpg,4_1_1,15092
4_1_1_0674.jpg,4_1_1,57118
4_1_1_0675.jpg,4_1_1,21579
4_1_1_0676.jpg,4_1_1,42849
4_1_1_0677.jpg,4_1_1,26698
4_1_1_0678.jpg,4_1_1,7351
4_1_1_0679.jpg,4_1_1,45194
4_1_1_0680.jpg,4_1_1,7892
4_1_1_0681.jpg,4_1_1,14838
4_1_1_0682.jpg,4_1_1,41664
4_1_1_0683.jpg,4_1_1,6569
4_1_1_0684.jpg,4_1_1,25507
4_1_1_0685.jpg,4_1_1,46656
4_1_1_0686.jpg,4_1_1,58234
4_1_1_0687.jpg,4_1_1,5777
4_1_1_0688.jpg,4_1_1,3131
4_1_1_0689.jpg,4_1_1,15193
4_1_1_0690.jpg,4_1_1,47767
4_1_1_0691.jpg,4_1_1,54764
4_1_1_0692.jpg,4_1_1,41990
4_1_1_0693.jpg,4_1_1,30240
4_1_1_0694.jpg,4_1_1,11588
4_1_1_0695.jpg,4_1_1,20535
4_1_1_0696.jpg,4_1_1,37168
4_1_1_0697.jpg,4_1_1,58430
4_1_1_0698.jpg,4_1_1,30685
4_1_1_0699.jpg,4_1_1,4702
4_1_1_0700.jpg,4_1_1,2458
4_1_1_0701.jpg,4_1_1,33195
4_1_1_0702.jpg,4_1_1,5566
4_1_1_0703.jpg,4_1_1,16422
4_1_1_0704.jpg,4_1_1,23418
4_1_1_0705.jpg,4_1_1,7885
4_1_1_0706.jpg,4_1_1,48938
4_1_1_0707.jpg,4_1_1,48377
4_1_1_0708.jpg,4_1_1,39633
4_1_1_0709.jpg,4_1_1,12017
4_1_1_0710.jpg,4_1_1,4215
4_1_1_0711.jpg,4_1_1,4878
4_1_1_0712.jpg,4_1_1,48538
4_1_1_0713.jpg,4_1_1,4083
4_1_1_0714.jpg,4_1_1,46171
4_1_1_0715.jpg,4_1_1,43678
4_1_1_0716.jpg,4_1_1,47985
4_1_1_0717.jpg,4_1_1,43824
4_1_1_0718.jpg,4_1_1,19388
4_1_1_0719.jpg,4_1_1,39800
4_1_1_0720.jpg,4_1_1,39635
4_1_1_0721.jpg,4_1_1,4006
4_1_1_0722.jpg,4_1_1,1729
4_1_1_0723.jpg,4_1_1,11886
4_1_1_0724.jpg,4_1_1,46896
4_1_1_0725.jpg,4_1_1,39923
4_1_1_0726.jpg,4_1_1,21577
4_1_1_0727.jpg,4_1_1,15320
4_1_1_0728.jpg,4_1_1,56102
4_1_1_0729.jpg,4_1_1,20537
4_1_1_0730.jpg,4_1_1,5564
4_1_1_0731.jpg,4_1_1,36493
4_1_1_0732.jpg,4_1_1,3803
4_1_1_0733.jpg,4_1_1,45802
4_1_1_0734.jpg,4_1_1,56630
4_1_1_0735.jpg,4_1_1,42741
4_1_1_0736.jpg,4_1_1,47932
4_1_1_0737.jpg,4_1_1,35264
4_1_1_0738.jpg,4_1_1,35215
4_1_1_0739.jpg,4_1_1,18729
4_1_1_0740.jpg,4_1_1,33193
4_1_1_0741.jpg,4_1_1,40850
4_1_1_0742.jpg,4_1_1,4749
4_1_1_0743.jpg,4_1_1,44391
4_1_1_0744.jpg,4_1_1,35952
4_1_1_0745.jpg,4_1_1,46893
4_1_1_0746.jpg,4_1_1,5694
4_1_1_0747.jpg,4_1_1,40845
4_1_1_0748.jpg,4_1_1,5188
4_1_1_0749.jpg,4_1_1,45192
4_1_1_0750.jpg,4_1_1,3953
4_1_1_0751.jpg,4_1_1,5384
4_1_1_0752.jpg,4_1_1,46596
4_1_1_0753.jpg,4_1_1,14639
4_1_1_0754.jpg,4_1_1,19588
4_1_1_0755.jpg,4_1_1,26695
4_1_1_0756.jpg,4_1_1,41713
4_1_1_0757.jpg,4_1_1,48385
4_1_1_0758.jpg,4_1_1,39814
4_1_1_0759.jpg,4_1_1,12666
4_1_1_0760.jpg,4_1_1,35419
4_1_1_0761.jpg,4_1_1,46217
4_1_1_0762.jpg,4_1_1,48934
4_1_1_0763.jpg,4_1_1,6006
4_1_1_0764.jpg,4_1_1,15823
4_1_1_0765.jpg,4_1_1,43825
4_1_1_0766.jpg,4_1_1,5817
4_1_1_0767.jpg,4_1_1,36429
4_1_1_0768.jpg,4_1_1,40537
4_1_1_0769.jpg,4_1_1,28797
4_1_1_0770.jpg,4_1_1,56633
4_1_1_0771.jpg,4_1_1,57807
4_1_1_0772.jpg,4_1_1,5788
4_1_1_0773.jpg,4_1_1,44660
4_1_1_0774.jpg,4_1_1,8960
4_1_1_0775.jpg,4_1_1,6398
4_1_1_0776.jpg,4_1_1,48699
4_1_1_0777.jpg,4_1_1,33684
4_1_1_0778.jpg,4_1_1,41987
4_1_1_0779.jpg,4_1_1,5953
4_1_1_0780.jpg,4_1_1,33191
4_1_1_0781.jpg,4_1_1,46223
4_1_1_0782.jpg,4_1_1,5169
4_1_1_0783.jpg,4_1_1,48383
4_1_1_0784.jpg,4_1_1,58209
4_1_1_0785.jpg,4_1_1,28800
4_1_1_0786.jpg,4_1_1,19414
4_1_1_0787.jpg,4_1_1,36710
4_1_1_0788.jpg,4_1_1,34866
4_1_1_0789.jpg,4_1_1,30684
4_1_1_0790.jpg,4_1_1,40842
4_1_1_0791.jpg,4_1_1,4966
4_1_1_0792.jpg,4_1_1,5787
4_1_1_0793.jpg,4_1_1,58307
4_1_1_0794.jpg,4_1_1,19172
4_1_1_0795.jpg,4_1_1,4806
4_1_1_0796.jpg,4_1_1,7087
4_1_1_0797.jpg,4_1_1,14840
4_1_1_0798.jpg,4_1_1,54759
4_1_1_0799.jpg,4_1_1,6095
4_1_1_0800.jpg,4_1_1,35275
4_1_1_0801.jpg,4_1_1,46202
4_1_1_0802.jpg,4_1_1,36716
4_1_1_0803.jpg,4_1_1,37244
4_1_1_0804.jpg,4_1_1,41581
4_1_1_0805.jpg,4_1_1,48214
4_1_1_0806.jpg,4_1_1,668
4_1_1_0807.jpg,4_1_1,35904
4_1_1_0808.jpg,4_1_1,42229
4_1_1_0809.jpg,4_1_1,39930
4_1_1_0810.jpg,4_1_1,25503
4_1_1_0811.jpg,4_1_1,46938
4_1_1_0812.jpg,4_1_1,44938
4_1_1_0813.jpg,4_1_1,54760
4_1_1_0814.jpg,4_1_1,4808
4_1_1_0815.jpg,4_1_1,17190
4_1_1_0816.jpg,4_1_1,3125
4_1_1_0817.jpg,4_1_1,55677
4_1_1_0818.jpg,4_1_1,47205
4_1_1_0819.jpg,4_1_1,21903
4_1_1_0820.jpg,4_1_1,21414
4_1_1_0821.jpg,4_1_1,48367
4_1_1_0822.jpg,4_1_1,4953
4_1_1_0823.jpg,4_1_1,41583
4_1_1_0824.jpg,4_1_1,5822
4_1_1_0825.jpg,4_1_1,46200
4_1_1_0826.jpg,4_1_1,4502
4_1_1_0827.jpg,4_1_1,30689
4_1_1_0828.jpg,4_1_1,34855
4_1_1_0829.jpg,4_1_1,41951
4_1_1_0830.jpg,4_1_1,14521
4_1_1_0831.jpg,4_1_1,42848
4_1_1_0832.jpg,4_1_1,1748
4_1_1_0833.jpg,4_1_1,45191
4_1_1_0834.jpg,4_1_1,3952
4_1_1_0835.jpg,4_1_1,30252
4_1_1_0836.jpg,4_1_1,17182
4_1_1_0837.jpg,4_1_1,48487
4_1_1_0838.jpg,4_1_1,5429
4_1_1_0839.jpg,4_1_1,7883
4_1_1_0840.jpg,4_1_1,4013
4_1_1_0841.jpg,4_1_1,40824
4_1_1_0842.jpg,4_1_1,16421
4_1_1_0843.jpg,4_1_1,46167
4_1_1_0844.jpg,4_1_1,4186
4_1_1_0845.jpg,4_1_1,36330
4_1_1_0846.jpg,4_1_1,21578
4_1_1_0847.jpg,4_1_1,4804
4_1_1_0848.jpg,4_1_1,24259
4_1_1_0849.jpg,4_1_1,12015
4_1_1_0850.jpg,4_1_1,6280
4_1_1_0851.jpg,4_1_1,9790
4_1_1_0852.jpg,4_1_1,46593
4_1_1_0853.jpg,4_1_1,41985
4_1_1_0854.jpg,4_1_1,42227
4_1_1_0855.jpg,4_1_1,7877
4_1_1_0856.jpg,4_1_1,5952
4_1_1_0857.jpg,4_1_1,44414
4_1_1_0858.jpg,4_1_1,24837
4_1_1_0859.jpg,4_1_1,14842
4_1_1_0860.jpg,4_1_1,5864
4_1_1_0861.jpg,4_1_1,5290
4_1_1_0862.jpg,4_1_1,15301
4_1_1_0863.jpg,4_1_1,35208
4_1_1_0864.jpg,4_1_1,28594
4_1_1_0865.jpg,4_1_1,46255
4_1_1_0866.jpg,4_1_1,5504
4_1_1_0867.jpg,4_1_1,19584
4_1_1_0868.jpg,4_1_1,4879
4_1_1_0869.jpg,4_1_1,42234
4_1_1_0870.jpg,4_1_1,35410
4_1_1_0871.jpg,4_1_1,43677
4_1_1_0872.jpg,4_1_1,55161
4_1_1_0873.jpg,4_1_1,30121
4_1_1_0874.jpg,4_1_1,21744
4_1_1_0875.jpg,4_1_1,34847
4_1_1_0876.jpg,4_1_1,14170
4_1_1_0877.jpg,4_1_1,39926
4_1_1_0878.jpg,4_1_1,47414
4_1_1_0879.jpg,4_1_1,44398
4_1_1_0880.jpg,4_1_1,43676
4_1_1_0881.jpg,4_1_1,20451
4_1_1_0882.jpg,4_1_1,6555
4_1_1_0883.jpg,4_1_1,28598
4_1_1_0884.jpg,4_1_1,26384
4_1_1_0885.jpg,4_1_1,4805
4_1_1_0886.jpg,4_1_1,3800
4_1_1_0887.jpg,4_1_1,35412
4_1_1_0888.jpg,4_1_1,18757
4_1_1_0889.jpg,4_1_1,30696
4_1_1_0890.jpg,4_1_1,42748
4_1_1_0891.jpg,4_1_1,5870
4_1_1_0892.jpg,4_1_1,35226
4_1_1_0893.jpg,4_1_1,35906
4_1_1_0894.jpg,4_1_1,35892
4_1_1_0895.jpg,4_1_1,46166
4_1_1_0896.jpg,4_1_1,57846
4_1_1_0897.jpg,4_1_1,40840
4_1_1_0898.jpg,4_1_1,28791
4_1_1_0899.jpg,4_1_1,4345
4_1_1_0900.jpg,4_1_1,34851
4_1_1_0901.jpg,4_1_1,15305
4_1_1_0902.jpg,4_1_1,47265
4_1_1_0903.jpg,4_1_1,40829
4_1_1_0904.jpg,4_1_1,47606
4_1_1_0905.jpg,4_1_1,11589
4_1_1_0906.jpg,4_1_1,35872
4_1_1_0907.jpg,4_1_1,26690
4_1_1_0908.jpg,4_1_1,15295
4_1_1_0909.jpg,4_1_1,36844
4_1_1_0910.jpg,4_1_1,47234
4_1_1_0911.jpg,4_1_1,36392
4_1_1_0912.jpg,4_1_1,50178
4_1_1_0913.jpg,4_1_1,48366
4_1_1_0914.jpg,4_1_1,37139
4_1_1_0915.jpg,4_1_1,4956
4_1_1_0916.jpg,4_1_1,35406
4_1_1_0917.jpg,4_1_1,26382
4_1_1_0918.jpg,4_1_1,43679
4_1_1_0919.jpg,4_1_1,48394
4_1_1_0920.jpg,4_1_1,31254
4_1_1_0921.jpg,4_1_1,44655
4_1_1_0922.jpg,4_1_1,19390
4_1_1_0923.jpg,4_1_1,11888
4_1_1_0924.jpg,4_1_1,4503
4_1_1_0925.jpg,4_1_1,40843
4_1_1_0926.jpg,4_1_1,2974
4_1_1_0927.jpg,4_1_1,4969
4_1_1_0928.jpg,4_1_1,42160
4_1_1_0929.jpg,4_1_1,40846
4_1_1_0930.jpg,4_1_1,6396
4_1_1_0931.jpg,4_1_1,44412
4_1_1_0932.jpg,4_1_1,47045
4_1_1_0933.jpg,4_1_1,4506
4_1_1_0934.jpg,4_1_1,48380
4_1_1_0935.jpg,4_1_1,44396
4_1_1_0936.jpg,4_1_1,42891
4_1_1_0937.jpg,4_1_1,54844
4_1_1_0938.jpg,4_1_1,48936
4_1_1_0939.jpg,4_1_1,14162
4_1_1_0940.jpg,4_1_1,37138
4_1_1_0941.jpg,4_1_1,6558
4_1_1_0942.jpg,4_1_1,39709
4_1_1_0943.jpg,4_1_1,6527
4_1_1_0944.jpg,4_1_1,4343
4_1_1_0945.jpg,4_1_1,12257
4_1_1_0946.jpg,4_1_1,39810
4_1_1_0947.jpg,4_1_1,46448
4_1_1_0948.jpg,4_1_1,36202
4_1_1_0949.jpg,4_1_1,49537
4_1_1_0950.jpg,4_1_1,49331
4_1_1_0951.jpg,4_1_1,40996
4_1_1_0952.jpg,4_1_1,5170
4_1_1_0953.jpg,4_1_1,2723
4_1_1_0954.jpg,4_1_1,6127
4_1_1_0955.jpg,4_1_1,34849
4_1_1_0956.jpg,4_1_1,39805
4_1_1_0957.jpg,4_1_1,25008
4_1_1_0958.jpg,4_1_1,34869
4_1_1_0959.jpg,4_1_1,48534
4_1_1_0960.jpg,4_1_1,45948
4_1_1_0961.jpg,4_1_1,36355
4_1_1_0962.jpg,4_1_1,45997
4_1_1_0963.jpg,4_1_1,4743
4_1_1_0964.jpg,4_1_1,5379
4_1_1_0965.jpg,4_1_1,5596
4_1_1_0966.jpg,4_1_1,41955
4_1_1_0967.jpg,4_1_1,41838
4_1_1_0968.jpg,4_1_1,45990
4_1_1_0969.jpg,4_1_1,2973
4_1_1_0970.jpg,4_1_1,6567
4_1_1_0971.jpg,4_1_1,54758
4_1_1_0972.jpg,4_1_1,7879
4_1_1_0973.jpg,4_1_1,34858
4_1_1_0974.jpg,4_1_1,5754
4_1_1_0975.jpg,4_1_1,9794
4_1_1_0976.jpg,4_1_1,40739
4_1_1_0977.jpg,4_1_1,36230
4_1_1_0978.jpg,4_1_1,4703
4_1_1_0979.jpg,4_1_1,44399
4_1_1_0980.jpg,4_1_1,47202
4_1_1_0981.jpg,4_1_1,39936
4_1_1_0982.jpg,4_1_1,34841
4_1_1_0983.jpg,4_1_1,46222
4_1_1_0984.jpg,4_1_1,3009
4_1_1_0985.jpg,4_1_1,43387
4_1_1_0986.jpg,4_1_1,6053
4_1_1_0987.jpg,4_1_1,54752
4_1_1_0988.jpg,4_1_1,29817
4_1_1_0989.jpg,4_1_1,46898
4_1_1_0990.jpg,4_1_1,33686
4_1_1_0991.jpg,4_1_1,46168
4_1_1_0992.jpg,4_1_1,30130
4_1_1_0993.jpg,4_1_1,10048
4_1_1_0994.jpg,4_1_1,6818
4_1_1_0995.jpg,4_1_1,15293
4_1_1_0996.jpg,4_1_1,21774
4_1_1_0997.jpg,4_1_1,4018
4_1_1_0998.jpg,4_1_1,18321
4_1_1_0999.jpg,4_1_1,44413
5_20_0000.jpg,5_20,11205
5_20_0001.jpg,5_20,33111
5_20_0002.jpg,5_20,37342
5_20_0003.jpg,5_20,28115
5_20_0004.jpg,5_20,27925
5_20_0005.jpg,5_20,29114
5_20_0006.jpg,5_20,37818
5_20_0007.jpg,5_20,31987
5_20_0008.jpg,5_20,32277
5_20_0009.jpg,5_20,37806
5_20_0010.jpg,5_20,31682
5_20_0011.jpg,5_20,25178
5_20_0012.jpg,5_20,1195
5_20_0013.jpg,5_20,29094
5_20_0014.jpg,5_20,27603
5_20_0015.jpg,5_20,29090
5_20_0016.jpg,5_20,29309
5_20_0017.jpg,5_20,32214
5_20_0018.jpg,5_20,37503
5_20_0019.jpg,5_20,32868
5_20_0020.jpg,5_20,35016
5_20_0021.jpg,5_20,51044
5_20_0022.jpg,5_20,29095
5_20_0023.jpg,5_20,23140
5_20_0024.jpg,5_20,37344
5_20_0025.jpg,5_20,2028
5_20_0026.jpg,5_20,30876
5_20_0027.jpg,5_20,1058
5_20_0028.jpg,5_20,28020
5_20_0029.jpg,5_20,31982
5_20_0030.jpg,5_20,26217
5_20_0031.jpg,5_20,31680
5_20_0032.jpg,5_20,2076
5_20_0033.jpg,5_20,24130
5_20_0034.jpg,5_20,34725
5_20_0035.jpg,5_20,27928
5_20_0036.jpg,5_20,29000
5_20_0037.jpg,5_20,12442
5_20_0038.jpg,5_20,29112
5_20_0039.jpg,5_20,33093
5_20_0040.jpg,5_20,34721
5_20_0041.jpg,5_20,27069
5_20_0042.jpg,5_20,28345
5_20_0043.jpg,5_20,35164
5_20_0044.jpg,5_20,28252
5_20_0045.jpg,5_20,1083
5_20_0046.jpg,5_20,16636
5_20_0047.jpg,5_20,25172
5_20_0048.jpg,5_20,37506
5_20_0049.jpg,5_20,20636
5_20_0050.jpg,5_20,28992
5_20_0051.jpg,5_20,27063
5_20_0052.jpg,5_20,28257
5_20_0053.jpg,5_20,23141
5_20_0054.jpg,5_20,29232
5_20_0055.jpg,5_20,23037
5_20_0056.jpg,5_20,32183
5_20_0057.jpg,5_20,35030
5_20_0058.jpg,5_20,26908
5_20_0059.jpg,5_20,32804
5_20_0060.jpg,5_20,37346
5_20_0061.jpg,5_20,34925
5_20_0062.jpg,5_20,28990
5_20_0063.jpg,5_20,12527
5_20_0064.jpg,5_20,25183
5_20_0065.jpg,5_20,37497
5_20_0066.jpg,5_20,37330
5_20_0067.jpg,5_20,27505
5_20_0068.jpg,5_20,27927
5_20_0069.jpg,5_20,34998
5_20_0070.jpg,5_20,34748
5_20_0071.jpg,5_20,37813
5_20_0072.jpg,5_20,27176
5_20_0073.jpg,5_20,43832
5_20_0074.jpg,5_20,28998
5_20_0075.jpg,5_20,45302
5_20_0076.jpg,5_20,16637
5_20_0077.jpg,5_20,33091
5_20_0078.jpg,5_20,20703
5_20_0079.jpg,5_20,24489
5_20_0080.jpg,5_20,35126
5_20_0081.jpg,5_20,38051
5_20_0082.jpg,5_20,2918
5_20_0083.jpg,5_20,34964
5_20_0084.jpg,5_20,29083
5_20_0085.jpg,5_20,12471
5_20_0086.jpg,5_20,17034
5_20_0087.jpg,5_20,20653
5_20_0088.jpg,5_20,16045
5_20_0089.jpg,5_20,32811
5_20_0090.jpg,5_20,29103
5_20_0091.jpg,5_20,10193
5_20_0092.jpg,5_20,43791
5_20_0093.jpg,5_20,53137
5_20_0094.jpg,5_20,29110
5_20_0095.jpg,5_20,25832
5_20_0096.jpg,5_20,23146
5_20_0097.jpg,5_20,20791
5_20_0098.jpg,5_20,31687
5_20_0099.jpg,5_20,1321
5_20_0100.jpg,5_20,1057
5_20_0101.jpg,5_20,27173
5_20_0102.jpg,5_20,24088
5_20_0103.jpg,5_20,27130
5_20_0104.jpg,5_20,35006
5_20_0105.jpg,5_20,16490
5_20_0106.jpg,5_20,17037
5_20_0107.jpg,5_20,29223
5_20_0108.jpg,5_20,1161
5_20_0109.jpg,5_20,52027
5_20_0110.jpg,5_20,26896
5_20_0111.jpg,5_20,28112
5_20_0112.jpg,5_20,12310
5_20_0113.jpg,5_20,33077
5_20_0114.jpg,5_20,23130
5_20_0115.jpg,5_20,12452
5_20_0116.jpg,5_20,31728
5_20_0117.jpg,5_20,23123
5_20_0118.jpg,5_20,29091
5_20_0119.jpg,5_20,23568
5_20_0120.jpg,5_20,26910
5_20_0121.jpg,5_20,43715
5_20_0122.jpg,5_20,27088
5_20_0123.jpg,5_20,40923
5_20_0124.jpg,5_20,1320
5_20_0125.jpg,5_20,40925
5_20_0126.jpg,5_20,43836
5_20_0127.jpg,5_20,24129
5_20_0128.jpg,5_20,16013
5_20_0129.jpg,5_20,35125
5_20_0130.jpg,5_20,29313
5_20_0131.jpg,5_20,32808
5_20_0132.jpg,5_20,34991
5_20_0133.jpg,5_20,11208
5_20_0134.jpg,5_20,37318
5_20_0135.jpg,5_20,1334
5_20_0136.jpg,5_20,28256
5_20_0137.jpg,5_20,28544
5_20_0138.jpg,5_20,38083
5_20_0139.jpg,5_20,12297
5_20_0140.jpg,5_20,11211
5_20_0141.jpg,5_20,32865
5_20_0142.jpg,5_20,32863
5_20_0143.jpg,5_20,10195
5_20_0144.jpg,5_20,31729
5_20_0145.jpg,5_20,1236
5_20_0146.jpg,5_20,29230
5_20_0147.jpg,5_20,11210
5_20_0148.jpg,5_20,17012
5_20_0149.jpg,5_20,33110
5_20_0150.jpg,5_20,12444
5_20_0151.jpg,5_20,20698
5_20_0152.jpg,5_20,27179
5_20_0153.jpg,5_20,16046
5_20_0154.jpg,5_20,37515
5_20_0155.jpg,5_20,25181
5_20_0156.jpg,5_20,37323
5_20_0157.jpg,5_20,28265
5_20_0158.jpg,5_20,39209
5_20_0159.jpg,5_20,29228
5_20_0160.jpg,5_20,29122
5_20_0161.jpg,5_20,37809
5_20_0162.jpg,5_20,10190
5_20_0163.jpg,5_20,16040
5_20_0164.jpg,5_20,34723
5_20_0165.jpg,5_20,27183
5_20_0166.jpg,5_20,26889
5_20_0167.jpg,5_20,14417
5_20_0168.jpg,5_20,12457
5_20_0169.jpg,5_20,20689
5_20_0170.jpg,5_20,28259
5_20_0171.jpg,5_20,45304
5_20_0172.jpg,5_20,980
5_20_0173.jpg,5_20,23205
5_20_0174.jpg,5_20,29006
5_20_0175.jpg,5_20,26985
5_20_0176.jpg,5_20,25170
5_20_0177.jpg,5_20,29226
5_20_0178.jpg,5_20,17028
5_20_0179.jpg,5_20,2916
5_20_0180.jpg,5_20,24098
5_20_0181.jpg,5_20,27214
5_20_0182.jpg,5_20,52700
5_20_0183.jpg,5_20,38081
5_20_0184.jpg,5_20,27923
5_20_0185.jpg,5_20,27177
5_20_0186.jpg,5_20,33109
5_20_0187.jpg,5_20,34943
5_20_0188.jpg,5_20,39208
5_20_0189.jpg,5_20,16014
5_20_0190.jpg,5_20,38077
5_20_0191.jpg,5_20,30879
5_20_0192.jpg,5_20,27983
5_20_0193.jpg,5_20,23133
5_20_0194.jpg,5_20,39433
5_20_0195.jpg,5_20,28058
5_20_0196.jpg,5_20,27920
5_20_0197.jpg,5_20,27849
5_20_0198.jpg,5_20,28547
5_20_0199.jpg,5_20,29743
5_20_0200.jpg,5_20,35025
5_20_0201.jpg,5_20,40928
5_20_0202.jpg,5_20,1146
5_20_0203.jpg,5_20,28332
5_20_0204.jpg,5_20,16001
5_20_0205.jpg,5_20,988
5_20_0206.jpg,5_20,37353
5_20_0207.jpg,5_20,29745
5_20_0208.jpg,5_20,2096
5_20_0209.jpg,5_20,2906
5_20_0210.jpg,5_20,26897
5_20_0211.jpg,5_20,26215
5_20_0212.jpg,5_20,27607
5_20_0213.jpg,5_20,17006
5_20_0214.jpg,5_20,28119
5_20_0215.jpg,5_20,2071
5_20_0216.jpg,5_20,27512
5_20_0217.jpg,5_20,52935
5_20_0218.jpg,5_20,34933
5_20_0219.jpg,5_20,33638
5_20_0220.jpg,5_20,43658
5_20_0221.jpg,5_20,31945
5_20_0222.jpg,5_20,1712
5_20_0223.jpg,5_20,33113
5_20_0224.jpg,5_20,53139
5_20_0225.jpg,5_20,37961
5_20_0226.jpg,5_20,30859
5_20_0227.jpg,5_20,25527
5_20_0228.jpg,5_20,27978
5_20_0229.jpg,5_20,27608
5_20_0230.jpg,5_20,35021
5_20_0231.jpg,5_20,35335
5_20_0232.jpg,5_20,52028
5_20_0233.jpg,5_20,25834
5_20_0234.jpg,5_20,37494
5_20_0235.jpg,5_20,26213
5_20_0236.jpg,5_20,51080
5_20_0237.jpg,5_20,983
5_20_0238.jpg,5_20,24439
5_20_0239.jpg,5_20,30875
5_20_0240.jpg,5_20,43412
5_20_0241.jpg,5_20,16003
5_20_0242.jpg,5_20,35334
5_20_0243.jpg,5_20,27613
5_20_0244.jpg,5_20,28340
5_20_0245.jpg,5_20,33644
5_20_0246.jpg,5_20,42489
5_20_0247.jpg,5_20,31658
5_20_0248.jpg,5_20,33096
5_20_0249.jpg,5_20,33079
5_20_0250.jpg,5_20,34747
5_20_0251.jpg,5_20,28331
5_20_0252.jpg,5_20,51892
5_20_0253.jpg,5_20,27066
5_20_0254.jpg,5_20,34726
5_20_0255.jpg,5_20,27614
5_20_0256.jpg,5_20,20649
5_20_0257.jpg,5_20,25828
5_20_0258.jpg,5_20,2905
5_20_0259.jpg,5_20,37962
5_20_0260.jpg,5_20,31576
5_20_0261.jpg,5_20,39434
5_20_0262.jpg,5_20,27504
5_20_0263.jpg,5_20,12465
5_20_0264.jpg,5_20,30860
5_20_0265.jpg,5_20,31584
5_20_0266.jpg,5_20,24601
5_20_0267.jpg,5_20,22991
5_20_0268.jpg,5_20,10176
5_20_0269.jpg,5_20,29240
5_20_0270.jpg,5_20,31676
5_20_0271.jpg,5_20,26210
5_20_0272.jpg,5_20,30862
5_20_0273.jpg,5_20,26982
5_20_0274.jpg,5_20,33510
5_20_0275.jpg,5_20,16493
5_20_0276.jpg,5_20,1088
5_20_0277.jpg,5_20,1133
5_20_0278.jpg,5_20,31581
5_20_0279.jpg,5_20,32217
5_20_0280.jpg,5_20,23569
5_20_0281.jpg,5_20,23197
5_20_0282.jpg,5_20,25833
5_20_0283.jpg,5_20,28021
5_20_0284.jpg,5_20,39204
5_20_0285.jpg,5_20,12296
5_20_0286.jpg,5_20,2026
5_20_0287.jpg,5_20,27215
5_20_0288.jpg,5_20,24047
5_20_0289.jpg,5_20,33102
5_20_0290.jpg,5_20,51075
5_20_0291.jpg,5_20,27086
5_20_0292.jpg,5_20,12459
5_20_0293.jpg,5_20,1322
5_20_0294.jpg,5_20,34745
5_20_0295.jpg,5_20,12461
5_20_0296.jpg,5_20,28346
5_20_0297.jpg,5_20,25533
5_20_0298.jpg,5_20,31940
5_20_0299.jpg,5_20,27
5_20_0300.jpg,5_20,28426
5_20_0301.jpg,5_20,51046
5_20_0302.jpg,5_20,23184
5_20_0303.jpg,5_20,31993
5_20_0304.jpg,5_20,31924
5_20_0305.jpg,5_20,33103
5_20_0306.jpg,5_20,34944
5_20_0307.jpg,5_20,31477
5_20_0308.jpg,5_20,32276
5_20_0309.jpg,5_20,23144
5_20_0310.jpg,5_20,27078
5_20_0311.jpg,5_20,25535
5_20_0312.jpg,5_20,24602
5_20_0313.jpg,5_20,34963
5_20_0314.jpg,5_20,31941
5_20_0315.jpg,5_20,34997
5_20_0316.jpg,5_20,15066
5_20_0317.jpg,5_20,27269
5_20_0318.jpg,5_20,37815
5_20_0319.jpg,5_20,23265
5_20_0320.jpg,5_20,43274
5_20_0321.jpg,5_20,26858
5_20_0322.jpg,5_20,38050
5_20_0323.jpg,5_20,31994
5_20_0324.jpg,5_20,20637
5_20_0325.jpg,5_20,27178
5_20_0326.jpg,5_20,28428
5_20_0327.jpg,5_20,10187
5_20_0328.jpg,5_20,40926
5_20_0329.jpg,5_20,28027
5_20_0330.jpg,5_20,27879
5_20_0331.jpg,5_20,2899
5_20_0332.jpg,5_20,10174
5_20_0333.jpg,5_20,2073
5_20_0334.jpg,5_20,28026
5_20_0335.jpg,5_20,12473
5_20_0336.jpg,5_20,29011
5_20_0337.jpg,5_20,22993
5_20_0338.jpg,5_20,37512
5_20_0339.jpg,5_20,2213
5_20_0340.jpg,5_20,27197
5_20_0341.jpg,5_20,43794
5_20_0342.jpg,5_20,30872
5_20_0343.jpg,5_20,27610
5_20_0344.jpg,5_20,32184
5_20_0345.jpg,5_20,31722
5_20_0346.jpg,5_20,29749
5_20_0347.jpg,5_20,27568
5_20_0348.jpg,5_20,24094
5_20_0349.jpg,5_20,32174
5_20_0350.jpg,5_20,29123
5_20_0351.jpg,5_20,33512
5_20_0352.jpg,5_20,28023
5_20_0353.jpg,5_20,28262
5_20_0354.jpg,5_20,29098
5_20_0355.jpg,5_20,45458
5_20_0356.jpg,5_20,16640
5_20_0357.jpg,5_20,15998
5_20_0358.jpg,5_20,29227
5_20_0359.jpg,5_20,12467
5_20_0360.jpg,5_20,29087
5_20_0361.jpg,5_20,28545
5_20_0362.jpg,5_20,45412
5_20_0363.jpg,5_20,52929
5_20_0364.jpg,5_20,30878
5_20_0365.jpg,5_20,42490
5_20_0366.jpg,5_20,22989
5_20_0367.jpg,5_20,28430
5_20_0368.jpg,5_20,51900
5_20_0369.jpg,5_20,1162
5_20_0370.jpg,5_20,40927
5_20_0371.jpg,5_20,35008
5_20_0372.jpg,5_20,35019
5_20_0373.jpg,5_20,12447
5_20_0374.jpg,5_20,32803
5_20_0375.jpg,5_20,27847
5_20_0376.jpg,5_20,12295
5_20_0377.jpg,5_20,43776
5_20_0378.jpg,5_20,34942
5_20_0379.jpg,5_20,31937
5_20_0380.jpg,5_20,25176
5_20_0381.jpg,5_20,1203
5_20_0382.jpg,5_20,30865
5_20_0383.jpg,5_20,16038
5_20_0384.jpg,5_20,34965
5_20_0385.jpg,5_20,27202
5_20_0386.jpg,5_20,25835
5_20_0387.jpg,5_20,27218
5_20_0388.jpg,5_20,45442
5_20_0389.jpg,5_20,25524
5_20_0390.jpg,5_20,52932
5_20_0391.jpg,5_20,37329
5_20_0392.jpg,5_20,15995
5_20_0393.jpg,5_20,15072
5_20_0394.jpg,5_20,32211
5_20_0395.jpg,5_20,38075
5_20_0396.jpg,5_20,1329
5_20_0397.jpg,5_20,34926
5_20_0398.jpg,5_20,24491
5_20_0399.jpg,5_20,22995
5_20_0400.jpg,5_20,17620
5_20_0401.jpg,5_20,29097
5_20_0402.jpg,5_20,15
5_20_0403.jpg,5_20,12455
5_20_0404.jpg,5_20,31665
5_20_0405.jpg,5_20,27073
5_20_0406.jpg,5_20,2084
5_20_0407.jpg,5_20,1258
5_20_0408.jpg,5_20,27975
5_20_0409.jpg,5_20,29021
5_20_0410.jpg,5_20,35130
5_20_0411.jpg,5_20,26204
5_20_0412.jpg,5_20,45461
5_20_0413.jpg,5_20,28424
5_20_0414.jpg,5_20,43788
5_20_0415.jpg,5_20,27268
5_20_0416.jpg,5_20,29009
5_20_0417.jpg,5_20,45315
5_20_0418.jpg,5_20,12532
5_20_0419.jpg,5_20,14419
5_20_0420.jpg,5_20,29225
5_20_0421.jpg,5_20,35001
5_20_0422.jpg,5_20,28551
5_20_0423.jpg,5_20,28349
5_20_0424.jpg,5_20,35336
5_20_0425.jpg,5_20,16009
5_20_0426.jpg,5_20,26853
5_20_0427.jpg,5_20,2940
5_20_0428.jpg,5_20,33097
5_20_0429.jpg,5_20,33095
5_20_0430.jpg,5_20,38052
5_20_0431.jpg,5_20,27356
5_20_0432.jpg,5_20,23142
5_20_0433.jpg,5_20,27569
5_20_0434.jpg,5_20,35331
5_20_0435.jpg,5_20,37350
5_20_0436.jpg,5_20,1318
5_20_0437.jpg,5_20,28334
5_20_0438.jpg,5_20,24435
5_20_0439.jpg,5_20,2939
5_20_0440.jpg,5_20,17009
5_20_0441.jpg,5_20,1092
5_20_0442.jpg,5_20,31938
5_20_0443.jpg,5_20,26202
5_20_0444.jpg,5_20,31727
5_20_0445.jpg,5_20,35340
5_20_0446.jpg,5_20,31723
5_20_0447.jpg,5_20,39202
5_20_0448.jpg,5_20,35120
5_20_0449.jpg,5_20,33080
5_20_0450.jpg,5_20,31586
5_20_0451.jpg,5_20,31983
5_20_0452.jpg,5_20,1365
5_20_0453.jpg,5_20,31934
5_20_0454.jpg,5_20,30863
5_20_0455.jpg,5_20,18417
5_20_0456.jpg,5_20,29010
5_20_0457.jpg,5_20,29220
5_20_0458.jpg,5_20,52032
5_20_0459.jpg,5_20,12451
5_20_0460.jpg,5_20,31473
5_20_0461.jpg,5_20,17608
5_20_0462.jpg,5_20,33092
5_20_0463.jpg,5_20,24430
5_20_0464.jpg,5_20,20699
5_20_0465.jpg,5_20,38080
5_20_0466.jpg,5_20,31988
5_20_0467.jpg,5_20,28336
5_20_0468.jpg,5_20,37970
5_20_0469.jpg,5_20,35137
5_20_0470.jpg,5_20,32814
5_20_0471.jpg,5_20,26617
5_20_0472.jpg,5_20,37967
5_20_0473.jpg,5_20,32210
5_20_0474.jpg,5_20,1259
5_20_0475.jpg,5_20,29102
5_20_0476.jpg,5_20,45460
5_20_0477.jpg,5_20,43727
5_20_0478.jpg,5_20,28255
5_20_0479.jpg,5_20,17609
5_20_0480.jpg,5_20,38084
5_20_0481.jpg,5_20,1091
5_20_0482.jpg,5_20,52033
5_20_0483.jpg,5_20,26610
5_20_0484.jpg,5_20,27345
5_20_0485.jpg,5_20,23565
5_20_0486.jpg,5_20,2952
5_20_0487.jpg,5_20,12311
5_20_0488.jpg,5_20,39438
5_20_0489.jpg,5_20,33100
5_20_0490.jpg,5_20,17014
5_20_0491.jpg,5_20,24604
5_20_0492.jpg,5_20,15997
5_20_0493.jpg,5_20,34744
5_20_0494.jpg,5_20,23562
5_20_0495.jpg,5_20,2941
5_20_0496.jpg,5_20,39437
5_20_0497.jpg,5_20,25839
5_20_0498.jpg,5_20,27844
5_20_0499.jpg,5_20,17016
5_20_0500.jpg,5_20,2024
5_20_0501.jpg,5_20,33515
5_20_0502.jpg,5_20,17611
5_20_0503.jpg,5_20,1130
5_20_0504.jpg,5_20,1713
5_20_0505.jpg,5_20,37810
5_20_0506.jpg,5_20,37354
5_20_0507.jpg,5_20,10189
5_20_0508.jpg,5_20,26616
5_20_0509.jpg,5_20,34751
5_20_0510.jpg,5_20,27882
5_20_0511.jpg,5_20,26624
5_20_0512.jpg,5_20,43728
5_20_0513.jpg,5_20,27265
5_20_0514.jpg,5_20,34936
5_20_0515.jpg,5_20,1341
5_20_0516.jpg,5_20,20690
5_20_0517.jpg,5_20,23191
5_20_0518.jpg,5_20,32179
5_20_0519.jpg,5_20,23185
5_20_0520.jpg,5_20,29108
5_20_0521.jpg,5_20,29234
5_20_0522.jpg,5_20,33521
5_20_0523.jpg,5_20,27351
5_20_0524.jpg,5_20,12312
5_20_0525.jpg,5_20,24133
5_20_0526.jpg,5_20,52034
5_20_0527.jpg,5_20,26612
5_20_0528.jpg,5_20,28806
5_20_0529.jpg,5_20,31678
5_20_0530.jpg,5_20,27843
5_20_0531.jpg,5_20,2080
5_20_0532.jpg,5_20,29086
5_20_0533.jpg,5_20,1136
5_20_0534.jpg,5_20,32805
5_20_0535.jpg,5_20,35135
5_20_0536.jpg,5_20,33083
5_20_0537.jpg,5_20,34750
5_20_0538.jpg,5_20,31681
5_20_0539.jpg,5_20,10194
5_20_0540.jpg,5_20,23262
5_20_0541.jpg,5_20,31683
5_20_0542.jpg,5_20,12464
5_20_0543.jpg,5_20,37808
5_20_0544.jpg,5_20,31930
5_20_0545.jpg,5_20,32182
5_20_0546.jpg,5_20,37811
5_20_0547.jpg,5_20,2904
5_20_0548.jpg,5_20,29215
5_20_0549.jpg,5_20,20692
5_20_0550.jpg,5_20,32428
5_20_0551.jpg,5_20,27216
5_20_0552.jpg,5_20,31582
5_20_0553.jpg,5_20,32906
5_20_0554.jpg,5_20,33101
5_20_0555.jpg,5_20,37356
5_20_0556.jpg,5_20,35000
5_20_0557.jpg,5_20,35165
5_20_0558.jpg,5_20,28423
5_20_0559.jpg,5_20,43277
5_20_0560.jpg,5_20,13
5_20_0561.jpg,5_20,35015
5_20_0562.jpg,5_20,25175
5_20_0563.jpg,5_20,42492
5_20_0564.jpg,5_20,12
5_20_0565.jpg,5_20,2027
5_20_0566.jpg,5_20,29023
5_20_0567.jpg,5_20,24424
5_20_0568.jpg,5_20,23526
5_20_0569.jpg,5_20,27340
5_20_0570.jpg,5_20,27080
5_20_0571.jpg,5_20,45414
5_20_0572.jpg,5_20,29238
5_20_0573.jpg,5_20,24487
5_20_0574.jpg,5_20,33505
5_20_0575.jpg,5_20,51085
5_20_0576.jpg,5_20,31478
5_20_0577.jpg,5_20,31754
5_20_0578.jpg,5_20,2097
5_20_0579.jpg,5_20,25826
5_20_0580.jpg,5_20,43445
5_20_0581.jpg,5_20,33508
5_20_0582.jpg,5_20,39213
5_20_0583.jpg,5_20,35128
5_20_0584.jpg,5_20,31686
5_20_0585.jpg,5_20,37518
5_20_0586.jpg,5_20,53138
5_20_0587.jpg,5_20,22985
5_20_0588.jpg,5_20,52704
5_20_0589.jpg,5_20,32209
5_20_0590.jpg,5_20,26988
5_20_0591.jpg,5_20,24089
5_20_0592.jpg,5_20,28425
5_20_0593.jpg,5_20,31932
5_20_0594.jpg,5_20,23261
5_20_0595.jpg,5_20,26619
5_20_0596.jpg,5_20,39206
5_20_0597.jpg,5_20,33106
5_20_0598.jpg,5_20,28549
5_20_0599.jpg,5_20,26859
5_20_0600.jpg,5_20,1018
5_20_0601.jpg,5_20,12534
5_20_0602.jpg,5_20,34741
5_20_0603.jpg,5_20,35024
5_20_0604.jpg,5_20,25
5_20_0605.jpg,5_20,987
5_20_0606.jpg,5_20,17035
5_20_0607.jpg,5_20,38053
5_20_0608.jpg,5_20,34742
5_20_0609.jpg,5_20,27511
5_20_0610.jpg,5_20,31578
5_20_0611.jpg,5_20,2450
5_20_0612.jpg,5_20,2212
5_20_0613.jpg,5_20,31579
5_20_0614.jpg,5_20,1159
5_20_0615.jpg,5_20,28338
5_20_0616.jpg,5_20,12458
5_20_0617.jpg,5_20,27083
5_20_0618.jpg,5_20,27266
5_20_0619.jpg,5_20,27132
5_20_0620.jpg,5_20,27355
5_20_0621.jpg,5_20,17042
5_20_0622.jpg,5_20,985
5_20_0623.jpg,5_20,35337
5_20_0624.jpg,5_20,28802
5_20_0625.jpg,5_20,27200
5_20_0626.jpg,5_20,20638
5_20_0627.jpg,5_20,28337
5_20_0628.jpg,5_20,31672
5_20_0629.jpg,5_20,23041
5_20_0630.jpg,5_20,1060
5_20_0631.jpg,5_20,24486
5_20_0632.jpg,5_20,27131
5_20_0633.jpg,5_20,20635
5_20_0634.jpg,5_20,2942
5_20_0635.jpg,5_20,25831
5_20_0636.jpg,5_20,23040
5_20_0637.jpg,5_20,23145
5_20_0638.jpg,5_20,45303
5_20_0639.jpg,5_20,27182
5_20_0640.jpg,5_20,37357
5_20_0641.jpg,5_20,24485
5_20_0642.jpg,5_20,32216
5_20_0643.jpg,5_20,43837
5_20_0644.jpg,5_20,981
5_20_0645.jpg,5_20,20646
5_20_0646.jpg,5_20,27572
5_20_0647.jpg,5_20,43414
5_20_0648.jpg,5_20,33114
5_20_0649.jpg,5_20,31986
5_20_0650.jpg,5_20,31479
5_20_0651.jpg,5_20,17027
5_20_0652.jpg,5_20,20639
5_20_0653.jpg,5_20,17039
5_20_0654.jpg,5_20,2079
5_20_0655.jpg,5_20,12469
5_20_0656.jpg,5_20,30873
5_20_0657.jpg,5_20,34993
5_20_0658.jpg,5_20,35345
5_20_0659.jpg,5_20,23132
5_20_0660.jpg,5_20,30866
5_20_0661.jpg,5_20,24428
5_20_0662.jpg,5_20,31575
5_20_0663.jpg,5_20,32900
5_20_0664.jpg,5_20,23530
5_20_0665.jpg,5_20,28427
5_20_0666.jpg,5_20,52697
5_20_0667.jpg,5_20,28054
5_20_0668.jpg,5_20,32273
5_20_0669.jpg,5_20,26622
5_20_0670.jpg,5_20,28116
5_20_0671.jpg,5_20,31989
5_20_0672.jpg,5_20,30867
5_20_0673.jpg,5_20,12454
5_20_0674.jpg,5_20,28810
5_20_0675.jpg,5_20,29113
5_20_0676.jpg,5_20,38048
5_20_0677.jpg,5_20,1256
5_20_0678.jpg,5_20,23124
5_20_0679.jpg,5_20,43835
5_20_0680.jpg,5_20,24436
5_20_0681.jpg,5_20,27980
5_20_0682.jpg,5_20,33517
5_20_0683.jpg,5_20,26218
5_20_0684.jpg,5_20,35333
5_20_0685.jpg,5_20,27509
5_20_0686.jpg,5_20,20641
5_20_0687.jpg,5_20,37355
5_20_0688.jpg,5_20,35029
5_20_0689.jpg,5_20,1093
5_20_0690.jpg,5_20,23127
5_20_0691.jpg,5_20,37956
5_20_0692.jpg,5_20,2118
5_20_0693.jpg,5_20,23524
5_20_0694.jpg,5_20,20648
5_20_0695.jpg,5_20,37966
5_20_0696.jpg,5_20,26877
5_20_0697.jpg,5_20,26206
5_20_0698.jpg,5_20,2074
5_20_0699.jpg,5_20,10185
5_20_0700.jpg,5_20,34921
5_20_0701.jpg,5_20,29018
5_20_0702.jpg,5_20,31724
5_20_0703.jpg,5_20,32867
5_20_0704.jpg,5_20,26888
5_20_0705.jpg,5_20,23525
5_20_0706.jpg,5_20,23264
5_20_0707.jpg,5_20,11215
5_20_0708.jpg,5_20,34962
5_20_0709.jpg,5_20,23189
5_20_0710.jpg,5_20,29017
5_20_0711.jpg,5_20,17026
5_20_0712.jpg,5_20,27926
5_20_0713.jpg,5_20,32435
5_20_0714.jpg,5_20,27852
5_20_0715.jpg,5_20,17011
5_20_0716.jpg,5_20,24048
5_20_0717.jpg,5_20,27574
5_20_0718.jpg,5_20,12445
5_20_0719.jpg,5_20,28997
5_20_0720.jpg,5_20,1194
5_20_0721.jpg,5_20,27500
5_20_0722.jpg,5_20,25825
5_20_0723.jpg,5_20,34719
5_20_0724.jpg,5_20,51074
5_20_0725.jpg,5_20,43280
5_20_0726.jpg,5_20,35339
5_20_0727.jpg,5_20,26211
5_20_0728.jpg,5_20,23122
5_20_0729.jpg,5_20,34934
5_20_0730.jpg,5_20,35027
5_20_0731.jpg,5_20,1247
5_20_0732.jpg,5_20,29093
5_20_0733.jpg,5_20,1148
5_20_0734.jpg,5_20,28546
5_20_0735.jpg,5_20,1047
5_20_0736.jpg,5_20,18416
5_20_0737.jpg,5_20,45316
5_20_0738.jpg,5_20,31661
5_20_0739.jpg,5_20,28024
5_20_0740.jpg,5_20,51895
5_20_0741.jpg,5_20,34961
5_20_0742.jpg,5_20,27508
5_20_0743.jpg,5_20,43789
5_20_0744.jpg,5_20,31662
5_20_0745.jpg,5_20,32172
5_20_0746.jpg,5_20,27606
5_20_0747.jpg,5_20,31481
5_20_0748.jpg,5_20,1132
5_20_0749.jpg,5_20,16012
5_20_0750.jpg,5_20,25836
5_20_0751.jpg,5_20,26212
5_20_0752.jpg,5_20,22996
5_20_0753.jpg,5_20,1165
5_20_0754.jpg,5_20,1339
5_20_0755.jpg,5_20,26898
5_20_0756.jpg,5_20,29224
5_20_0757.jpg,5_20,31725
5_20_0758.jpg,5_20,1128
5_20_0759.jpg,5_20,16004
5_20_0760.jpg,5_20,35026
5_20_0761.jpg,5_20,18420
5_20_0762.jpg,5_20,20687
5_20_0763.jpg,5_20,1328
5_20_0764.jpg,5_20,38082
5_20_0765.jpg,5_20,37504
5_20_0766.jpg,5_20,37505
5_20_0767.jpg,5_20,12441
5_20_0768.jpg,5_20,35018
5_20_0769.jpg,5_20,25824
5_20_0770.jpg,5_20,27566
5_20_0771.jpg,5_20,26878
5_20_0772.jpg,5_20,26209
5_20_0773.jpg,5_20,29241
5_20_0774.jpg,5_20,43777
5_20_0775.jpg,5_20,51082
5_20_0776.jpg,5_20,51078
5_20_0777.jpg,5_20,27575
5_20_0778.jpg,5_20,22992
5_20_0779.jpg,5_20,34999
5_20_0780.jpg,5_20,26205
5_20_0781.jpg,5_20,31474
5_20_0782.jpg,5_20,43439
5_20_0783.jpg,5_20,17017
5_20_0784.jpg,5_20,32802
5_20_0785.jpg,5_20,51083
5_20_0786.jpg,5_20,29085
5_20_0787.jpg,5_20,1005
5_20_0788.jpg,5_20,28989
5_20_0789.jpg,5_20,37325
5_20_0790.jpg,5_20,29229
5_20_0791.jpg,5_20,25184
5_20_0792.jpg,5_20,10184
5_20_0793.jpg,5_20,1635
5_20_0794.jpg,5_20,1340
5_20_0795.jpg,5_20,979
5_20_0796.jpg,5_20,25532
5_20_0797.jpg,5_20,27129
5_20_0798.jpg,5_20,1167
5_20_0799.jpg,5_20,25530
5_20_0800.jpg,5_20,35005
5_20_0801.jpg,5_20,34967
5_20_0802.jpg,5_20,38085
5_20_0803.jpg,5_20,34715
5_20_0804.jpg,5_20,24607
5_20_0805.jpg,5_20,2075
5_20_0806.jpg,5_20,26613
5_20_0807.jpg,5_20,23560
5_20_0808.jpg,5_20,35017
5_20_0809.jpg,5_20,17043
5_20_0810.jpg,5_20,52938
5_20_0811.jpg,5_20,23193
5_20_0812.jpg,5_20,27181
5_20_0813.jpg,5_20,28807
5_20_0814.jpg,5_20,23120
5_20_0815.jpg,5_20,38086
5_20_0816.jpg,5_20,12453
5_20_0817.jpg,5_20,2086
5_20_0818.jpg,5_20,27601
5_20_0819.jpg,5_20,1086
5_20_0820.jpg,5_20,1147
5_20_0821.jpg,5_20,29084
5_20_0822.jpg,5_20,16044
5_20_0823.jpg,5_20,43726
5_20_0824.jpg,5_20,23034
5_20_0825.jpg,5_20,23564
5_20_0826.jpg,5_20,26854
5_20_0827.jpg,5_20,33643
5_20_0828.jpg,5_20,17606
5_20_0829.jpg,5_20,16043
5_20_0830.jpg,5_20,25180
5_20_0831.jpg,5_20,24136
5_20_0832.jpg,5_20,30877
5_20_0833.jpg,5_20,2113
5_20_0834.jpg,5_20,2114
5_20_0835.jpg,5_20,43838
5_20_0836.jpg,5_20,16041
5_20_0837.jpg,5_20,37359
5_20_0838.jpg,5_20,17031
5_20_0839.jpg,5_20,38044
5_20_0840.jpg,5_20,17623
5_20_0841.jpg,5_20,31673
5_20_0842.jpg,5_20,24046
5_20_0843.jpg,5_20,45520
5_20_0844.jpg,5_20,26860
5_20_0845.jpg,5_20,33507
5_20_0846.jpg,5_20,2103
5_20_0847.jpg,5_20,1134
5_20_0848.jpg,5_20,34941
5_20_0849.jpg,5_20,23558
5_20_0850.jpg,5_20,33511
5_20_0851.jpg,5_20,34722
5_20_0852.jpg,5_20,31675
5_20_0853.jpg,5_20,28059
5_20_0854.jpg,5_20,29121
5_20_0855.jpg,5_20,22986
5_20_0856.jpg,5_20,17032
5_20_0857.jpg,5_20,35033
5_20_0858.jpg,5_20,10192
5_20_0859.jpg,5_20,32429
5_20_0860.jpg,5_20,45313
5_20_0861.jpg,5_20,31668
5_20_0862.jpg,5_20,1170
5_20_0863.jpg,5_20,37516
5_20_0864.jpg,5_20,10180
5_20_0865.jpg,5_20,26887
5_20_0866.jpg,5_20,23188
5_20_0867.jpg,5_20,27070
5_20_0868.jpg,5_20,27067
5_20_0869.jpg,5_20,32175
5_20_0870.jpg,5_20,29109
5_20_0871.jpg,5_20,27068
5_20_0872.jpg,5_20,33112
5_20_0873.jpg,5_20,29099
5_20_0874.jpg,5_20,24490
5_20_0875.jpg,5_20,17013
5_20_0876.jpg,5_20,26200
5_20_0877.jpg,5_20,16010
5_20_0878.jpg,5_20,33085
5_20_0879.jpg,5_20,28550
5_20_0880.jpg,5_20,37495
5_20_0881.jpg,5_20,1364
5_20_0882.jpg,5_20,23131
5_20_0883.jpg,5_20,35131
5_20_0884.jpg,5_20,1084
5_20_0885.jpg,5_20,43657
5_20_0886.jpg,5_20,12294
5_20_0887.jpg,5_20,14
5_20_0888.jpg,5_20,26615
5_20_0889.jpg,5_20,12298
5_20_0890.jpg,5_20,27981
5_20_0891.jpg,5_20,32212
5_20_0892.jpg,5_20,23143
5_20_0893.jpg,5_20,28991
5_20_0894.jpg,5_20,11213
5_20_0895.jpg,5_20,12448
5_20_0896.jpg,5_20,33518
5_20_0897.jpg,5_20,27192
5_20_0898.jpg,5_20,27349
5_20_0899.jpg,5_20,28429
5_20_0900.jpg,5_20,27612
5_20_0901.jpg,5_20,27199
5_20_0902.jpg,5_20,18414
5_20_0903.jpg,5_20,53142
5_20_0904.jpg,5_20,20685
5_20_0905.jpg,5_20,35028
5_20_0906.jpg,5_20,23
5_20_0907.jpg,5_20,32436
5_20_0908.jpg,5_20,47583
5_20_0909.jpg,5_20,33076
5_20_0910.jpg,5_20,43717
5_20_0911.jpg,5_20,1016
5_20_0912.jpg,5_20,38076
5_20_0913.jpg,5_20,1711
5_20_0914.jpg,5_20,2100
5_20_0915.jpg,5_20,16000
5_20_0916.jpg,5_20,23038
5_20_0917.jpg,5_20,10186
5_20_0918.jpg,5_20,52029
5_20_0919.jpg,5_20,25182
5_20_0920.jpg,5_20,27346
5_20_0921.jpg,5_20,33084
5_20_0922.jpg,5_20,1085
5_20_0923.jpg,5_20,29022
5_20_0924.jpg,5_20,32859
5_20_0925.jpg,5_20,32430
5_20_0926.jpg,5_20,15071
5_20_0927.jpg,5_20,2921
5_20_0928.jpg,5_20,31670
5_20_0929.jpg,5_20,47196
5_20_0930.jpg,5_20,27175
5_20_0931.jpg,5_20,37963
5_20_0932.jpg,5_20,28804
5_20_0933.jpg,5_20,24434
5_20_0934.jpg,5_20,43775
5_20_0935.jpg,5_20,33514
5_20_0936.jpg,5_20,28055
5_20_0937.jpg,5_20,990
5_20_0938.jpg,5_20,2923
5_20_0939.jpg,5_20,27510
5_20_0940.jpg,5_20,28805
5_20_0941.jpg,5_20,989
5_20_0942.jpg,5_20,29013
5_20_0943.jpg,5_20,28342
5_20_0944.jpg,5_20,18418
5_20_0945.jpg,5_20,26857
5_20_0946.jpg,5_20,1638
5_20_0947.jpg,5_20,51045
5_20_0948.jpg,5_20,35124
5_20_0949.jpg,5_20,16036
5_20_0950.jpg,5_20,38074
5_20_0951.jpg,5_20,12449
5_20_0952.jpg,5_20,17624
5_20_0953.jpg,5_20,17627
5_20_0954.jpg,5_20,26879
5_20_0955.jpg,5_20,2917
5_20_0956.jpg,5_20,24093
5_20_0957.jpg,5_20,27850
5_20_0958.jpg,5_20,22998
5_20_0959.jpg,5_20,27127
5_20_0960.jpg,5_20,32218
5_20_0961.jpg,5_20,2025
5_20_0962.jpg,5_20,2102
5_20_0963.jpg,5_20,30871
5_20_0964.jpg,5_20,10181
5_20_0965.jpg,5_20,10183
5_20_0966.jpg,5_20,24100
5_20_0967.jpg,5_20,33520
5_20_0968.jpg,5_20,37322
5_20_0969.jpg,5_20,18413
5_20_0970.jpg,5_20,16491
5_20_0971.jpg,5_20,28994
5_20_0972.jpg,5_20,35023
5_20_0973.jpg,5_20,31721
5_20_0974.jpg,5_20,34727
5_20_0975.jpg,5_20,30864
5_20_0976.jpg,5_20,27976
5_20_0977.jpg,5_20,31933
5_20_0978.jpg,5_20,29088
5_20_0979.jpg,5_20,51903
5_20_0980.jpg,5_20,33642
5_20_0981.jpg,5_20,29233
5_20_0982.jpg,5_20,16643
5_20_0983.jpg,5_20,33107
5_20_0984.jpg,5_20,1129
5_20_0985.jpg,5_20,37968
5_20_0986.jpg,5_20,33108
5_20_0987.jpg,5_20,43714
5_20_0988.jpg,5_20,23559
5_20_0989.jpg,5_20,33078
5_20_0990.jpg,5_20,23203
5_20_0991.jpg,5_20,11209
5_20_0992.jpg,5_20,1204
5_20_0993.jpg,5_20,23147
5_20_0994.jpg,5_20,26883
5_20_0995.jpg,5_20,25840
5_20_0996.jpg,5_20,37498
5_20_0997.jpg,5_20,53134
5_20_0998.jpg,5_20,39435
5_20_0999.jpg,5_20,20640
3_20_0000.jpg,3_20,56050
3_20_0001.jpg,3_20,53255
3_20_0002.jpg,3_20,57825
3_20_0003.jpg,3_20,50661
3_20_0004.jpg,3_20,22404
3_20_0005.jpg,3_20,50533
3_20_0006.jpg,3_20,50783
3_20_0007.jpg,3_20,34460
3_20_0008.jpg,3_20,8611
3_20_0009.jpg,3_20,19260
3_20_0010.jpg,3_20,53857
3_20_0011.jpg,3_20,22403
3_20_0012.jpg,3_20,50828
3_20_0013.jpg,3_20,53612
3_20_0014.jpg,3_20,50429
3_20_0015.jpg,3_20,55109
3_20_0016.jpg,3_20,50505
3_20_0017.jpg,3_20,50345
3_20_0018.jpg,3_20,13626
3_20_0019.jpg,3_20,52269
3_20_0020.jpg,3_20,22605
3_20_0021.jpg,3_20,52912
3_20_0022.jpg,3_20,52279
3_20_0023.jpg,3_20,53318
3_20_0024.jpg,3_20,6767
3_20_0025.jpg,3_20,9761
3_20_0026.jpg,3_20,13100
3_20_0027.jpg,3_20,9624
3_20_0028.jpg,3_20,30816
3_20_0029.jpg,3_20,13272
3_20_0030.jpg,3_20,22574
3_20_0031.jpg,3_20,13098
3_20_0032.jpg,3_20,18889
3_20_0033.jpg,3_20,22889
3_20_0034.jpg,3_20,22467
3_20_0035.jpg,3_20,52194
3_20_0036.jpg,3_20,8447
3_20_0037.jpg,3_20,57821
3_20_0038.jpg,3_20,13516
3_20_0039.jpg,3_20,51440
3_20_0040.jpg,3_20,7590
3_20_0041.jpg,3_20,8245
3_20_0042.jpg,3_20,56051
3_20_0043.jpg,3_20,7588
3_20_0044.jpg,3_20,17262
3_20_0045.jpg,3_20,25427
3_20_0046.jpg,3_20,56781
3_20_0047.jpg,3_20,21012
3_20_0048.jpg,3_20,13192
3_20_0049.jpg,3_20,56648
3_20_0050.jpg,3_20,6807
3_20_0051.jpg,3_20,37220
3_20_0052.jpg,3_20,50672
3_20_0053.jpg,3_20,52567
3_20_0054.jpg,3_20,19421
3_20_0055.jpg,3_20,22891
3_20_0056.jpg,3_20,30814
3_20_0057.jpg,3_20,47299
3_20_0058.jpg,3_20,22904
3_20_0059.jpg,3_20,22690
3_20_0060.jpg,3_20,22305
3_20_0061.jpg,3_20,50530
3_20_0062.jpg,3_20,19070
3_20_0063.jpg,3_20,13687
3_20_0064.jpg,3_20,22492
3_20_0065.jpg,3_20,6672
3_20_0066.jpg,3_20,8612
3_20_0067.jpg,3_20,25281
3_20_0068.jpg,3_20,13270
3_20_0069.jpg,3_20,13601
3_20_0070.jpg,3_20,57824
3_20_0071.jpg,3_20,7287
3_20_0072.jpg,3_20,22233
3_20_0073.jpg,3_20,7429
3_20_0074.jpg,3_20,17261
3_20_0075.jpg,3_20,50559
3_20_0076.jpg,3_20,50673
3_20_0077.jpg,3_20,51428
3_20_0078.jpg,3_20,53186
3_20_0079.jpg,3_20,7364
3_20_0080.jpg,3_20,13699
3_20_0081.jpg,3_20,13174
3_20_0082.jpg,3_20,7706
3_20_0083.jpg,3_20,8098
3_20_0084.jpg,3_20,7071
3_20_0085.jpg,3_20,22251
3_20_0086.jpg,3_20,6781
3_20_0087.jpg,3_20,51389
3_20_0088.jpg,3_20,9593
3_20_0089.jpg,3_20,19403
3_20_0090.jpg,3_20,8933
3_20_0091.jpg,3_20,53499
3_20_0092.jpg,3_20,19320
3_20_0093.jpg,3_20,13503
3_20_0094.jpg,3_20,18459
3_20_0095.jpg,3_20,55759
3_20_0096.jpg,3_20,53547
3_20_0097.jpg,3_20,13694
3_20_0098.jpg,3_20,8870
3_20_0099.jpg,3_20,53745
3_20_0100.jpg,3_20,52452
3_20_0101.jpg,3_20,8282
3_20_0102.jpg,3_20,55110
3_20_0103.jpg,3_20,55726
3_20_0104.jpg,3_20,51311
3_20_0105.jpg,3_20,13556
3_20_0106.jpg,3_20,1805
3_20_0107.jpg,3_20,18453
3_20_0108.jpg,3_20,13786
3_20_0109.jpg,3_20,20947
3_20_0110.jpg,3_20,22620
3_20_0111.jpg,3_20,22641
3_20_0112.jpg,3_20,52253
3_20_0113.jpg,3_20,53375
3_20_0114.jpg,3_20,1854
3_20_0115.jpg,3_20,49378
3_20_0116.jpg,3_20,53369
3_20_0117.jpg,3_20,56460
3_20_0118.jpg,3_20,8391
3_20_0119.jpg,3_20,22587
3_20_0120.jpg,3_20,56310
3_20_0121.jpg,3_20,13172
3_20_0122.jpg,3_20,55248
3_20_0123.jpg,3_20,9789
3_20_0124.jpg,3_20,50383
3_20_0125.jpg,3_20,56361
3_20_0126.jpg,3_20,50755
3_20_0127.jpg,3_20,52300
3_20_0128.jpg,3_20,51455
3_20_0129.jpg,3_20,49284
3_20_0130.jpg,3_20,55246
3_20_0131.jpg,3_20,34454
3_20_0132.jpg,3_20,19474
3_20_0133.jpg,3_20,7592
3_20_0134.jpg,3_20,19049
3_20_0135.jpg,3_20,8829
3_20_0136.jpg,3_20,22897
3_20_0137.jpg,3_20,53633
3_20_0138.jpg,3_20,22860
3_20_0139.jpg,3_20,55728
3_20_0140.jpg,3_20,23463
3_20_0141.jpg,3_20,28883
3_20_0142.jpg,3_20,51483
3_20_0143.jpg,3_20,6733
3_20_0144.jpg,3_20,22405
3_20_0145.jpg,3_20,8284
3_20_0146.jpg,3_20,52248
3_20_0147.jpg,3_20,8195
3_20_0148.jpg,3_20,18888
3_20_0149.jpg,3_20,1810
3_20_0150.jpg,3_20,50547
3_20_0151.jpg,3_20,53415
3_20_0152.jpg,3_20,22205
3_20_0153.jpg,3_20,19450
3_20_0154.jpg,3_20,13162
3_20_0155.jpg,3_20,22863
3_20_0156.jpg,3_20,22890
3_20_0157.jpg,3_20,53560
3_20_0158.jpg,3_20,22619
3_20_0159.jpg,3_20,53596
3_20_0160.jpg,3_20,50924
3_20_0161.jpg,3_20,55987
3_20_0162.jpg,3_20,19269
3_20_0163.jpg,3_20,55724
3_20_0164.jpg,3_20,6599
3_20_0165.jpg,3_20,51580
3_20_0166.jpg,3_20,6745
3_20_0167.jpg,3_20,55383
3_20_0168.jpg,3_20,8434
3_20_0169.jpg,3_20,19354
3_20_0170.jpg,3_20,51581
3_20_0171.jpg,3_20,52604
3_20_0172.jpg,3_20,52449
3_20_0173.jpg,3_20,52459
3_20_0174.jpg,3_20,52205
3_20_0175.jpg,3_20,22555
3_20_0176.jpg,3_20,22488
3_20_0177.jpg,3_20,9627
3_20_0178.jpg,3_20,56770
3_20_0179.jpg,3_20,6965
3_20_0180.jpg,3_20,50911
3_20_0181.jpg,3_20,22529
3_20_0182.jpg,3_20,8830
3_20_0183.jpg,3_20,50384
3_20_0184.jpg,3_20,7831
3_20_0185.jpg,3_20,19319
3_20_0186.jpg,3_20,51584
3_20_0187.jpg,3_20,30815
3_20_0188.jpg,3_20,52914
3_20_0189.jpg,3_20,18886
3_20_0190.jpg,3_20,7693
3_20_0191.jpg,3_20,8574
3_20_0192.jpg,3_20,7819
3_20_0193.jpg,3_20,56121
3_20_0194.jpg,3_20,51456
3_20_0195.jpg,3_20,8594
3_20_0196.jpg,3_20,55200
3_20_0197.jpg,3_20,53593
3_20_0198.jpg,3_20,52450
3_20_0199.jpg,3_20,50477
3_20_0200.jpg,3_20,6702
3_20_0201.jpg,3_20,8802
3_20_0202.jpg,3_20,9580
3_20_0203.jpg,3_20,7067
3_20_0204.jpg,3_20,22528
3_20_0205.jpg,3_20,13790
3_20_0206.jpg,3_20,9758
3_20_0207.jpg,3_20,13253
3_20_0208.jpg,3_20,13867
3_20_0209.jpg,3_20,53416
3_20_0210.jpg,3_20,50819
3_20_0211.jpg,3_20,7068
3_20_0212.jpg,3_20,30844
3_20_0213.jpg,3_20,6923
3_20_0214.jpg,3_20,22307
3_20_0215.jpg,3_20,50760
3_20_0216.jpg,3_20,1828
3_20_0217.jpg,3_20,53749
3_20_0218.jpg,3_20,19299
3_20_0219.jpg,3_20,22694
3_20_0220.jpg,3_20,55024
3_20_0221.jpg,3_20,56530
3_20_0222.jpg,3_20,8035
3_20_0223.jpg,3_20,8197
3_20_0224.jpg,3_20,50921
3_20_0225.jpg,3_20,22861
3_20_0226.jpg,3_20,50391
3_20_0227.jpg,3_20,7048
3_20_0228.jpg,3_20,22544
3_20_0229.jpg,3_20,9759
3_20_0230.jpg,3_20,8199
3_20_0231.jpg,3_20,53650
3_20_0232.jpg,3_20,18951
3_20_0233.jpg,3_20,56407
3_20_0234.jpg,3_20,53449
3_20_0235.jpg,3_20,53855
3_20_0236.jpg,3_20,8461
3_20_0237.jpg,3_20,52451
3_20_0238.jpg,3_20,52208
3_20_0239.jpg,3_20,18952
3_20_0240.jpg,3_20,52301
3_20_0241.jpg,3_20,56623
3_20_0242.jpg,3_20,50562
3_20_0243.jpg,3_20,34448
3_20_0244.jpg,3_20,13696
3_20_0245.jpg,3_20,9622
3_20_0246.jpg,3_20,1793
3_20_0247.jpg,3_20,8318
3_20_0248.jpg,3_20,28840
3_20_0249.jpg,3_20,6992
3_20_0250.jpg,3_20,22590
3_20_0251.jpg,3_20,52453
3_20_0252.jpg,3_20,13486
3_20_0253.jpg,3_20,56773
3_20_0254.jpg,3_20,53834
3_20_0255.jpg,3_20,51583
3_20_0256.jpg,3_20,50497
3_20_0257.jpg,3_20,34452
3_20_0258.jpg,3_20,34457
3_20_0259.jpg,3_20,52245
3_20_0260.jpg,3_20,6783
3_20_0261.jpg,3_20,7632
3_20_0262.jpg,3_20,13850
3_20_0263.jpg,3_20,53257
3_20_0264.jpg,3_20,30848
3_20_0265.jpg,3_20,20948
3_20_0266.jpg,3_20,17307
3_20_0267.jpg,3_20,53610
3_20_0268.jpg,3_20,52502
3_20_0269.jpg,3_20,8589
3_20_0270.jpg,3_20,22847
3_20_0271.jpg,3_20,13501
3_20_0272.jpg,3_20,56363
3_20_0273.jpg,3_20,52527
3_20_0274.jpg,3_20,22903
3_20_0275.jpg,3_20,30851
3_20_0276.jpg,3_20,22513
3_20_0277.jpg,3_20,55358
3_20_0278.jpg,3_20,8746
3_20_0279.jpg,3_20,51582
3_20_0280.jpg,3_20,7699
3_20_0281.jpg,3_20,22568
3_20_0282.jpg,3_20,6837
3_20_0283.jpg,3_20,13328
3_20_0284.jpg,3_20,8459
3_20_0285.jpg,3_20,13688
3_20_0286.jpg,3_20,52600
3_20_0287.jpg,3_20,55247
3_20_0288.jpg,3_20,13868
3_20_0289.jpg,3_20,7026
3_20_0290.jpg,3_20,13050
3_20_0291.jpg,3_20,50502
3_20_0292.jpg,3_20,22695
3_20_0293.jpg,3_20,53746
3_20_0294.jpg,3_20,8115
3_20_0295.jpg,3_20,22335
3_20_0296.jpg,3_20,7288
3_20_0297.jpg,3_20,7821
3_20_0298.jpg,3_20,50615
3_20_0299.jpg,3_20,55216
3_20_0300.jpg,3_20,22692
3_20_0301.jpg,3_20,56409
3_20_0302.jpg,3_20,8497
3_20_0303.jpg,3_20,13508
3_20_0304.jpg,3_20,56645
3_20_0305.jpg,3_20,50624
3_20_0306.jpg,3_20,6839
3_20_0307.jpg,3_20,34456
3_20_0308.jpg,3_20,53726
3_20_0309.jpg,3_20,7199
3_20_0310.jpg,3_20,53752
3_20_0311.jpg,3_20,34455
3_20_0312.jpg,3_20,55028
3_20_0313.jpg,3_20,19927
3_20_0314.jpg,3_20,53537
3_20_0315.jpg,3_20,8904
3_20_0316.jpg,3_20,22585
3_20_0317.jpg,3_20,6770
3_20_0318.jpg,3_20,1817
3_20_0319.jpg,3_20,13504
3_20_0320.jpg,3_20,8065
3_20_0321.jpg,3_20,8268
3_20_0322.jpg,3_20,56772
3_20_0323.jpg,3_20,56780
3_20_0324.jpg,3_20,50433
3_20_0325.jpg,3_20,55560
3_20_0326.jpg,3_20,7047
3_20_0327.jpg,3_20,7430
3_20_0328.jpg,3_20,51435
3_20_0329.jpg,3_20,13405
3_20_0330.jpg,3_20,23461
3_20_0331.jpg,3_20,8303
3_20_0332.jpg,3_20,49376
3_20_0333.jpg,3_20,13719
3_20_0334.jpg,3_20,8490
3_20_0335.jpg,3_20,8571
3_20_0336.jpg,3_20,4755
3_20_0337.jpg,3_20,52458
3_20_0338.jpg,3_20,7710
3_20_0339.jpg,3_20,8593
3_20_0340.jpg,3_20,13897
3_20_0341.jpg,3_20,8179
3_20_0342.jpg,3_20,55022
3_20_0343.jpg,3_20,53490
3_20_0344.jpg,3_20,8534
3_20_0345.jpg,3_20,7362
3_20_0346.jpg,3_20,53615
3_20_0347.jpg,3_20,56394
3_20_0348.jpg,3_20,55197
3_20_0349.jpg,3_20,23467
3_20_0350.jpg,3_20,22231
3_20_0351.jpg,3_20,8609
3_20_0352.jpg,3_20,13049
3_20_0353.jpg,3_20,6754
3_20_0354.jpg,3_20,50843
3_20_0355.jpg,3_20,12399
3_20_0356.jpg,3_20,25422
3_20_0357.jpg,3_20,6866
3_20_0358.jpg,3_20,50816
3_20_0359.jpg,3_20,7780
3_20_0360.jpg,3_20,22554
3_20_0361.jpg,3_20,18948
3_20_0362.jpg,3_20,25426
3_20_0363.jpg,3_20,6898
3_20_0364.jpg,3_20,52387
3_20_0365.jpg,3_20,1581
3_20_0366.jpg,3_20,6868
3_20_0367.jpg,3_20,56535
3_20_0368.jpg,3_20,53542
3_20_0369.jpg,3_20,13502
3_20_0370.jpg,3_20,55384
3_20_0371.jpg,3_20,13315
3_20_0372.jpg,3_20,9592
3_20_0373.jpg,3_20,7634
3_20_0374.jpg,3_20,2217
3_20_0375.jpg,3_20,22868
3_20_0376.jpg,3_20,6725
3_20_0377.jpg,3_20,1874
3_20_0378.jpg,3_20,19440
3_20_0379.jpg,3_20,8880
3_20_0380.jpg,3_20,6964
3_20_0381.jpg,3_20,13145
3_20_0382.jpg,3_20,7701
3_20_0383.jpg,3_20,8533
3_20_0384.jpg,3_20,8532
3_20_0385.jpg,3_20,6838
3_20_0386.jpg,3_20,22848
3_20_0387.jpg,3_20,55756
3_20_0388.jpg,3_20,7829
3_20_0389.jpg,3_20,56351
3_20_0390.jpg,3_20,19261
3_20_0391.jpg,3_20,51552
3_20_0392.jpg,3_20,8868
3_20_0393.jpg,3_20,53366
3_20_0394.jpg,3_20,51308
3_20_0395.jpg,3_20,22573
3_20_0396.jpg,3_20,22895
3_20_0397.jpg,3_20,8114
3_20_0398.jpg,3_20,13251
3_20_0399.jpg,3_20,12394
3_20_0400.jpg,3_20,7822
3_20_0401.jpg,3_20,22209
3_20_0402.jpg,3_20,19263
3_20_0403.jpg,3_20,8578
3_20_0404.jpg,3_20,2215
3_20_0405.jpg,3_20,22615
3_20_0406.jpg,3_20,19067
3_20_0407.jpg,3_20,56112
3_20_0408.jpg,3_20,22552
3_20_0409.jpg,3_20,12392
3_20_0410.jpg,3_20,53545
3_20_0411.jpg,3_20,13144
3_20_0412.jpg,3_20,6996
3_20_0413.jpg,3_20,13717
3_20_0414.jpg,3_20,53378
3_20_0415.jpg,3_20,53446
3_20_0416.jpg,3_20,7027
3_20_0417.jpg,3_20,56599
3_20_0418.jpg,3_20,53611
3_20_0419.jpg,3_20,18457
3_20_0420.jpg,3_20,55360
3_20_0421.jpg,3_20,7713
3_20_0422.jpg,3_20,53598
3_20_0423.jpg,3_20,53508
3_20_0424.jpg,3_20,53614
3_20_0425.jpg,3_20,13506
3_20_0426.jpg,3_20,7698
3_20_0427.jpg,3_20,19265
3_20_0428.jpg,3_20,22543
3_20_0429.jpg,3_20,8233
3_20_0430.jpg,3_20,19400
3_20_0431.jpg,3_20,8590
3_20_0432.jpg,3_20,19089
3_20_0433.jpg,3_20,50414
3_20_0434.jpg,3_20,7046
3_20_0435.jpg,3_20,19419
3_20_0436.jpg,3_20,52650
3_20_0437.jpg,3_20,52282
3_20_0438.jpg,3_20,28881
3_20_0439.jpg,3_20,56393
3_20_0440.jpg,3_20,50665
3_20_0441.jpg,3_20,13252
3_20_0442.jpg,3_20,50613
3_20_0443.jpg,3_20,1872
3_20_0444.jpg,3_20,52295
3_20_0445.jpg,3_20,6595
3_20_0446.jpg,3_20,52645
3_20_0447.jpg,3_20,18949
3_20_0448.jpg,3_20,13310
3_20_0449.jpg,3_20,22896
3_20_0450.jpg,3_20,13413
3_20_0451.jpg,3_20,7400
3_20_0452.jpg,3_20,6946
3_20_0453.jpg,3_20,8270
3_20_0454.jpg,3_20,52548
3_20_0455.jpg,3_20,56782
3_20_0456.jpg,3_20,17265
3_20_0457.jpg,3_20,56459
3_20_0458.jpg,3_20,8416
3_20_0459.jpg,3_20,22407
3_20_0460.jpg,3_20,55025
3_20_0461.jpg,3_20,53494
3_20_0462.jpg,3_20,13314
3_20_0463.jpg,3_20,25425
3_20_0464.jpg,3_20,53509
3_20_0465.jpg,3_20,8244
3_20_0466.jpg,3_20,13702
3_20_0467.jpg,3_20,19088
3_20_0468.jpg,3_20,6784
3_20_0469.jpg,3_20,50810
3_20_0470.jpg,3_20,22846
3_20_0471.jpg,3_20,13851
3_20_0472.jpg,3_20,6600
3_20_0473.jpg,3_20,13190
3_20_0474.jpg,3_20,19357
3_20_0475.jpg,3_20,19925
3_20_0476.jpg,3_20,53179
3_20_0477.jpg,3_20,53574
3_20_0478.jpg,3_20,51283
3_20_0479.jpg,3_20,6908
3_20_0480.jpg,3_20,13489
3_20_0481.jpg,3_20,13149
3_20_0482.jpg,3_20,22489
3_20_0483.jpg,3_20,50811
3_20_0484.jpg,3_20,19142
3_20_0485.jpg,3_20,53450
3_20_0486.jpg,3_20,52595
3_20_0487.jpg,3_20,1785
3_20_0488.jpg,3_20,6993
3_20_0489.jpg,3_20,50498
3_20_0490.jpg,3_20,55549
3_20_0491.jpg,3_20,8893
3_20_0492.jpg,3_20,6897
3_20_0493.jpg,3_20,8315
3_20_0494.jpg,3_20,52246
3_20_0495.jpg,3_20,8182
3_20_0496.jpg,3_20,52545
3_20_0497.jpg,3_20,56052
3_20_0498.jpg,3_20,51436
3_20_0499.jpg,3_20,51515
3_20_0500.jpg,3_20,13309
3_20_0501.jpg,3_20,50627
3_20_0502.jpg,3_20,56350
3_20_0503.jpg,3_20,56410
3_20_0504.jpg,3_20,37224
3_20_0505.jpg,3_20,18962
3_20_0506.jpg,3_20,8496
3_20_0507.jpg,3_20,8957
3_20_0508.jpg,3_20,13416
3_20_0509.jpg,3_20,22887
3_20_0510.jpg,3_20,8592
3_20_0511.jpg,3_20,13500
3_20_0512.jpg,3_20,18460
3_20_0513.jpg,3_20,13824
3_20_0514.jpg,3_20,28880
3_20_0515.jpg,3_20,9595
3_20_0516.jpg,3_20,13646
3_20_0517.jpg,3_20,50412
3_20_0518.jpg,3_20,7401
3_20_0519.jpg,3_20,22250
3_20_0520.jpg,3_20,22588
3_20_0521.jpg,3_20,22468
3_20_0522.jpg,3_20,52518
3_20_0523.jpg,3_20,56647
3_20_0524.jpg,3_20,25280
3_20_0525.jpg,3_20,22884
3_20_0526.jpg,3_20,50622
3_20_0527.jpg,3_20,23305
3_20_0528.jpg,3_20,8445
3_20_0529.jpg,3_20,52312
3_20_0530.jpg,3_20,6118
3_20_0531.jpg,3_20,51559
3_20_0532.jpg,3_20,22894
3_20_0533.jpg,3_20,7491
3_20_0534.jpg,3_20,18454
3_20_0535.jpg,3_20,50923
3_20_0536.jpg,3_20,8431
3_20_0537.jpg,3_20,52314
3_20_0538.jpg,3_20,13525
3_20_0539.jpg,3_20,22486
3_20_0540.jpg,3_20,34459
3_20_0541.jpg,3_20,56598
3_20_0542.jpg,3_20,30819
3_20_0543.jpg,3_20,13789
3_20_0544.jpg,3_20,22406
3_20_0545.jpg,3_20,50411
3_20_0546.jpg,3_20,7197
3_20_0547.jpg,3_20,19402
3_20_0548.jpg,3_20,53187
3_20_0549.jpg,3_20,49286
3_20_0550.jpg,3_20,8906
3_20_0551.jpg,3_20,8442
3_20_0552.jpg,3_20,52470
3_20_0553.jpg,3_20,1580
3_20_0554.jpg,3_20,1871
3_20_0555.jpg,3_20,50549
3_20_0556.jpg,3_20,56529
3_20_0557.jpg,3_20,52487
3_20_0558.jpg,3_20,22639
3_20_0559.jpg,3_20,52501
3_20_0560.jpg,3_20,22571
3_20_0561.jpg,3_20,22402
3_20_0562.jpg,3_20,22512
3_20_0563.jpg,3_20,50480
3_20_0564.jpg,3_20,18921
3_20_0565.jpg,3_20,7070
3_20_0566.jpg,3_20,56401
3_20_0567.jpg,3_20,6782
3_20_0568.jpg,3_20,52278
3_20_0569.jpg,3_20,22526
3_20_0570.jpg,3_20,8492
3_20_0571.jpg,3_20,8903
3_20_0572.jpg,3_20,23312
3_20_0573.jpg,3_20,13517
3_20_0574.jpg,3_20,21005
3_20_0575.jpg,3_20,50662
3_20_0576.jpg,3_20,53732
3_20_0577.jpg,3_20,53629
3_20_0578.jpg,3_20,6924
3_20_0579.jpg,3_20,22527
3_20_0580.jpg,3_20,55723
3_20_0581.jpg,3_20,53511
3_20_0582.jpg,3_20,53570
3_20_0583.jpg,3_20,50390
3_20_0584.jpg,3_20,52602
3_20_0585.jpg,3_20,22258
3_20_0586.jpg,3_20,52526
3_20_0587.jpg,3_20,8380
3_20_0588.jpg,3_20,13557
3_20_0589.jpg,3_20,30846
3_20_0590.jpg,3_20,8379
3_20_0591.jpg,3_20,13511
3_20_0592.jpg,3_20,13487
3_20_0593.jpg,3_20,56752
3_20_0594.jpg,3_20,1855
3_20_0595.jpg,3_20,8091
3_20_0596.jpg,3_20,7692
3_20_0597.jpg,3_20,53469
3_20_0598.jpg,3_20,55750
3_20_0599.jpg,3_20,7402
3_20_0600.jpg,3_20,8831
3_20_0601.jpg,3_20,22885
3_20_0602.jpg,3_20,8529
3_20_0603.jpg,3_20,22893
3_20_0604.jpg,3_20,53367
3_20_0605.jpg,3_20,18458
3_20_0606.jpg,3_20,50837
3_20_0607.jpg,3_20,52299
3_20_0608.jpg,3_20,53510
3_20_0609.jpg,3_20,53414
3_20_0610.jpg,3_20,7613
3_20_0611.jpg,3_20,7832
3_20_0612.jpg,3_20,19955
3_20_0613.jpg,3_20,53540
3_20_0614.jpg,3_20,13627
3_20_0615.jpg,3_20,55490
3_20_0616.jpg,3_20,51429
3_20_0617.jpg,3_20,50614
3_20_0618.jpg,3_20,1574
3_20_0619.jpg,3_20,53451
3_20_0620.jpg,3_20,56497
3_20_0621.jpg,3_20,22673
3_20_0622.jpg,3_20,13484
3_20_0623.jpg,3_20,1486
3_20_0624.jpg,3_20,52572
3_20_0625.jpg,3_20,6755
3_20_0626.jpg,3_20,22540
3_20_0627.jpg,3_20,52195
3_20_0628.jpg,3_20,9764
3_20_0629.jpg,3_20,13567
3_20_0630.jpg,3_20,9763
3_20_0631.jpg,3_20,19300
3_20_0632.jpg,3_20,8328
3_20_0633.jpg,3_20,22303
3_20_0634.jpg,3_20,12398
3_20_0635.jpg,3_20,7591
3_20_0636.jpg,3_20,7611
3_20_0637.jpg,3_20,8803
3_20_0638.jpg,3_20,53750
3_20_0639.jpg,3_20,56475
3_20_0640.jpg,3_20,52386
3_20_0641.jpg,3_20,7707
3_20_0642.jpg,3_20,56754
3_20_0643.jpg,3_20,53496
3_20_0644.jpg,3_20,13505
3_20_0645.jpg,3_20,55727
3_20_0646.jpg,3_20,6910
3_20_0647.jpg,3_20,55257
3_20_0648.jpg,3_20,50914
3_20_0649.jpg,3_20,22644
3_20_0650.jpg,3_20,7825
3_20_0651.jpg,3_20,50829
3_20_0652.jpg,3_20,52648
3_20_0653.jpg,3_20,6729
3_20_0654.jpg,3_20,52252
3_20_0655.jpg,3_20,51484
3_20_0656.jpg,3_20,50834
3_20_0657.jpg,3_20,22483
3_20_0658.jpg,3_20,7700
3_20_0659.jpg,3_20,8198
3_20_0660.jpg,3_20,55757
3_20_0661.jpg,3_20,23310
3_20_0662.jpg,3_20,51474
3_20_0663.jpg,3_20,52520
3_20_0664.jpg,3_20,55552
3_20_0665.jpg,3_20,53493
3_20_0666.jpg,3_20,18964
3_20_0667.jpg,3_20,6909
3_20_0668.jpg,3_20,23307
3_20_0669.jpg,3_20,52313
3_20_0670.jpg,3_20,51286
3_20_0671.jpg,3_20,52196
3_20_0672.jpg,3_20,8348
3_20_0673.jpg,3_20,6810
3_20_0674.jpg,3_20,50659
3_20_0675.jpg,3_20,6962
3_20_0676.jpg,3_20,8283
3_20_0677.jpg,3_20,53735
3_20_0678.jpg,3_20,8573
3_20_0679.jpg,3_20,53559
3_20_0680.jpg,3_20,13894
3_20_0681.jpg,3_20,8096
3_20_0682.jpg,3_20,13327
3_20_0683.jpg,3_20,50757
3_20_0684.jpg,3_20,56458
3_20_0685.jpg,3_20,22485
3_20_0686.jpg,3_20,6875
3_20_0687.jpg,3_20,52573
3_20_0688.jpg,3_20,6734
3_20_0689.jpg,3_20,52340
3_20_0690.jpg,3_20,52247
3_20_0691.jpg,3_20,1575
3_20_0692.jpg,3_20,19401
3_20_0693.jpg,3_20,53648
3_20_0694.jpg,3_20,50832
3_20_0695.jpg,3_20,6594
3_20_0696.jpg,3_20,50528
3_20_0697.jpg,3_20,52455
3_20_0698.jpg,3_20,55989
3_20_0699.jpg,3_20,56600
3_20_0700.jpg,3_20,51284
3_20_0701.jpg,3_20,55551
3_20_0702.jpg,3_20,52380
3_20_0703.jpg,3_20,13544
3_20_0704.jpg,3_20,53441
3_20_0705.jpg,3_20,37219
3_20_0706.jpg,3_20,13406
3_20_0707.jpg,3_20,52271
3_20_0708.jpg,3_20,22481
3_20_0709.jpg,3_20,8536
3_20_0710.jpg,3_20,50623
3_20_0711.jpg,3_20,12396
3_20_0712.jpg,3_20,52632
3_20_0713.jpg,3_20,8780
3_20_0714.jpg,3_20,19475
3_20_0715.jpg,3_20,25430
3_20_0716.jpg,3_20,52350
3_20_0717.jpg,3_20,8458
3_20_0718.jpg,3_20,22675
3_20_0719.jpg,3_20,8112
3_20_0720.jpg,3_20,8614
3_20_0721.jpg,3_20,34458
3_20_0722.jpg,3_20,9591
3_20_0723.jpg,3_20,8832
3_20_0724.jpg,3_20,55380
3_20_0725.jpg,3_20,6726
3_20_0726.jpg,3_20,55174
3_20_0727.jpg,3_20,23313
3_20_0728.jpg,3_20,8498
3_20_0729.jpg,3_20,22618
3_20_0730.jpg,3_20,6874
3_20_0731.jpg,3_20,1564
3_20_0732.jpg,3_20,13175
3_20_0733.jpg,3_20,23309
3_20_0734.jpg,3_20,21007
3_20_0735.jpg,3_20,9594
3_20_0736.jpg,3_20,22260
3_20_0737.jpg,3_20,55492
3_20_0738.jpg,3_20,53723
3_20_0739.jpg,3_20,50839
3_20_0740.jpg,3_20,18456
3_20_0741.jpg,3_20,6953
3_20_0742.jpg,3_20,53563
3_20_0743.jpg,3_20,56360
3_20_0744.jpg,3_20,8302
3_20_0745.jpg,3_20,21008
3_20_0746.jpg,3_20,53185
3_20_0747.jpg,3_20,22645
3_20_0748.jpg,3_20,50818
3_20_0749.jpg,3_20,8778
3_20_0750.jpg,3_20,13167
3_20_0751.jpg,3_20,18950
3_20_0752.jpg,3_20,19926
3_20_0753.jpg,3_20,56115
3_20_0754.jpg,3_20,13313
3_20_0755.jpg,3_20,13526
3_20_0756.jpg,3_20,9760
3_20_0757.jpg,3_20,55176
3_20_0758.jpg,3_20,7695
3_20_0759.jpg,3_20,52582
3_20_0760.jpg,3_20,19105
3_20_0761.jpg,3_20,22643
3_20_0762.jpg,3_20,8489
3_20_0763.jpg,3_20,55988
3_20_0764.jpg,3_20,19069
3_20_0765.jpg,3_20,8613
3_20_0766.jpg,3_20,6598
3_20_0767.jpg,3_20,55249
3_20_0768.jpg,3_20,22306
3_20_0769.jpg,3_20,8493
3_20_0770.jpg,3_20,19449
3_20_0771.jpg,3_20,13148
3_20_0772.jpg,3_20,50664
3_20_0773.jpg,3_20,18461
3_20_0774.jpg,3_20,56408
3_20_0775.jpg,3_20,52546
3_20_0776.jpg,3_20,22337
3_20_0777.jpg,3_20,18917
3_20_0778.jpg,3_20,22586
3_20_0779.jpg,3_20,6806
3_20_0780.jpg,3_20,8579
3_20_0781.jpg,3_20,12395
3_20_0782.jpg,3_20,52244
3_20_0783.jpg,3_20,51312
3_20_0784.jpg,3_20,23460
3_20_0785.jpg,3_20,56495
3_20_0786.jpg,3_20,22304
3_20_0787.jpg,3_20,51550
3_20_0788.jpg,3_20,50343
3_20_0789.jpg,3_20,22886
3_20_0790.jpg,3_20,7703
3_20_0791.jpg,3_20,22208
3_20_0792.jpg,3_20,56205
3_20_0793.jpg,3_20,53471
3_20_0794.jpg,3_20,13833
3_20_0795.jpg,3_20,22566
3_20_0796.jpg,3_20,52605
3_20_0797.jpg,3_20,13507
3_20_0798.jpg,3_20,52544
3_20_0799.jpg,3_20,55023
3_20_0800.jpg,3_20,51442
3_20_0801.jpg,3_20,50548
3_20_0802.jpg,3_20,52576
3_20_0803.jpg,3_20,8394
3_20_0804.jpg,3_20,19422
3_20_0805.jpg,3_20,13689
3_20_0806.jpg,3_20,55991
3_20_0807.jpg,3_20,50532
3_20_0808.jpg,3_20,13150
3_20_0809.jpg,3_20,56476
3_20_0810.jpg,3_20,13331
3_20_0811.jpg,3_20,53833
3_20_0812.jpg,3_20,13643
3_20_0813.jpg,3_20,8113
3_20_0814.jpg,3_20,8116
3_20_0815.jpg,3_20,34453
3_20_0816.jpg,3_20,53501
3_20_0817.jpg,3_20,22466
3_20_0818.jpg,3_20,19321
3_20_0819.jpg,3_20,53597
3_20_0820.jpg,3_20,53326
3_20_0821.jpg,3_20,6899
3_20_0822.jpg,3_20,13051
3_20_0823.jpg,3_20,22229
3_20_0824.jpg,3_20,52524
3_20_0825.jpg,3_20,50660
3_20_0826.jpg,3_20,8494
3_20_0827.jpg,3_20,8879
3_20_0828.jpg,3_20,22493
3_20_0829.jpg,3_20,52915
3_20_0830.jpg,3_20,7852
3_20_0831.jpg,3_20,51430
3_20_0832.jpg,3_20,8196
3_20_0833.jpg,3_20,55215
3_20_0834.jpg,3_20,55256
3_20_0835.jpg,3_20,52310
3_20_0836.jpg,3_20,6961
3_20_0837.jpg,3_20,22570
3_20_0838.jpg,3_20,53182
3_20_0839.jpg,3_20,13610
3_20_0840.jpg,3_20,55111
3_20_0841.jpg,3_20,56362
3_20_0842.jpg,3_20,56398
3_20_0843.jpg,3_20,6853
3_20_0844.jpg,3_20,19958
3_20_0845.jpg,3_20,8530
3_20_0846.jpg,3_20,8038
3_20_0847.jpg,3_20,53495
3_20_0848.jpg,3_20,53258
3_20_0849.jpg,3_20,18455
3_20_0850.jpg,3_20,6746
3_20_0851.jpg,3_20,56778
3_20_0852.jpg,3_20,53832
3_20_0853.jpg,3_20,55758
3_20_0854.jpg,3_20,22232
3_20_0855.jpg,3_20,22393
3_20_0856.jpg,3_20,51465
3_20_0857.jpg,3_20,52584
3_20_0858.jpg,3_20,56064
3_20_0859.jpg,3_20,52489
3_20_0860.jpg,3_20,19141
3_20_0861.jpg,3_20,13776
3_20_0862.jpg,3_20,52382
3_20_0863.jpg,3_20,8090
3_20_0864.jpg,3_20,8037
3_20_0865.jpg,3_20,50393
3_20_0866.jpg,3_20,22642
3_20_0867.jpg,3_20,8330
3_20_0868.jpg,3_20,22691
3_20_0869.jpg,3_20,6912
3_20_0870.jpg,3_20,22604
3_20_0871.jpg,3_20,8570
3_20_0872.jpg,3_20,22391
3_20_0873.jpg,3_20,17264
3_20_0874.jpg,3_20,22901
3_20_0875.jpg,3_20,22395
3_20_0876.jpg,3_20,22469
3_20_0877.jpg,3_20,13835
3_20_0878.jpg,3_20,8776
3_20_0879.jpg,3_20,52381
3_20_0880.jpg,3_20,8446
3_20_0881.jpg,3_20,8869
3_20_0882.jpg,3_20,52193
3_20_0883.jpg,3_20,50784
3_20_0884.jpg,3_20,50529
3_20_0885.jpg,3_20,8444
3_20_0886.jpg,3_20,6735
3_20_0887.jpg,3_20,56496
3_20_0888.jpg,3_20,13625
3_20_0889.jpg,3_20,52343
3_20_0890.jpg,3_20,50815
3_20_0891.jpg,3_20,9793
3_20_0892.jpg,3_20,8487
3_20_0893.jpg,3_20,8744
3_20_0894.jpg,3_20,55271
3_20_0895.jpg,3_20,52521
3_20_0896.jpg,3_20,22844
3_20_0897.jpg,3_20,19358
3_20_0898.jpg,3_20,23465
3_20_0899.jpg,3_20,50507
3_20_0900.jpg,3_20,8036
3_20_0901.jpg,3_20,6900
3_20_0902.jpg,3_20,51457
3_20_0903.jpg,3_20,37221
3_20_0904.jpg,3_20,13628
3_20_0905.jpg,3_20,56474
3_20_0906.jpg,3_20,53444
3_20_0907.jpg,3_20,7198
3_20_0908.jpg,3_20,8381
3_20_0909.jpg,3_20,7833
3_20_0910.jpg,3_20,52566
3_20_0911.jpg,3_20,19451
3_20_0912.jpg,3_20,55749
3_20_0913.jpg,3_20,7200
3_20_0914.jpg,3_20,56777
3_20_0915.jpg,3_20,8316
3_20_0916.jpg,3_20,53319
3_20_0917.jpg,3_20,22842
3_20_0918.jpg,3_20,21011
3_20_0919.jpg,3_20,4754
3_20_0920.jpg,3_20,55561
3_20_0921.jpg,3_20,22291
3_20_0922.jpg,3_20,50842
3_20_0923.jpg,3_20,50455
3_20_0924.jpg,3_20,50561
3_20_0925.jpg,3_20,22567
3_20_0926.jpg,3_20,8269
3_20_0927.jpg,3_20,13848
3_20_0928.jpg,3_20,49283
3_20_0929.jpg,3_20,19066
3_20_0930.jpg,3_20,52490
3_20_0931.jpg,3_20,50671
3_20_0932.jpg,3_20,8331
3_20_0933.jpg,3_20,53856
3_20_0934.jpg,3_20,51310
3_20_0935.jpg,3_20,8531
3_20_0936.jpg,3_20,53377
3_20_0937.jpg,3_20,53376
3_20_0938.jpg,3_20,8039
3_20_0939.jpg,3_20,6701
3_20_0940.jpg,3_20,7614
3_20_0941.jpg,3_20,13414
3_20_0942.jpg,3_20,8932
3_20_0943.jpg,3_20,8392
3_20_0944.jpg,3_20,22606
3_20_0945.jpg,3_20,51431
3_20_0946.jpg,3_20,52623
3_20_0947.jpg,3_20,50531
3_20_0948.jpg,3_20,30817
3_20_0949.jpg,3_20,53632
3_20_0950.jpg,3_20,9792
3_20_0951.jpg,3_20,30847
3_20_0952.jpg,3_20,22865
3_20_0953.jpg,3_20,53442
3_20_0954.jpg,3_20,19420
3_20_0955.jpg,3_20,6766
3_20_0956.jpg,3_20,13575
3_20_0957.jpg,3_20,51516
3_20_0958.jpg,3_20,56124
3_20_0959.jpg,3_20,53476
3_20_0960.jpg,3_20,19443
3_20_0961.jpg,3_20,8956
3_20_0962.jpg,3_20,53183
3_20_0963.jpg,3_20,6995
3_20_0964.jpg,3_20,8491
3_20_0965.jpg,3_20,13865
3_20_0966.jpg,3_20,6703
3_20_0967.jpg,3_20,8417
3_20_0968.jpg,3_20,13189
3_20_0969.jpg,3_20,50501
3_20_0970.jpg,3_20,7428
3_20_0971.jpg,3_20,13852
3_20_0972.jpg,3_20,53595
3_20_0973.jpg,3_20,13146
3_20_0974.jpg,3_20,13402
3_20_0975.jpg,3_20,53594
3_20_0976.jpg,3_20,22697
3_20_0977.jpg,3_20,7820
3_20_0978.jpg,3_20,53546
3_20_0979.jpg,3_20,7704
3_20_0980.jpg,3_20,56204
3_20_0981.jpg,3_20,8615
3_20_0982.jpg,3_20,22541
3_20_0983.jpg,3_20,6895
3_20_0984.jpg,3_20,7201
3_20_0985.jpg,3_20,19957
3_20_0986.jpg,3_20,52456
3_20_0987.jpg,3_20,50432
3_20_0988.jpg,3_20,50683
3_20_0989.jpg,3_20,6867
3_20_0990.jpg,3_20,28842
3_20_0991.jpg,3_20,13312
3_20_0992.jpg,3_20,19923
3_20_0993.jpg,3_20,52351
3_20_0994.jpg,3_20,6944
3_20_0995.jpg,3_20,53571
3_20_0996.jpg,3_20,8537
3_20_0997.jpg,3_20,52250
3_20_0998.jpg,3_20,53640
3_20_0999.jpg,3_20,7202
5_15_3_0000.jpg,5_15_3,58151
5_15_3_0001.jpg,5_15_3,48789
5_15_3_0002.jpg,5_15_3,35846
5_15_3_0003.jpg,5_15_3,4482
5_15_3_0004.jpg,5_15_3,6406
5_15_3_0005.jpg,5_15_3,29607
5_15_3_0006.jpg,5_15_3,48551
5_15_3_0007.jpg,5_15_3,55338
5_15_3_0008.jpg,5_15_3,46411
5_15_3_0009.jpg,5_15_3,58990
5_15_3_0010.jpg,5_15_3,57773
5_15_3_0011.jpg,5_15_3,8972
5_15_3_0012.jpg,5_15_3,58539
5_15_3_0013.jpg,5_15_3,47859
5_15_3_0014.jpg,5_15_3,59013
5_15_3_0015.jpg,5_15_3,58752
5_15_3_0016.jpg,5_15_3,58613
5_15_3_0017.jpg,5_15_3,5845
5_15_3_0018.jpg,5_15_3,49787
5_15_3_0019.jpg,5_15_3,58496
5_15_3_0020.jpg,5_15_3,47987
5_15_3_0021.jpg,5_15_3,45659
5_15_3_0022.jpg,5_15_3,58248
5_15_3_0023.jpg,5_15_3,58563
5_15_3_0024.jpg,5_15_3,49482
5_15_3_0025.jpg,5_15_3,47787
5_15_3_0026.jpg,5_15_3,2372
5_15_3_0027.jpg,5_15_3,6408
5_15_3_0028.jpg,5_15_3,6363
5_15_3_0029.jpg,5_15_3,5612
5_15_3_0030.jpg,5_15_3,6429
5_15_3_0031.jpg,5_15_3,55339
5_15_3_0032.jpg,5_15_3,58368
5_15_3_0033.jpg,5_15_3,58732
5_15_3_0034.jpg,5_15_3,55940
5_15_3_0035.jpg,5_15_3,27404
5_15_3_0036.jpg,5_15_3,3812
5_15_3_0037.jpg,5_15_3,57595
5_15_3_0038.jpg,5_15_3,57187
5_15_3_0039.jpg,5_15_3,57186
5_15_3_0040.jpg,5_15_3,50928
5_15_3_0041.jpg,5_15_3,43133
5_15_3_0042.jpg,5_15_3,5931
5_15_3_0043.jpg,5_15_3,57669
5_15_3_0044.jpg,5_15_3,12726
5_15_3_0045.jpg,5_15_3,47992
5_15_3_0046.jpg,5_15_3,52212
5_15_3_0047.jpg,5_15_3,58396
5_15_3_0048.jpg,5_15_3,49318
5_15_3_0049.jpg,5_15_3,46332
5_15_3_0050.jpg,5_15_3,57184
5_15_3_0051.jpg,5_15_3,6469
5_15_3_0052.jpg,5_15_3,6044
5_15_3_0053.jpg,5_15_3,46912
5_15_3_0054.jpg,5_15_3,5315
5_15_3_0055.jpg,5_15_3,56445
5_15_3_0056.jpg,5_15_3,17545
5_15_3_0057.jpg,5_15_3,48792
5_15_3_0058.jpg,5_15_3,3696
5_15_3_0059.jpg,5_15_3,48314
5_15_3_0060.jpg,5_15_3,56876
5_15_3_0061.jpg,5_15_3,56443
5_15_3_0062.jpg,5_15_3,56256
5_15_3_0063.jpg,5_15_3,59106
5_15_3_0064.jpg,5_15_3,58757
5_15_3_0065.jpg,5_15_3,56152
5_15_3_0066.jpg,5_15_3,57563
5_15_3_0067.jpg,5_15_3,56472
5_15_3_0068.jpg,5_15_3,58537
5_15_3_0069.jpg,5_15_3,6467
5_15_3_0070.jpg,5_15_3,22733
5_15_3_0071.jpg,5_15_3,59073
5_15_3_0072.jpg,5_15_3,6403
5_15_3_0073.jpg,5_15_3,58807
5_15_3_0074.jpg,5_15_3,57838
5_15_3_0075.jpg,5_15_3,12724
5_15_3_0076.jpg,5_15_3,674
5_15_3_0077.jpg,5_15_3,56796
5_15_3_0078.jpg,5_15_3,49524
5_15_3_0079.jpg,5_15_3,46630
5_15_3_0080.jpg,5_15_3,6431
5_15_3_0081.jpg,5_15_3,4821
5_15_3_0082.jpg,5_15_3,6503
5_15_3_0083.jpg,5_15_3,57213
5_15_3_0084.jpg,5_15_3,22731
5_15_3_0085.jpg,5_15_3,59076
5_15_3_0086.jpg,5_15_3,8627
5_15_3_0087.jpg,5_15_3,5717
5_15_3_0088.jpg,5_15_3,57036
5_15_3_0089.jpg,5_15_3,37082
5_15_3_0090.jpg,5_15_3,4484
5_15_3_0091.jpg,5_15_3,5670
5_15_3_0092.jpg,5_15_3,6468
5_15_3_0093.jpg,5_15_3,55814
5_15_3_0094.jpg,5_15_3,58786
5_15_3_0095.jpg,5_15_3,47574
5_15_3_0096.jpg,5_15_3,56570
5_15_3_0097.jpg,5_15_3,8905
5_15_3_0098.jpg,5_15_3,49148
5_15_3_0099.jpg,5_15_3,182
5_15_3_0100.jpg,5_15_3,36091
5_15_3_0101.jpg,5_15_3,46401
5_15_3_0102.jpg,5_15_3,5052
5_15_3_0103.jpg,5_15_3,56153
5_15_3_0104.jpg,5_15_3,46235
5_15_3_0105.jpg,5_15_3,56299
5_15_3_0106.jpg,5_15_3,59104
5_15_3_0107.jpg,5_15_3,7317
5_15_3_0108.jpg,5_15_3,57363
5_15_3_0109.jpg,5_15_3,55435
5_15_3_0110.jpg,5_15_3,46627
5_15_3_0111.jpg,5_15_3,56182
5_15_3_0112.jpg,5_15_3,47483
5_15_3_0113.jpg,5_15_3,57917
5_15_3_0114.jpg,5_15_3,56471
5_15_3_0115.jpg,5_15_3,55943
5_15_3_0116.jpg,5_15_3,22739
5_15_3_0117.jpg,5_15_3,6043
5_15_3_0118.jpg,5_15_3,4985
5_15_3_0119.jpg,5_15_3,29598
5_15_3_0120.jpg,5_15_3,4737
5_15_3_0121.jpg,5_15_3,18956
5_15_3_0122.jpg,5_15_3,7386
5_15_3_0123.jpg,5_15_3,46399
5_15_3_0124.jpg,5_15_3,24249
5_15_3_0125.jpg,5_15_3,7119
5_15_3_0126.jpg,5_15_3,57873
5_15_3_0127.jpg,5_15_3,56719
5_15_3_0128.jpg,5_15_3,24251
5_15_3_0129.jpg,5_15_3,57633
5_15_3_0130.jpg,5_15_3,47547
5_15_3_0131.jpg,5_15_3,45664
5_15_3_0132.jpg,5_15_3,58615
5_15_3_0133.jpg,5_15_3,58101
5_15_3_0134.jpg,5_15_3,49146
5_15_3_0135.jpg,5_15_3,5474
5_15_3_0136.jpg,5_15_3,56705
5_15_3_0137.jpg,5_15_3,37078
5_15_3_0138.jpg,5_15_3,39914
5_15_3_0139.jpg,5_15_3,47940
5_15_3_0140.jpg,5_15_3,8632
5_15_3_0141.jpg,5_15_3,48721
5_15_3_0142.jpg,5_15_3,49650
5_15_3_0143.jpg,5_15_3,5614
5_15_3_0144.jpg,5_15_3,37076
5_15_3_0145.jpg,5_15_3,49203
5_15_3_0146.jpg,5_15_3,7390
5_15_3_0147.jpg,5_15_3,56345
5_15_3_0148.jpg,5_15_3,22347
5_15_3_0149.jpg,5_15_3,5436
5_15_3_0150.jpg,5_15_3,42973
5_15_3_0151.jpg,5_15_3,19234
5_15_3_0152.jpg,5_15_3,47816
5_15_3_0153.jpg,5_15_3,57067
5_15_3_0154.jpg,5_15_3,55993
5_15_3_0155.jpg,5_15_3,57890
5_15_3_0156.jpg,5_15_3,8633
5_15_3_0157.jpg,5_15_3,49055
5_15_3_0158.jpg,5_15_3,8122
5_15_3_0159.jpg,5_15_3,46634
5_15_3_0160.jpg,5_15_3,58787
5_15_3_0161.jpg,5_15_3,47935
5_15_3_0162.jpg,5_15_3,3820
5_15_3_0163.jpg,5_15_3,57888
5_15_3_0164.jpg,5_15_3,36088
5_15_3_0165.jpg,5_15_3,5487
5_15_3_0166.jpg,5_15_3,42975
5_15_3_0167.jpg,5_15_3,58566
5_15_3_0168.jpg,5_15_3,56269
5_15_3_0169.jpg,5_15_3,6237
5_15_3_0170.jpg,5_15_3,56668
5_15_3_0171.jpg,5_15_3,48826
5_15_3_0172.jpg,5_15_3,5413
5_15_3_0173.jpg,5_15_3,46956
5_15_3_0174.jpg,5_15_3,5720
5_15_3_0175.jpg,5_15_3,47573
5_15_3_0176.jpg,5_15_3,47258
5_15_3_0177.jpg,5_15_3,43132
5_15_3_0178.jpg,5_15_3,7641
5_15_3_0179.jpg,5_15_3,27406
5_15_3_0180.jpg,5_15_3,58828
5_15_3_0181.jpg,5_15_3,1878
5_15_3_0182.jpg,5_15_3,6041
5_15_3_0183.jpg,5_15_3,47864
5_15_3_0184.jpg,5_15_3,26569
5_15_3_0185.jpg,5_15_3,47934
5_15_3_0186.jpg,5_15_3,6172
5_15_3_0187.jpg,5_15_3,6465
5_15_3_0188.jpg,5_15_3,9816
5_15_3_0189.jpg,5_15_3,56198
5_15_3_0190.jpg,5_15_3,46550
5_15_3_0191.jpg,5_15_3,57600
5_15_3_0192.jpg,5_15_3,55341
5_15_3_0193.jpg,5_15_3,6009
5_15_3_0194.jpg,5_15_3,56254
5_15_3_0195.jpg,5_15_3,47450
5_15_3_0196.jpg,5_15_3,57185
5_15_3_0197.jpg,5_15_3,45768
5_15_3_0198.jpg,5_15_3,56717
5_15_3_0199.jpg,5_15_3,42977
5_15_3_0200.jpg,5_15_3,58370
5_15_3_0201.jpg,5_15_3,5056
5_15_3_0202.jpg,5_15_3,8903
5_15_3_0203.jpg,5_15_3,46791
5_15_3_0204.jpg,5_15_3,48246
5_15_3_0205.jpg,5_15_3,58673
5_15_3_0206.jpg,5_15_3,47363
5_15_3_0207.jpg,5_15_3,58052
5_15_3_0208.jpg,5_15_3,57886
5_15_3_0209.jpg,5_15_3,57673
5_15_3_0210.jpg,5_15_3,48786
5_15_3_0211.jpg,5_15_3,50272
5_15_3_0212.jpg,5_15_3,57668
5_15_3_0213.jpg,5_15_3,6501
5_15_3_0214.jpg,5_15_3,39911
5_15_3_0215.jpg,5_15_3,1877
5_15_3_0216.jpg,5_15_3,55997
5_15_3_0217.jpg,5_15_3,8126
5_15_3_0218.jpg,5_15_3,6471
5_15_3_0219.jpg,5_15_3,7388
5_15_3_0220.jpg,5_15_3,57937
5_15_3_0221.jpg,5_15_3,57160
5_15_3_0222.jpg,5_15_3,41849
5_15_3_0223.jpg,5_15_3,5112
5_15_3_0224.jpg,5_15_3,47812
5_15_3_0225.jpg,5_15_3,36823
5_15_3_0226.jpg,5_15_3,49035
5_15_3_0227.jpg,5_15_3,49683
5_15_3_0228.jpg,5_15_3,17397
5_15_3_0229.jpg,5_15_3,49417
5_15_3_0230.jpg,5_15_3,47486
5_15_3_0231.jpg,5_15_3,49974
5_15_3_0232.jpg,5_15_3,55796
5_15_3_0233.jpg,5_15_3,45903
5_15_3_0234.jpg,5_15_3,45660
5_15_3_0235.jpg,5_15_3,49244
5_15_3_0236.jpg,5_15_3,56178
5_15_3_0237.jpg,5_15_3,28740
5_15_3_0238.jpg,5_15_3,46548
5_15_3_0239.jpg,5_15_3,5716
5_15_3_0240.jpg,5_15_3,57465
5_15_3_0241.jpg,5_15_3,48825
5_15_3_0242.jpg,5_15_3,58413
5_15_3_0243.jpg,5_15_3,5846
5_15_3_0244.jpg,5_15_3,5538
5_15_3_0245.jpg,5_15_3,5486
5_15_3_0246.jpg,5_15_3,29605
5_15_3_0247.jpg,5_15_3,5929
5_15_3_0248.jpg,5_15_3,8761
5_15_3_0249.jpg,5_15_3,57214
5_15_3_0250.jpg,5_15_3,5206
5_15_3_0251.jpg,5_15_3,58583
5_15_3_0252.jpg,5_15_3,45900
5_15_3_0253.jpg,5_15_3,56794
5_15_3_0254.jpg,5_15_3,55501
5_15_3_0255.jpg,5_15_3,2369
5_15_3_0256.jpg,5_15_3,49159
5_15_3_0257.jpg,5_15_3,55853
5_15_3_0258.jpg,5_15_3,7148
5_15_3_0259.jpg,5_15_3,58829
5_15_3_0260.jpg,5_15_3,55596
5_15_3_0261.jpg,5_15_3,56130
5_15_3_0262.jpg,5_15_3,56271
5_15_3_0263.jpg,5_15_3,58053
5_15_3_0264.jpg,5_15_3,58754
5_15_3_0265.jpg,5_15_3,2444
5_15_3_0266.jpg,5_15_3,18961
5_15_3_0267.jpg,5_15_3,812
5_15_3_0268.jpg,5_15_3,49162
5_15_3_0269.jpg,5_15_3,56300
5_15_3_0270.jpg,5_15_3,58672
5_15_3_0271.jpg,5_15_3,34060
5_15_3_0272.jpg,5_15_3,56252
5_15_3_0273.jpg,5_15_3,4978
5_15_3_0274.jpg,5_15_3,49527
5_15_3_0275.jpg,5_15_3,8803
5_15_3_0276.jpg,5_15_3,56184
5_15_3_0277.jpg,5_15_3,58880
5_15_3_0278.jpg,5_15_3,9815
5_15_3_0279.jpg,5_15_3,5475
5_15_3_0280.jpg,5_15_3,47786
5_15_3_0281.jpg,5_15_3,7118
5_15_3_0282.jpg,5_15_3,56128
5_15_3_0283.jpg,5_15_3,47485
5_15_3_0284.jpg,5_15_3,5106
5_15_3_0285.jpg,5_15_3,49147
5_15_3_0286.jpg,5_15_3,55540
5_15_3_0287.jpg,5_15_3,58093
5_15_3_0288.jpg,5_15_3,57869
5_15_3_0289.jpg,5_15_3,47819
5_15_3_0290.jpg,5_15_3,6295
5_15_3_0291.jpg,5_15_3,47290
5_15_3_0292.jpg,5_15_3,36824
5_15_3_0293.jpg,5_15_3,56473
5_15_3_0294.jpg,5_15_3,6404
5_15_3_0295.jpg,5_15_3,46110
5_15_3_0296.jpg,5_15_3,46398
5_15_3_0297.jpg,5_15_3,52210
5_15_3_0298.jpg,5_15_3,46245
5_15_3_0299.jpg,5_15_3,40640
5_15_3_0300.jpg,5_15_3,24244
5_15_3_0301.jpg,5_15_3,467
5_15_3_0302.jpg,5_15_3,59072
5_15_3_0303.jpg,5_15_3,24254
5_15_3_0304.jpg,5_15_3,46474
5_15_3_0305.jpg,5_15_3,56131
5_15_3_0306.jpg,5_15_3,4734
5_15_3_0307.jpg,5_15_3,49786
5_15_3_0308.jpg,5_15_3,55337
5_15_3_0309.jpg,5_15_3,57364
5_15_3_0310.jpg,5_15_3,47501
5_15_3_0311.jpg,5_15_3,810
5_15_3_0312.jpg,5_15_3,49752
5_15_3_0313.jpg,5_15_3,46954
5_15_3_0314.jpg,5_15_3,58564
5_15_3_0315.jpg,5_15_3,57596
5_15_3_0316.jpg,5_15_3,6231
5_15_3_0317.jpg,5_15_3,58659
5_15_3_0318.jpg,5_15_3,47461
5_15_3_0319.jpg,5_15_3,17548
5_15_3_0320.jpg,5_15_3,48785
5_15_3_0321.jpg,5_15_3,47488
5_15_3_0322.jpg,5_15_3,1442
5_15_3_0323.jpg,5_15_3,6082
5_15_3_0324.jpg,5_15_3,49277
5_15_3_0325.jpg,5_15_3,55498
5_15_3_0326.jpg,5_15_3,22238
5_15_3_0327.jpg,5_15_3,58445
5_15_3_0328.jpg,5_15_3,58113
5_15_3_0329.jpg,5_15_3,56129
5_15_3_0330.jpg,5_15_3,58266
5_15_3_0331.jpg,5_15_3,48910
5_15_3_0332.jpg,5_15_3,6466
5_15_3_0333.jpg,5_15_3,55292
5_15_3_0334.jpg,5_15_3,57163
5_15_3_0335.jpg,5_15_3,57670
5_15_3_0336.jpg,5_15_3,36825
5_15_3_0337.jpg,5_15_3,27407
5_15_3_0338.jpg,5_15_3,50235
5_15_3_0339.jpg,5_15_3,48548
5_15_3_0340.jpg,5_15_3,47857
5_15_3_0341.jpg,5_15_3,58658
5_15_3_0342.jpg,5_15_3,47696
5_15_3_0343.jpg,5_15_3,49245
5_15_3_0344.jpg,5_15_3,17396
5_15_3_0345.jpg,5_15_3,58149
5_15_3_0346.jpg,5_15_3,6234
5_15_3_0347.jpg,5_15_3,57597
5_15_3_0348.jpg,5_15_3,49419
5_15_3_0349.jpg,5_15_3,8628
5_15_3_0350.jpg,5_15_3,58490
5_15_3_0351.jpg,5_15_3,56573
5_15_3_0352.jpg,5_15_3,58094
5_15_3_0353.jpg,5_15_3,809
5_15_3_0354.jpg,5_15_3,58269
5_15_3_0355.jpg,5_15_3,22270
5_15_3_0356.jpg,5_15_3,6288
5_15_3_0357.jpg,5_15_3,18960
5_15_3_0358.jpg,5_15_3,45775
5_15_3_0359.jpg,5_15_3,4823
5_15_3_0360.jpg,5_15_3,58586
5_15_3_0361.jpg,5_15_3,48547
5_15_3_0362.jpg,5_15_3,49058
5_15_3_0363.jpg,5_15_3,47012
5_15_3_0364.jpg,5_15_3,4157
5_15_3_0365.jpg,5_15_3,8625
5_15_3_0366.jpg,5_15_3,22271
5_15_3_0367.jpg,5_15_3,50927
5_15_3_0368.jpg,5_15_3,40642
5_15_3_0369.jpg,5_15_3,59171
5_15_3_0370.jpg,5_15_3,58411
5_15_3_0371.jpg,5_15_3,58896
5_15_3_0372.jpg,5_15_3,56996
5_15_3_0373.jpg,5_15_3,6500
5_15_3_0374.jpg,5_15_3,46911
5_15_3_0375.jpg,5_15_3,48557
5_15_3_0376.jpg,5_15_3,55795
5_15_3_0377.jpg,5_15_3,48245
5_15_3_0378.jpg,5_15_3,6653
5_15_3_0379.jpg,5_15_3,6236
5_15_3_0380.jpg,5_15_3,6232
5_15_3_0381.jpg,5_15_3,3699
5_15_3_0382.jpg,5_15_3,58826
5_15_3_0383.jpg,5_15_3,58152
5_15_3_0384.jpg,5_15_3,47361
5_15_3_0385.jpg,5_15_3,55646
5_15_3_0386.jpg,5_15_3,2443
5_15_3_0387.jpg,5_15_3,29597
5_15_3_0388.jpg,5_15_3,5108
5_15_3_0389.jpg,5_15_3,47357
5_15_3_0390.jpg,5_15_3,49247
5_15_3_0391.jpg,5_15_3,1440
5_15_3_0392.jpg,5_15_3,49319
5_15_3_0393.jpg,5_15_3,50929
5_15_3_0394.jpg,5_15_3,46108
5_15_3_0395.jpg,5_15_3,57887
5_15_3_0396.jpg,5_15_3,55289
5_15_3_0397.jpg,5_15_3,58899
5_15_3_0398.jpg,5_15_3,49246
5_15_3_0399.jpg,5_15_3,36089
5_15_3_0400.jpg,5_15_3,7960
5_15_3_0401.jpg,5_15_3,17549
5_15_3_0402.jpg,5_15_3,57629
5_15_3_0403.jpg,5_15_3,45766
5_15_3_0404.jpg,5_15_3,6342
5_15_3_0405.jpg,5_15_3,39981
5_15_3_0406.jpg,5_15_3,58070
5_15_3_0407.jpg,5_15_3,55811
5_15_3_0408.jpg,5_15_3,56197
5_15_3_0409.jpg,5_15_3,50266
5_15_3_0410.jpg,5_15_3,57034
5_15_3_0411.jpg,5_15_3,48309
5_15_3_0412.jpg,5_15_3,48791
5_15_3_0413.jpg,5_15_3,5107
5_15_3_0414.jpg,5_15_3,47462
5_15_3_0415.jpg,5_15_3,47697
5_15_3_0416.jpg,5_15_3,36827
5_15_3_0417.jpg,5_15_3,57463
5_15_3_0418.jpg,5_15_3,5847
5_15_3_0419.jpg,5_15_3,58827
5_15_3_0420.jpg,5_15_3,49243
5_15_3_0421.jpg,5_15_3,46292
5_15_3_0422.jpg,5_15_3,46631
5_15_3_0423.jpg,5_15_3,46636
5_15_3_0424.jpg,5_15_3,58250
5_15_3_0425.jpg,5_15_3,6341
5_15_3_0426.jpg,5_15_3,5266
5_15_3_0427.jpg,5_15_3,58032
5_15_3_0428.jpg,5_15_3,22274
5_15_3_0429.jpg,5_15_3,3652
5_15_3_0430.jpg,5_15_3,7149
5_15_3_0431.jpg,5_15_3,6010
5_15_3_0432.jpg,5_15_3,49789
5_15_3_0433.jpg,5_15_3,5471
5_15_3_0434.jpg,5_15_3,56792
5_15_3_0435.jpg,5_15_3,56509
5_15_3_0436.jpg,5_15_3,46605
5_15_3_0437.jpg,5_15_3,6045
5_15_3_0438.jpg,5_15_3,4987
5_15_3_0439.jpg,5_15_3,49280
5_15_3_0440.jpg,5_15_3,3818
5_15_3_0441.jpg,5_15_3,57164
5_15_3_0442.jpg,5_15_3,59176
5_15_3_0443.jpg,5_15_3,39919
5_15_3_0444.jpg,5_15_3,8121
5_15_3_0445.jpg,5_15_3,58612
5_15_3_0446.jpg,5_15_3,46635
5_15_3_0447.jpg,5_15_3,6361
5_15_3_0448.jpg,5_15_3,6290
5_15_3_0449.jpg,5_15_3,8802
5_15_3_0450.jpg,5_15_3,56444
5_15_3_0451.jpg,5_15_3,29604
5_15_3_0452.jpg,5_15_3,4155
5_15_3_0453.jpg,5_15_3,58993
5_15_3_0454.jpg,5_15_3,24245
5_15_3_0455.jpg,5_15_3,46836
5_15_3_0456.jpg,5_15_3,52213
5_15_3_0457.jpg,5_15_3,7959
5_15_3_0458.jpg,5_15_3,5178
5_15_3_0459.jpg,5_15_3,7120
5_15_3_0460.jpg,5_15_3,17395
5_15_3_0461.jpg,5_15_3,7318
5_15_3_0462.jpg,5_15_3,50238
5_15_3_0463.jpg,5_15_3,57934
5_15_3_0464.jpg,5_15_3,56667
5_15_3_0465.jpg,5_15_3,22738
5_15_3_0466.jpg,5_15_3,57935
5_15_3_0467.jpg,5_15_3,8624
5_15_3_0468.jpg,5_15_3,49525
5_15_3_0469.jpg,5_15_3,3814
5_15_3_0470.jpg,5_15_3,5848
5_15_3_0471.jpg,5_15_3,3697
5_15_3_0472.jpg,5_15_3,58536
5_15_3_0473.jpg,5_15_3,58092
5_15_3_0474.jpg,5_15_3,47010
5_15_3_0475.jpg,5_15_3,58131
5_15_3_0476.jpg,5_15_3,8626
5_15_3_0477.jpg,5_15_3,6175
5_15_3_0478.jpg,5_15_3,59103
5_15_3_0479.jpg,5_15_3,29596
5_15_3_0480.jpg,5_15_3,56253
5_15_3_0481.jpg,5_15_3,49646
5_15_3_0482.jpg,5_15_3,46413
5_15_3_0483.jpg,5_15_3,5105
5_15_3_0484.jpg,5_15_3,24250
5_15_3_0485.jpg,5_15_3,5927
5_15_3_0486.jpg,5_15_3,55996
5_15_3_0487.jpg,5_15_3,35848
5_15_3_0488.jpg,5_15_3,50268
5_15_3_0489.jpg,5_15_3,8800
5_15_3_0490.jpg,5_15_3,50271
5_15_3_0491.jpg,5_15_3,5180
5_15_3_0492.jpg,5_15_3,5057
5_15_3_0493.jpg,5_15_3,47260
5_15_3_0494.jpg,5_15_3,811
5_15_3_0495.jpg,5_15_3,47322
5_15_3_0496.jpg,5_15_3,45661
5_15_3_0497.jpg,5_15_3,48183
5_15_3_0498.jpg,5_15_3,56506
5_15_3_0499.jpg,5_15_3,5351
5_15_3_0500.jpg,5_15_3,8763
5_15_3_0501.jpg,5_15_3,12725
5_15_3_0502.jpg,5_15_3,47813
5_15_3_0503.jpg,5_15_3,55598
5_15_3_0504.jpg,5_15_3,57839
5_15_3_0505.jpg,5_15_3,47814
5_15_3_0506.jpg,5_15_3,57840
5_15_3_0507.jpg,5_15_3,46290
5_15_3_0508.jpg,5_15_3,40639
5_15_3_0509.jpg,5_15_3,59105
5_15_3_0510.jpg,5_15_3,17547
5_15_3_0511.jpg,5_15_3,58494
5_15_3_0512.jpg,5_15_3,56148
5_15_3_0513.jpg,5_15_3,7286
5_15_3_0514.jpg,5_15_3,57936
5_15_3_0515.jpg,5_15_3,46232
5_15_3_0516.jpg,5_15_3,19233
5_15_3_0517.jpg,5_15_3,4981
5_15_3_0518.jpg,5_15_3,49436
5_15_3_0519.jpg,5_15_3,57631
5_15_3_0520.jpg,5_15_3,49649
5_15_3_0521.jpg,5_15_3,55536
5_15_3_0522.jpg,5_15_3,49576
5_15_3_0523.jpg,5_15_3,46402
5_15_3_0524.jpg,5_15_3,55497
5_15_3_0525.jpg,5_15_3,3698
5_15_3_0526.jpg,5_15_3,58493
5_15_3_0527.jpg,5_15_3,49432
5_15_3_0528.jpg,5_15_3,46952
5_15_3_0529.jpg,5_15_3,48883
5_15_3_0530.jpg,5_15_3,57915
5_15_3_0531.jpg,5_15_3,6011
5_15_3_0532.jpg,5_15_3,58804
5_15_3_0533.jpg,5_15_3,26570
5_15_3_0534.jpg,5_15_3,5103
5_15_3_0535.jpg,5_15_3,4738
5_15_3_0536.jpg,5_15_3,57988
5_15_3_0537.jpg,5_15_3,46607
5_15_3_0538.jpg,5_15_3,58538
5_15_3_0539.jpg,5_15_3,7955
5_15_3_0540.jpg,5_15_3,47572
5_15_3_0541.jpg,5_15_3,58895
5_15_3_0542.jpg,5_15_3,47938
5_15_3_0543.jpg,5_15_3,6081
5_15_3_0544.jpg,5_15_3,41848
5_15_3_0545.jpg,5_15_3,47567
5_15_3_0546.jpg,5_15_3,57422
5_15_3_0547.jpg,5_15_3,3721
5_15_3_0548.jpg,5_15_3,58731
5_15_3_0549.jpg,5_15_3,56151
5_15_3_0550.jpg,5_15_3,50240
5_15_3_0551.jpg,5_15_3,58994
5_15_3_0552.jpg,5_15_3,50241
5_15_3_0553.jpg,5_15_3,49784
5_15_3_0554.jpg,5_15_3,47936
5_15_3_0555.jpg,5_15_3,49205
5_15_3_0556.jpg,5_15_3,58693
5_15_3_0557.jpg,5_15_3,45764
5_15_3_0558.jpg,5_15_3,8975
5_15_3_0559.jpg,5_15_3,57599
5_15_3_0560.jpg,5_15_3,27403
5_15_3_0561.jpg,5_15_3,58491
5_15_3_0562.jpg,5_15_3,47546
5_15_3_0563.jpg,5_15_3,5238
5_15_3_0564.jpg,5_15_3,25082
5_15_3_0565.jpg,5_15_3,59172
5_15_3_0566.jpg,5_15_3,29608
5_15_3_0567.jpg,5_15_3,58392
5_15_3_0568.jpg,5_15_3,39918
5_15_3_0569.jpg,5_15_3,36828
5_15_3_0570.jpg,5_15_3,58492
5_15_3_0571.jpg,5_15_3,2371
5_15_3_0572.jpg,5_15_3,58186
5_15_3_0573.jpg,5_15_3,58346
5_15_3_0574.jpg,5_15_3,57916
5_15_3_0575.jpg,5_15_3,47449
5_15_3_0576.jpg,5_15_3,5350
5_15_3_0577.jpg,5_15_3,7638
5_15_3_0578.jpg,5_15_3,3723
5_15_3_0579.jpg,5_15_3,45770
5_15_3_0580.jpg,5_15_3,50926
5_15_3_0581.jpg,5_15_3,48552
5_15_3_0582.jpg,5_15_3,47446
5_15_3_0583.jpg,5_15_3,5932
5_15_3_0584.jpg,5_15_3,57630
5_15_3_0585.jpg,5_15_3,48827
5_15_3_0586.jpg,5_15_3,57561
5_15_3_0587.jpg,5_15_3,55648
5_15_3_0588.jpg,5_15_3,47358
5_15_3_0589.jpg,5_15_3,41847
5_15_3_0590.jpg,5_15_3,58585
5_15_3_0591.jpg,5_15_3,49416
5_15_3_0592.jpg,5_15_3,55812
5_15_3_0593.jpg,5_15_3,25084
5_15_3_0594.jpg,5_15_3,59075
5_15_3_0595.jpg,5_15_3,37077
5_15_3_0596.jpg,5_15_3,50236
5_15_3_0597.jpg,5_15_3,55797
5_15_3_0598.jpg,5_15_3,48247
5_15_3_0599.jpg,5_15_3,19370
5_15_3_0600.jpg,5_15_3,58414
5_15_3_0601.jpg,5_15_3,49788
5_15_3_0602.jpg,5_15_3,7147
5_15_3_0603.jpg,5_15_3,6113
5_15_3_0604.jpg,5_15_3,5926
5_15_3_0605.jpg,5_15_3,466
5_15_3_0606.jpg,5_15_3,5539
5_15_3_0607.jpg,5_15_3,57216
5_15_3_0608.jpg,5_15_3,6235
5_15_3_0609.jpg,5_15_3,46311
5_15_3_0610.jpg,5_15_3,49052
5_15_3_0611.jpg,5_15_3,673
5_15_3_0612.jpg,5_15_3,58730
5_15_3_0613.jpg,5_15_3,48911
5_15_3_0614.jpg,5_15_3,28738
5_15_3_0615.jpg,5_15_3,49059
5_15_3_0616.jpg,5_15_3,57086
5_15_3_0617.jpg,5_15_3,47549
5_15_3_0618.jpg,5_15_3,56795
5_15_3_0619.jpg,5_15_3,6649
5_15_3_0620.jpg,5_15_3,7958
5_15_3_0621.jpg,5_15_3,58051
5_15_3_0622.jpg,5_15_3,7862
5_15_3_0623.jpg,5_15_3,47487
5_15_3_0624.jpg,5_15_3,58344
5_15_3_0625.jpg,5_15_3,49682
5_15_3_0626.jpg,5_15_3,5264
5_15_3_0627.jpg,5_15_3,5672
5_15_3_0628.jpg,5_15_3,6292
5_15_3_0629.jpg,5_15_3,49033
5_15_3_0630.jpg,5_15_3,56200
5_15_3_0631.jpg,5_15_3,49531
5_15_3_0632.jpg,5_15_3,7640
5_15_3_0633.jpg,5_15_3,58753
5_15_3_0634.jpg,5_15_3,46795
5_15_3_0635.jpg,5_15_3,5473
5_15_3_0636.jpg,5_15_3,7288
5_15_3_0637.jpg,5_15_3,5414
5_15_3_0638.jpg,5_15_3,7121
5_15_3_0639.jpg,5_15_3,57774
5_15_3_0640.jpg,5_15_3,46798
5_15_3_0641.jpg,5_15_3,58692
5_15_3_0642.jpg,5_15_3,57084
5_15_3_0643.jpg,5_15_3,57632
5_15_3_0644.jpg,5_15_3,5207
5_15_3_0645.jpg,5_15_3,183
5_15_3_0646.jpg,5_15_3,46910
5_15_3_0647.jpg,5_15_3,49206
5_15_3_0648.jpg,5_15_3,58095
5_15_3_0649.jpg,5_15_3,49559
5_15_3_0650.jpg,5_15_3,17543
5_15_3_0651.jpg,5_15_3,8629
5_15_3_0652.jpg,5_15_3,4977
5_15_3_0653.jpg,5_15_3,47484
5_15_3_0654.jpg,5_15_3,43135
5_15_3_0655.jpg,5_15_3,6859
5_15_3_0656.jpg,5_15_3,47568
5_15_3_0657.jpg,5_15_3,48244
5_15_3_0658.jpg,5_15_3,22348
5_15_3_0659.jpg,5_15_3,46549
5_15_3_0660.jpg,5_15_3,7860
5_15_3_0661.jpg,5_15_3,58245
5_15_3_0662.jpg,5_15_3,3984
5_15_3_0663.jpg,5_15_3,57461
5_15_3_0664.jpg,5_15_3,56571
5_15_3_0665.jpg,5_15_3,12672
5_15_3_0666.jpg,5_15_3,58694
5_15_3_0667.jpg,5_15_3,47698
5_15_3_0668.jpg,5_15_3,49790
5_15_3_0669.jpg,5_15_3,5718
5_15_3_0670.jpg,5_15_3,6502
5_15_3_0671.jpg,5_15_3,57211
5_15_3_0672.jpg,5_15_3,41852
5_15_3_0673.jpg,5_15_3,46955
5_15_3_0674.jpg,5_15_3,46115
5_15_3_0675.jpg,5_15_3,49484
5_15_3_0676.jpg,5_15_3,56995
5_15_3_0677.jpg,5_15_3,55994
5_15_3_0678.jpg,5_15_3,19006
5_15_3_0679.jpg,5_15_3,46951
5_15_3_0680.jpg,5_15_3,58267
5_15_3_0681.jpg,5_15_3,46628
5_15_3_0682.jpg,5_15_3,57365
5_15_3_0683.jpg,5_15_3,46410
5_15_3_0684.jpg,5_15_3,57564
5_15_3_0685.jpg,5_15_3,49645
5_15_3_0686.jpg,5_15_3,26566
5_15_3_0687.jpg,5_15_3,48550
5_15_3_0688.jpg,5_15_3,47863
5_15_3_0689.jpg,5_15_3,50269
5_15_3_0690.jpg,5_15_3,6083
5_15_3_0691.jpg,5_15_3,46112
5_15_3_0692.jpg,5_15_3,58184
5_15_3_0693.jpg,5_15_3,56475
5_15_3_0694.jpg,5_15_3,5488
5_15_3_0695.jpg,5_15_3,56255
5_15_3_0696.jpg,5_15_3,6362
5_15_3_0697.jpg,5_15_3,24253
5_15_3_0698.jpg,5_15_3,58995
5_15_3_0699.jpg,5_15_3,49575
5_15_3_0700.jpg,5_15_3,56177
5_15_3_0701.jpg,5_15_3,5053
5_15_3_0702.jpg,5_15_3,55810
5_15_3_0703.jpg,5_15_3,56150
5_15_3_0704.jpg,5_15_3,28742
5_15_3_0705.jpg,5_15_3,49785
5_15_3_0706.jpg,5_15_3,47817
5_15_3_0707.jpg,5_15_3,55539
5_15_3_0708.jpg,5_15_3,56194
5_15_3_0709.jpg,5_15_3,35847
5_15_3_0710.jpg,5_15_3,57424
5_15_3_0711.jpg,5_15_3,46909
5_15_3_0712.jpg,5_15_3,7319
5_15_3_0713.jpg,5_15_3,58614
5_15_3_0714.jpg,5_15_3,8125
5_15_3_0715.jpg,5_15_3,5543
5_15_3_0716.jpg,5_15_3,5719
5_15_3_0717.jpg,5_15_3,22237
5_15_3_0718.jpg,5_15_3,47360
5_15_3_0719.jpg,5_15_3,46472
5_15_3_0720.jpg,5_15_3,5930
5_15_3_0721.jpg,5_15_3,58584
5_15_3_0722.jpg,5_15_3,5438
5_15_3_0723.jpg,5_15_3,4735
5_15_3_0724.jpg,5_15_3,58831
5_15_3_0725.jpg,5_15_3,58655
5_15_3_0726.jpg,5_15_3,27409
5_15_3_0727.jpg,5_15_3,46837
5_15_3_0728.jpg,5_15_3,22322
5_15_3_0729.jpg,5_15_3,5104
5_15_3_0730.jpg,5_15_3,56132
5_15_3_0731.jpg,5_15_3,5418
5_15_3_0732.jpg,5_15_3,56666
5_15_3_0733.jpg,5_15_3,46409
5_15_3_0734.jpg,5_15_3,57889
5_15_3_0735.jpg,5_15_3,18957
5_15_3_0736.jpg,5_15_3,48882
5_15_3_0737.jpg,5_15_3,47481
5_15_3_0738.jpg,5_15_3,50270
5_15_3_0739.jpg,5_15_3,49684
5_15_3_0740.jpg,5_15_3,50273
5_15_3_0741.jpg,5_15_3,55196
5_15_3_0742.jpg,5_15_3,55436
5_15_3_0743.jpg,5_15_3,48187
5_15_3_0744.jpg,5_15_3,47939
5_15_3_0745.jpg,5_15_3,56183
5_15_3_0746.jpg,5_15_3,48978
5_15_3_0747.jpg,5_15_3,46629
5_15_3_0748.jpg,5_15_3,46400
5_15_3_0749.jpg,5_15_3,47316
5_15_3_0750.jpg,5_15_3,48724
5_15_3_0751.jpg,5_15_3,47792
5_15_3_0752.jpg,5_15_3,58318
5_15_3_0753.jpg,5_15_3,8836
5_15_3_0754.jpg,5_15_3,4979
5_15_3_0755.jpg,5_15_3,56507
5_15_3_0756.jpg,5_15_3,5434
5_15_3_0757.jpg,5_15_3,57421
5_15_3_0758.jpg,5_15_3,45767
5_15_3_0759.jpg,5_15_3,26568
5_15_3_0760.jpg,5_15_3,5609
5_15_3_0761.jpg,5_15_3,58394
5_15_3_0762.jpg,5_15_3,49648
5_15_3_0763.jpg,5_15_3,47544
5_15_3_0764.jpg,5_15_3,58069
5_15_3_0765.jpg,5_15_3,58898
5_15_3_0766.jpg,5_15_3,3983
5_15_3_0767.jpg,5_15_3,43129
5_15_3_0768.jpg,5_15_3,57069
5_15_3_0769.jpg,5_15_3,49685
5_15_3_0770.jpg,5_15_3,49529
5_15_3_0771.jpg,5_15_3,5309
5_15_3_0772.jpg,5_15_3,47318
5_15_3_0773.jpg,5_15_3,3722
5_15_3_0774.jpg,5_15_3,58830
5_15_3_0775.jpg,5_15_3,43130
5_15_3_0776.jpg,5_15_3,48549
5_15_3_0777.jpg,5_15_3,46799
5_15_3_0778.jpg,5_15_3,37079
5_15_3_0779.jpg,5_15_3,22734
5_15_3_0780.jpg,5_15_3,5437
5_15_3_0781.jpg,5_15_3,47993
5_15_3_0782.jpg,5_15_3,48312
5_15_3_0783.jpg,5_15_3,2398
5_15_3_0784.jpg,5_15_3,6338
5_15_3_0785.jpg,5_15_3,50274
5_15_3_0786.jpg,5_15_3,58132
5_15_3_0787.jpg,5_15_3,5472
5_15_3_0788.jpg,5_15_3,12667
5_15_3_0789.jpg,5_15_3,58153
5_15_3_0790.jpg,5_15_3,56906
5_15_3_0791.jpg,5_15_3,47319
5_15_3_0792.jpg,5_15_3,5202
5_15_3_0793.jpg,5_15_3,49755
5_15_3_0794.jpg,5_15_3,56474
5_15_3_0795.jpg,5_15_3,47317
5_15_3_0796.jpg,5_15_3,46637
5_15_3_0797.jpg,5_15_3,57033
5_15_3_0798.jpg,5_15_3,47482
5_15_3_0799.jpg,5_15_3,12673
5_15_3_0800.jpg,5_15_3,4819
5_15_3_0801.jpg,5_15_3,46604
5_15_3_0802.jpg,5_15_3,8765
5_15_3_0803.jpg,5_15_3,58317
5_15_3_0804.jpg,5_15_3,49647
5_15_3_0805.jpg,5_15_3,57085
5_15_3_0806.jpg,5_15_3,47289
5_15_3_0807.jpg,5_15_3,47988
5_15_3_0808.jpg,5_15_3,5476
5_15_3_0809.jpg,5_15_3,58027
5_15_3_0810.jpg,5_15_3,24246
5_15_3_0811.jpg,5_15_3,40641
5_15_3_0812.jpg,5_15_3,49753
5_15_3_0813.jpg,5_15_3,47259
5_15_3_0814.jpg,5_15_3,47502
5_15_3_0815.jpg,5_15_3,24243
5_15_3_0816.jpg,5_15_3,57065
5_15_3_0817.jpg,5_15_3,49398
5_15_3_0818.jpg,5_15_3,58656
5_15_3_0819.jpg,5_15_3,9813
5_15_3_0820.jpg,5_15_3,55941
5_15_3_0821.jpg,5_15_3,7146
5_15_3_0822.jpg,5_15_3,56904
5_15_3_0823.jpg,5_15_3,57162
5_15_3_0824.jpg,5_15_3,6860
5_15_3_0825.jpg,5_15_3,46606
5_15_3_0826.jpg,5_15_3,184
5_15_3_0827.jpg,5_15_3,55499
5_15_3_0828.jpg,5_15_3,46632
5_15_3_0829.jpg,5_15_3,55645
5_15_3_0830.jpg,5_15_3,47545
5_15_3_0831.jpg,5_15_3,58049
5_15_3_0832.jpg,5_15_3,26571
5_15_3_0833.jpg,5_15_3,29603
5_15_3_0834.jpg,5_15_3,4481
5_15_3_0835.jpg,5_15_3,47860
5_15_3_0836.jpg,5_15_3,46107
5_15_3_0837.jpg,5_15_3,47989
5_15_3_0838.jpg,5_15_3,7289
5_15_3_0839.jpg,5_15_3,5470
5_15_3_0840.jpg,5_15_3,4986
5_15_3_0841.jpg,5_15_3,58611
5_15_3_0842.jpg,5_15_3,49279
5_15_3_0843.jpg,5_15_3,49978
5_15_3_0844.jpg,5_15_3,46633
5_15_3_0845.jpg,5_15_3,47570
5_15_3_0846.jpg,5_15_3,8622
5_15_3_0847.jpg,5_15_3,48973
5_15_3_0848.jpg,5_15_3,24242
5_15_3_0849.jpg,5_15_3,29606
5_15_3_0850.jpg,5_15_3,22732
5_15_3_0851.jpg,5_15_3,55290
5_15_3_0852.jpg,5_15_3,5433
5_15_3_0853.jpg,5_15_3,47364
5_15_3_0854.jpg,5_15_3,19232
5_15_3_0855.jpg,5_15_3,58187
5_15_3_0856.jpg,5_15_3,47937
5_15_3_0857.jpg,5_15_3,36818
5_15_3_0858.jpg,5_15_3,56268
5_15_3_0859.jpg,5_15_3,48310
5_15_3_0860.jpg,5_15_3,36086
5_15_3_0861.jpg,5_15_3,48971
5_15_3_0862.jpg,5_15_3,41851
5_15_3_0863.jpg,5_15_3,57566
5_15_3_0864.jpg,5_15_3,57037
5_15_3_0865.jpg,5_15_3,47286
5_15_3_0866.jpg,5_15_3,22741
5_15_3_0867.jpg,5_15_3,47359
5_15_3_0868.jpg,5_15_3,56273
5_15_3_0869.jpg,5_15_3,58657
5_15_3_0870.jpg,5_15_3,58674
5_15_3_0871.jpg,5_15_3,49577
5_15_3_0872.jpg,5_15_3,56568
5_15_3_0873.jpg,5_15_3,49322
5_15_3_0874.jpg,5_15_3,1441
5_15_3_0875.jpg,5_15_3,12727
5_15_3_0876.jpg,5_15_3,49321
5_15_3_0877.jpg,5_15_3,57634
5_15_3_0878.jpg,5_15_3,46611
5_15_3_0879.jpg,5_15_3,4154
5_15_3_0880.jpg,5_15_3,9814
5_15_3_0881.jpg,5_15_3,46552
5_15_3_0882.jpg,5_15_3,49973
5_15_3_0883.jpg,5_15_3,57965
5_15_3_0884.jpg,5_15_3,28743
5_15_3_0885.jpg,5_15_3,5469
5_15_3_0886.jpg,5_15_3,45662
5_15_3_0887.jpg,5_15_3,6428
5_15_3_0888.jpg,5_15_3,48185
5_15_3_0889.jpg,5_15_3,46610
5_15_3_0890.jpg,5_15_3,58758
5_15_3_0891.jpg,5_15_3,45771
5_15_3_0892.jpg,5_15_3,49161
5_15_3_0893.jpg,5_15_3,47261
5_15_3_0894.jpg,5_15_3,47320
5_15_3_0895.jpg,5_15_3,2400
5_15_3_0896.jpg,5_15_3,45899
5_15_3_0897.jpg,5_15_3,49558
5_15_3_0898.jpg,5_15_3,3822
5_15_3_0899.jpg,5_15_3,47015
5_15_3_0900.jpg,5_15_3,58367
5_15_3_0901.jpg,5_15_3,29602
5_15_3_0902.jpg,5_15_3,5537
5_15_3_0903.jpg,5_15_3,2481
5_15_3_0904.jpg,5_15_3,46291
5_15_3_0905.jpg,5_15_3,56270
5_15_3_0906.jpg,5_15_3,58150
5_15_3_0907.jpg,5_15_3,58654
5_15_3_0908.jpg,5_15_3,6430
5_15_3_0909.jpg,5_15_3,46312
5_15_3_0910.jpg,5_15_3,58881
5_15_3_0911.jpg,5_15_3,22735
5_15_3_0912.jpg,5_15_3,49437
5_15_3_0913.jpg,5_15_3,45905
5_15_3_0914.jpg,5_15_3,29594
5_15_3_0915.jpg,5_15_3,5435
5_15_3_0916.jpg,5_15_3,7953
5_15_3_0917.jpg,5_15_3,36924
5_15_3_0918.jpg,5_15_3,22351
5_15_3_0919.jpg,5_15_3,57083
5_15_3_0920.jpg,5_15_3,58882
5_15_3_0921.jpg,5_15_3,57989
5_15_3_0922.jpg,5_15_3,48315
5_15_3_0923.jpg,5_15_3,3823
5_15_3_0924.jpg,5_15_3,4820
5_15_3_0925.jpg,5_15_3,39910
5_15_3_0926.jpg,5_15_3,26565
5_15_3_0927.jpg,5_15_3,56179
5_15_3_0928.jpg,5_15_3,47815
5_15_3_0929.jpg,5_15_3,7956
5_15_3_0930.jpg,5_15_3,18955
5_15_3_0931.jpg,5_15_3,4980
5_15_3_0932.jpg,5_15_3,6470
5_15_3_0933.jpg,5_15_3,56193
5_15_3_0934.jpg,5_15_3,560
5_15_3_0935.jpg,5_15_3,57871
5_15_3_0936.jpg,5_15_3,49423
5_15_3_0937.jpg,5_15_3,6173
5_15_3_0938.jpg,5_15_3,8838
5_15_3_0939.jpg,5_15_3,46839
5_15_3_0940.jpg,5_15_3,48908
5_15_3_0941.jpg,5_15_3,50969
5_15_3_0942.jpg,5_15_3,7287
5_15_3_0943.jpg,5_15_3,47858
5_15_3_0944.jpg,5_15_3,58691
5_15_3_0945.jpg,5_15_3,57601
5_15_3_0946.jpg,5_15_3,49248
5_15_3_0947.jpg,5_15_3,49792
5_15_3_0948.jpg,5_15_3,58784
5_15_3_0949.jpg,5_15_3,5485
5_15_3_0950.jpg,5_15_3,12671
5_15_3_0951.jpg,5_15_3,5203
5_15_3_0952.jpg,5_15_3,34055
5_15_3_0953.jpg,5_15_3,28748
5_15_3_0954.jpg,5_15_3,58188
5_15_3_0955.jpg,5_15_3,5417
5_15_3_0956.jpg,5_15_3,58879
5_15_3_0957.jpg,5_15_3,6651
5_15_3_0958.jpg,5_15_3,48723
5_15_3_0959.jpg,5_15_3,56180
5_15_3_0960.jpg,5_15_3,39917
5_15_3_0961.jpg,5_15_3,58246
5_15_3_0962.jpg,5_15_3,6080
5_15_3_0963.jpg,5_15_3,8124
5_15_3_0964.jpg,5_15_3,57165
5_15_3_0965.jpg,5_15_3,42976
5_15_3_0966.jpg,5_15_3,57966
5_15_3_0967.jpg,5_15_3,58495
5_15_3_0968.jpg,5_15_3,55581
5_15_3_0969.jpg,5_15_3,56569
5_15_3_0970.jpg,5_15_3,56907
5_15_3_0971.jpg,5_15_3,46614
5_15_3_0972.jpg,5_15_3,22740
5_15_3_0973.jpg,5_15_3,55434
5_15_3_0974.jpg,5_15_3,47866
5_15_3_0975.jpg,5_15_3,8974
5_15_3_0976.jpg,5_15_3,6364
5_15_3_0977.jpg,5_15_3,6407
5_15_3_0978.jpg,5_15_3,5489
5_15_3_0979.jpg,5_15_3,58189
5_15_3_0980.jpg,5_15_3,36087
5_15_3_0981.jpg,5_15_3,47011
5_15_3_0982.jpg,5_15_3,45773
5_15_3_0983.jpg,5_15_3,48977
5_15_3_0984.jpg,5_15_3,4825
5_15_3_0985.jpg,5_15_3,55944
5_15_3_0986.jpg,5_15_3,22276
5_15_3_0987.jpg,5_15_3,5928
5_15_3_0988.jpg,5_15_3,56903
5_15_3_0989.jpg,5_15_3,49793
5_15_3_0990.jpg,5_15_3,49686
5_15_3_0991.jpg,5_15_3,5416
5_15_3_0992.jpg,5_15_3,39916
5_15_3_0993.jpg,5_15_3,58832
5_15_3_0994.jpg,5_15_3,49204
5_15_3_0995.jpg,5_15_3,47699
5_15_3_0996.jpg,5_15_3,59010
5_15_3_0997.jpg,5_15_3,19369
5_15_3_0998.jpg,5_15_3,24241
5_15_3_0999.jpg,5_15_3,5668
5_15_1_0000.jpg,5_15_1,2545
5_15_1_0001.jpg,5_15_1,21523
5_15_1_0002.jpg,5_15_1,25091
5_15_1_0003.jpg,5_15_1,11766
5_15_1_0004.jpg,5_15_1,55596
5_15_1_0005.jpg,5_15_1,6178
5_15_1_0006.jpg,5_15_1,5423
5_15_1_0007.jpg,5_15_1,19648
5_15_1_0008.jpg,5_15_1,57361
5_15_1_0009.jpg,5_15_1,583
5_15_1_0010.jpg,5_15_1,28576
5_15_1_0011.jpg,5_15_1,18223
5_15_1_0012.jpg,5_15_1,56796
5_15_1_0013.jpg,5_15_1,19007
5_15_1_0014.jpg,5_15_1,2668
5_15_1_0015.jpg,5_15_1,21525
5_15_1_0016.jpg,5_15_1,22753
5_15_1_0017.jpg,5_15_1,5730
5_15_1_0018.jpg,5_15_1,56942
5_15_1_0019.jpg,5_15_1,56907
5_15_1_0020.jpg,5_15_1,5268
5_15_1_0021.jpg,5_15_1,56905
5_15_1_0022.jpg,5_15_1,48836
5_15_1_0023.jpg,5_15_1,5270
5_15_1_0024.jpg,5_15_1,5275
5_15_1_0025.jpg,5_15_1,28587
5_15_1_0026.jpg,5_15_1,5773
5_15_1_0027.jpg,5_15_1,28575
5_15_1_0028.jpg,5_15_1,549
5_15_1_0029.jpg,5_15_1,30962
5_15_1_0030.jpg,5_15_1,25092
5_15_1_0031.jpg,5_15_1,46917
5_15_1_0032.jpg,5_15_1,49111
5_15_1_0033.jpg,5_15_1,18247
5_15_1_0034.jpg,5_15_1,57646
5_15_1_0035.jpg,5_15_1,46828
5_15_1_0036.jpg,5_15_1,30960
5_15_1_0037.jpg,5_15_1,6409
5_15_1_0038.jpg,5_15_1,5938
5_15_1_0039.jpg,5_15_1,29590
5_15_1_0040.jpg,5_15_1,46979
5_15_1_0041.jpg,5_15_1,49205
5_15_1_0042.jpg,5_15_1,5971
5_15_1_0043.jpg,5_15_1,49157
5_15_1_0044.jpg,5_15_1,8640
5_15_1_0045.jpg,5_15_1,2407
5_15_1_0046.jpg,5_15_1,57219
5_15_1_0047.jpg,5_15_1,46645
5_15_1_0048.jpg,5_15_1,48764
5_15_1_0049.jpg,5_15_1,57217
5_15_1_0050.jpg,5_15_1,4994
5_15_1_0051.jpg,5_15_1,25204
5_15_1_0052.jpg,5_15_1,11763
5_15_1_0053.jpg,5_15_1,9962
5_15_1_0054.jpg,5_15_1,48296
5_15_1_0055.jpg,5_15_1,5619
5_15_1_0056.jpg,5_15_1,5774
5_15_1_0057.jpg,5_15_1,21507
5_15_1_0058.jpg,5_15_1,19670
5_15_1_0059.jpg,5_15_1,6506
5_15_1_0060.jpg,5_15_1,9984
5_15_1_0061.jpg,5_15_1,49156
5_15_1_0062.jpg,5_15_1,49532
5_15_1_0063.jpg,5_15_1,49690
5_15_1_0064.jpg,5_15_1,29612
5_15_1_0065.jpg,5_15_1,47468
5_15_1_0066.jpg,5_15_1,6412
5_15_1_0067.jpg,5_15_1,29607
5_15_1_0068.jpg,5_15_1,25205
5_15_1_0069.jpg,5_15_1,34060
5_15_1_0070.jpg,5_15_1,47116
5_15_1_0071.jpg,5_15_1,5157
5_15_1_0072.jpg,5_15_1,46821
5_15_1_0073.jpg,5_15_1,21522
5_15_1_0074.jpg,5_15_1,19021
5_15_1_0075.jpg,5_15_1,5470
5_15_1_0076.jpg,5_15_1,9964
5_15_1_0077.jpg,5_15_1,56913
5_15_1_0078.jpg,5_15_1,49100
5_15_1_0079.jpg,5_15_1,57575
5_15_1_0080.jpg,5_15_1,678
5_15_1_0081.jpg,5_15_1,6510
5_15_1_0082.jpg,5_15_1,57773
5_15_1_0083.jpg,5_15_1,55609
5_15_1_0084.jpg,5_15_1,5759
5_15_1_0085.jpg,5_15_1,49108
5_15_1_0086.jpg,5_15_1,5775
5_15_1_0087.jpg,5_15_1,47499
5_15_1_0088.jpg,5_15_1,28585
5_15_1_0089.jpg,5_15_1,11780
5_15_1_0090.jpg,5_15_1,25215
5_15_1_0091.jpg,5_15_1,57430
5_15_1_0092.jpg,5_15_1,5449
5_15_1_0093.jpg,5_15_1,25086
5_15_1_0094.jpg,5_15_1,57033
5_15_1_0095.jpg,5_15_1,34068
5_15_1_0096.jpg,5_15_1,30955
5_15_1_0097.jpg,5_15_1,5763
5_15_1_0098.jpg,5_15_1,5462
5_15_1_0099.jpg,5_15_1,12687
5_15_1_0100.jpg,5_15_1,48291
5_15_1_0101.jpg,5_15_1,21807
5_15_1_0102.jpg,5_15_1,48716
5_15_1_0103.jpg,5_15_1,21756
5_15_1_0104.jpg,5_15_1,47180
5_15_1_0105.jpg,5_15_1,6505
5_15_1_0106.jpg,5_15_1,6366
5_15_1_0107.jpg,5_15_1,56939
5_15_1_0108.jpg,5_15_1,48883
5_15_1_0109.jpg,5_15_1,57367
5_15_1_0110.jpg,5_15_1,57221
5_15_1_0111.jpg,5_15_1,25101
5_15_1_0112.jpg,5_15_1,46925
5_15_1_0113.jpg,5_15_1,46990
5_15_1_0114.jpg,5_15_1,6408
5_15_1_0115.jpg,5_15_1,47177
5_15_1_0116.jpg,5_15_1,44947
5_15_1_0117.jpg,5_15_1,49357
5_15_1_0118.jpg,5_15_1,57228
5_15_1_0119.jpg,5_15_1,46607
5_15_1_0120.jpg,5_15_1,5681
5_15_1_0121.jpg,5_15_1,47019
5_15_1_0122.jpg,5_15_1,49210
5_15_1_0123.jpg,5_15_1,47488
5_15_1_0124.jpg,5_15_1,21841
5_15_1_0125.jpg,5_15_1,5184
5_15_1_0126.jpg,5_15_1,5355
5_15_1_0127.jpg,5_15_1,21534
5_15_1_0128.jpg,5_15_1,56874
5_15_1_0129.jpg,5_15_1,548
5_15_1_0130.jpg,5_15_1,9968
5_15_1_0131.jpg,5_15_1,6023
5_15_1_0132.jpg,5_15_1,57379
5_15_1_0133.jpg,5_15_1,46611
5_15_1_0134.jpg,5_15_1,9978
5_15_1_0135.jpg,5_15_1,46919
5_15_1_0136.jpg,5_15_1,5466
5_15_1_0137.jpg,5_15_1,21487
5_15_1_0138.jpg,5_15_1,46823
5_15_1_0139.jpg,5_15_1,48294
5_15_1_0140.jpg,5_15_1,57426
5_15_1_0141.jpg,5_15_1,30945
5_15_1_0142.jpg,5_15_1,48635
5_15_1_0143.jpg,5_15_1,48697
5_15_1_0144.jpg,5_15_1,49991
5_15_1_0145.jpg,5_15_1,48633
5_15_1_0146.jpg,5_15_1,6200
5_15_1_0147.jpg,5_15_1,5731
5_15_1_0148.jpg,5_15_1,12730
5_15_1_0149.jpg,5_15_1,6181
5_15_1_0150.jpg,5_15_1,46914
5_15_1_0151.jpg,5_15_1,47121
5_15_1_0152.jpg,5_15_1,18739
5_15_1_0153.jpg,5_15_1,46926
5_15_1_0154.jpg,5_15_1,28723
5_15_1_0155.jpg,5_15_1,5422
5_15_1_0156.jpg,5_15_1,28603
5_15_1_0157.jpg,5_15_1,29615
5_15_1_0158.jpg,5_15_1,48860
5_15_1_0159.jpg,5_15_1,19650
5_15_1_0160.jpg,5_15_1,48763
5_15_1_0161.jpg,5_15_1,6242
5_15_1_0162.jpg,5_15_1,25083
5_15_1_0163.jpg,5_15_1,47498
5_15_1_0164.jpg,5_15_1,4996
5_15_1_0165.jpg,5_15_1,55605
5_15_1_0166.jpg,5_15_1,9970
5_15_1_0167.jpg,5_15_1,48700
5_15_1_0168.jpg,5_15_1,6541
5_15_1_0169.jpg,5_15_1,19652
5_15_1_0170.jpg,5_15_1,28702
5_15_1_0171.jpg,5_15_1,2597
5_15_1_0172.jpg,5_15_1,46640
5_15_1_0173.jpg,5_15_1,5417
5_15_1_0174.jpg,5_15_1,34064
5_15_1_0175.jpg,5_15_1,47114
5_15_1_0176.jpg,5_15_1,57096
5_15_1_0177.jpg,5_15_1,56797
5_15_1_0178.jpg,5_15_1,5328
5_15_1_0179.jpg,5_15_1,57776
5_15_1_0180.jpg,5_15_1,2405
5_15_1_0181.jpg,5_15_1,47091
5_15_1_0182.jpg,5_15_1,22754
5_15_1_0183.jpg,5_15_1,21745
5_15_1_0184.jpg,5_15_1,12681
5_15_1_0185.jpg,5_15_1,5682
5_15_1_0186.jpg,5_15_1,6508
5_15_1_0187.jpg,5_15_1,5451
5_15_1_0188.jpg,5_15_1,24520
5_15_1_0189.jpg,5_15_1,46974
5_15_1_0190.jpg,5_15_1,5678
5_15_1_0191.jpg,5_15_1,25444
5_15_1_0192.jpg,5_15_1,47491
5_15_1_0193.jpg,5_15_1,47062
5_15_1_0194.jpg,5_15_1,49693
5_15_1_0195.jpg,5_15_1,19653
5_15_1_0196.jpg,5_15_1,21811
5_15_1_0197.jpg,5_15_1,18214
5_15_1_0198.jpg,5_15_1,55646
5_15_1_0199.jpg,5_15_1,5772
5_15_1_0200.jpg,5_15_1,47111
5_15_1_0201.jpg,5_15_1,29614
5_15_1_0202.jpg,5_15_1,25442
5_15_1_0203.jpg,5_15_1,11769
5_15_1_0204.jpg,5_15_1,18494
5_15_1_0205.jpg,5_15_1,30946
5_15_1_0206.jpg,5_15_1,47060
5_15_1_0207.jpg,5_15_1,48832
5_15_1_0208.jpg,5_15_1,48761
5_15_1_0209.jpg,5_15_1,57387
5_15_1_0210.jpg,5_15_1,47169
5_15_1_0211.jpg,5_15_1,30958
5_15_1_0212.jpg,5_15_1,46824
5_15_1_0213.jpg,5_15_1,564
5_15_1_0214.jpg,5_15_1,56906
5_15_1_0215.jpg,5_15_1,5617
5_15_1_0216.jpg,5_15_1,6514
5_15_1_0217.jpg,5_15_1,28713
5_15_1_0218.jpg,5_15_1,28602
5_15_1_0219.jpg,5_15_1,677
5_15_1_0220.jpg,5_15_1,8641
5_15_1_0221.jpg,5_15_1,48287
5_15_1_0222.jpg,5_15_1,6545
5_15_1_0223.jpg,5_15_1,49109
5_15_1_0224.jpg,5_15_1,49703
5_15_1_0225.jpg,5_15_1,6240
5_15_1_0226.jpg,5_15_1,46977
5_15_1_0227.jpg,5_15_1,56993
5_15_1_0228.jpg,5_15_1,49647
5_15_1_0229.jpg,5_15_1,390
5_15_1_0230.jpg,5_15_1,47489
5_15_1_0231.jpg,5_15_1,6370
5_15_1_0232.jpg,5_15_1,47487
5_15_1_0233.jpg,5_15_1,57359
5_15_1_0234.jpg,5_15_1,4991
5_15_1_0235.jpg,5_15_1,19676
5_15_1_0236.jpg,5_15_1,57772
5_15_1_0237.jpg,5_15_1,47063
5_15_1_0238.jpg,5_15_1,11773
5_15_1_0239.jpg,5_15_1,46616
5_15_1_0240.jpg,5_15_1,19671
5_15_1_0241.jpg,5_15_1,30224
5_15_1_0242.jpg,5_15_1,19023
5_15_1_0243.jpg,5_15_1,18234
5_15_1_0244.jpg,5_15_1,49702
5_15_1_0245.jpg,5_15_1,46550
5_15_1_0246.jpg,5_15_1,34069
5_15_1_0247.jpg,5_15_1,2375
5_15_1_0248.jpg,5_15_1,25458
5_15_1_0249.jpg,5_15_1,28571
5_15_1_0250.jpg,5_15_1,57569
5_15_1_0251.jpg,5_15_1,6368
5_15_1_0252.jpg,5_15_1,49697
5_15_1_0253.jpg,5_15_1,47750
5_15_1_0254.jpg,5_15_1,47021
5_15_1_0255.jpg,5_15_1,46998
5_15_1_0256.jpg,5_15_1,30952
5_15_1_0257.jpg,5_15_1,30953
5_15_1_0258.jpg,5_15_1,47105
5_15_1_0259.jpg,5_15_1,29600
5_15_1_0260.jpg,5_15_1,50280
5_15_1_0261.jpg,5_15_1,55604
5_15_1_0262.jpg,5_15_1,49699
5_15_1_0263.jpg,5_15_1,50274
5_15_1_0264.jpg,5_15_1,46557
5_15_1_0265.jpg,5_15_1,12683
5_15_1_0266.jpg,5_15_1,58758
5_15_1_0267.jpg,5_15_1,47126
5_15_1_0268.jpg,5_15_1,46644
5_15_1_0269.jpg,5_15_1,25097
5_15_1_0270.jpg,5_15_1,47170
5_15_1_0271.jpg,5_15_1,25094
5_15_1_0272.jpg,5_15_1,5968
5_15_1_0273.jpg,5_15_1,5760
5_15_1_0274.jpg,5_15_1,6020
5_15_1_0275.jpg,5_15_1,5765
5_15_1_0276.jpg,5_15_1,49486
5_15_1_0277.jpg,5_15_1,28574
5_15_1_0278.jpg,5_15_1,56908
5_15_1_0279.jpg,5_15_1,19015
5_15_1_0280.jpg,5_15_1,5321
5_15_1_0281.jpg,5_15_1,21542
5_15_1_0282.jpg,5_15_1,46609
5_15_1_0283.jpg,5_15_1,56941
5_15_1_0284.jpg,5_15_1,28581
5_15_1_0285.jpg,5_15_1,48297
5_15_1_0286.jpg,5_15_1,24516
5_15_1_0287.jpg,5_15_1,5279
5_15_1_0288.jpg,5_15_1,49696
5_15_1_0289.jpg,5_15_1,21485
5_15_1_0290.jpg,5_15_1,21744
5_15_1_0291.jpg,5_15_1,57684
5_15_1_0292.jpg,5_15_1,46929
5_15_1_0293.jpg,5_15_1,49110
5_15_1_0294.jpg,5_15_1,29595
5_15_1_0295.jpg,5_15_1,49763
5_15_1_0296.jpg,5_15_1,49215
5_15_1_0297.jpg,5_15_1,19645
5_15_1_0298.jpg,5_15_1,6176
5_15_1_0299.jpg,5_15_1,6205
5_15_1_0300.jpg,5_15_1,57775
5_15_1_0301.jpg,5_15_1,21498
5_15_1_0302.jpg,5_15_1,24524
5_15_1_0303.jpg,5_15_1,18233
5_15_1_0304.jpg,5_15_1,5356
5_15_1_0305.jpg,5_15_1,5939
5_15_1_0306.jpg,5_15_1,47110
5_15_1_0307.jpg,5_15_1,21513
5_15_1_0308.jpg,5_15_1,49987
5_15_1_0309.jpg,5_15_1,55651
5_15_1_0310.jpg,5_15_1,12680
5_15_1_0311.jpg,5_15_1,56875
5_15_1_0312.jpg,5_15_1,47753
5_15_1_0313.jpg,5_15_1,21508
5_15_1_0314.jpg,5_15_1,19016
5_15_1_0315.jpg,5_15_1,47497
5_15_1_0316.jpg,5_15_1,49251
5_15_1_0317.jpg,5_15_1,28709
5_15_1_0318.jpg,5_15_1,49250
5_15_1_0319.jpg,5_15_1,46841
5_15_1_0320.jpg,5_15_1,49488
5_15_1_0321.jpg,5_15_1,18493
5_15_1_0322.jpg,5_15_1,49689
5_15_1_0323.jpg,5_15_1,56799
5_15_1_0324.jpg,5_15_1,18222
5_15_1_0325.jpg,5_15_1,57635
5_15_1_0326.jpg,5_15_1,6206
5_15_1_0327.jpg,5_15_1,21748
5_15_1_0328.jpg,5_15_1,55601
5_15_1_0329.jpg,5_15_1,6472
5_15_1_0330.jpg,5_15_1,47175
5_15_1_0331.jpg,5_15_1,28724
5_15_1_0332.jpg,5_15_1,6417
5_15_1_0333.jpg,5_15_1,9966
5_15_1_0334.jpg,5_15_1,49989
5_15_1_0335.jpg,5_15_1,50285
5_15_1_0336.jpg,5_15_1,46916
5_15_1_0337.jpg,5_15_1,57229
5_15_1_0338.jpg,5_15_1,19018
5_15_1_0339.jpg,5_15_1,29602
5_15_1_0340.jpg,5_15_1,6345
5_15_1_0341.jpg,5_15_1,387
5_15_1_0342.jpg,5_15_1,56994
5_15_1_0343.jpg,5_15_1,56803
5_15_1_0344.jpg,5_15_1,48699
5_15_1_0345.jpg,5_15_1,49037
5_15_1_0346.jpg,5_15_1,547
5_15_1_0347.jpg,5_15_1,655
5_15_1_0348.jpg,5_15_1,5615
5_15_1_0349.jpg,5_15_1,46847
5_15_1_0350.jpg,5_15_1,56806
5_15_1_0351.jpg,5_15_1,49587
5_15_1_0352.jpg,5_15_1,46989
5_15_1_0353.jpg,5_15_1,50278
5_15_1_0354.jpg,5_15_1,46997
5_15_1_0355.jpg,5_15_1,46552
5_15_1_0356.jpg,5_15_1,25454
5_15_1_0357.jpg,5_15_1,9979
5_15_1_0358.jpg,5_15_1,11776
5_15_1_0359.jpg,5_15_1,57685
5_15_1_0360.jpg,5_15_1,25099
5_15_1_0361.jpg,5_15_1,19655
5_15_1_0362.jpg,5_15_1,57683
5_15_1_0363.jpg,5_15_1,25082
5_15_1_0364.jpg,5_15_1,18248
5_15_1_0365.jpg,5_15_1,5936
5_15_1_0366.jpg,5_15_1,49255
5_15_1_0367.jpg,5_15_1,28708
5_15_1_0368.jpg,5_15_1,18489
5_15_1_0369.jpg,5_15_1,47022
5_15_1_0370.jpg,5_15_1,2483
5_15_1_0371.jpg,5_15_1,46922
5_15_1_0372.jpg,5_15_1,25199
5_15_1_0373.jpg,5_15_1,19654
5_15_1_0374.jpg,5_15_1,5421
5_15_1_0375.jpg,5_15_1,28605
5_15_1_0376.jpg,5_15_1,57637
5_15_1_0377.jpg,5_15_1,49487
5_15_1_0378.jpg,5_15_1,5733
5_15_1_0379.jpg,5_15_1,18743
5_15_1_0380.jpg,5_15_1,48290
5_15_1_0381.jpg,5_15_1,21808
5_15_1_0382.jpg,5_15_1,5620
5_15_1_0383.jpg,5_15_1,49645
5_15_1_0384.jpg,5_15_1,6244
5_15_1_0385.jpg,5_15_1,5278
5_15_1_0386.jpg,5_15_1,30959
5_15_1_0387.jpg,5_15_1,47495
5_15_1_0388.jpg,5_15_1,5419
5_15_1_0389.jpg,5_15_1,56801
5_15_1_0390.jpg,5_15_1,5362
5_15_1_0391.jpg,5_15_1,28599
5_15_1_0392.jpg,5_15_1,25198
5_15_1_0393.jpg,5_15_1,48825
5_15_1_0394.jpg,5_15_1,18488
5_15_1_0395.jpg,5_15_1,47088
5_15_1_0396.jpg,5_15_1,46643
5_15_1_0397.jpg,5_15_1,57034
5_15_1_0398.jpg,5_15_1,6410
5_15_1_0399.jpg,5_15_1,47059
5_15_1_0400.jpg,5_15_1,24526
5_15_1_0401.jpg,5_15_1,47469
5_15_1_0402.jpg,5_15_1,57225
5_15_1_0403.jpg,5_15_1,5973
5_15_1_0404.jpg,5_15_1,5272
5_15_1_0405.jpg,5_15_1,49203
5_15_1_0406.jpg,5_15_1,57650
5_15_1_0407.jpg,5_15_1,57382
5_15_1_0408.jpg,5_15_1,436
5_15_1_0409.jpg,5_15_1,28586
5_15_1_0410.jpg,5_15_1,46816
5_15_1_0411.jpg,5_15_1,25441
5_15_1_0412.jpg,5_15_1,5548
5_15_1_0413.jpg,5_15_1,676
5_15_1_0414.jpg,5_15_1,57644
5_15_1_0415.jpg,5_15_1,30956
5_15_1_0416.jpg,5_15_1,24515
5_15_1_0417.jpg,5_15_1,5156
5_15_1_0418.jpg,5_15_1,49211
5_15_1_0419.jpg,5_15_1,49490
5_15_1_0420.jpg,5_15_1,654
5_15_1_0421.jpg,5_15_1,46553
5_15_1_0422.jpg,5_15_1,57036
5_15_1_0423.jpg,5_15_1,57777
5_15_1_0424.jpg,5_15_1,21497
5_15_1_0425.jpg,5_15_1,56810
5_15_1_0426.jpg,5_15_1,47183
5_15_1_0427.jpg,5_15_1,49983
5_15_1_0428.jpg,5_15_1,57462
5_15_1_0429.jpg,5_15_1,56911
5_15_1_0430.jpg,5_15_1,6343
5_15_1_0431.jpg,5_15_1,28718
5_15_1_0432.jpg,5_15_1,6204
5_15_1_0433.jpg,5_15_1,6548
5_15_1_0434.jpg,5_15_1,5937
5_15_1_0435.jpg,5_15_1,22750
5_15_1_0436.jpg,5_15_1,57428
5_15_1_0437.jpg,5_15_1,6349
5_15_1_0438.jpg,5_15_1,34067
5_15_1_0439.jpg,5_15_1,46826
5_15_1_0440.jpg,5_15_1,46959
5_15_1_0441.jpg,5_15_1,46842
5_15_1_0442.jpg,5_15_1,18226
5_15_1_0443.jpg,5_15_1,47123
5_15_1_0444.jpg,5_15_1,47176
5_15_1_0445.jpg,5_15_1,28725
5_15_1_0446.jpg,5_15_1,48830
5_15_1_0447.jpg,5_15_1,6480
5_15_1_0448.jpg,5_15_1,5181
5_15_1_0449.jpg,5_15_1,5464
5_15_1_0450.jpg,5_15_1,57037
5_15_1_0451.jpg,5_15_1,584
5_15_1_0452.jpg,5_15_1,28700
5_15_1_0453.jpg,5_15_1,25203
5_15_1_0454.jpg,5_15_1,5320
5_15_1_0455.jpg,5_15_1,5331
5_15_1_0456.jpg,5_15_1,21503
5_15_1_0457.jpg,5_15_1,50287
5_15_1_0458.jpg,5_15_1,5367
5_15_1_0459.jpg,5_15_1,5327
5_15_1_0460.jpg,5_15_1,57218
5_15_1_0461.jpg,5_15_1,6507
5_15_1_0462.jpg,5_15_1,57381
5_15_1_0463.jpg,5_15_1,5767
5_15_1_0464.jpg,5_15_1,49985
5_15_1_0465.jpg,5_15_1,5155
5_15_1_0466.jpg,5_15_1,21539
5_15_1_0467.jpg,5_15_1,12731
5_15_1_0468.jpg,5_15_1,49154
5_15_1_0469.jpg,5_15_1,48833
5_15_1_0470.jpg,5_15_1,5317
5_15_1_0471.jpg,5_15_1,21535
5_15_1_0472.jpg,5_15_1,48701
5_15_1_0473.jpg,5_15_1,57774
5_15_1_0474.jpg,5_15_1,19017
5_15_1_0475.jpg,5_15_1,4992
5_15_1_0476.jpg,5_15_1,21531
5_15_1_0477.jpg,5_15_1,28583
5_15_1_0478.jpg,5_15_1,56802
5_15_1_0479.jpg,5_15_1,56943
5_15_1_0480.jpg,5_15_1,29617
5_15_1_0481.jpg,5_15_1,57385
5_15_1_0482.jpg,5_15_1,49644
5_15_1_0483.jpg,5_15_1,9974
5_15_1_0484.jpg,5_15_1,49042
5_15_1_0485.jpg,5_15_1,21493
5_15_1_0486.jpg,5_15_1,5675
5_15_1_0487.jpg,5_15_1,48295
5_15_1_0488.jpg,5_15_1,8638
5_15_1_0489.jpg,5_15_1,434
5_15_1_0490.jpg,5_15_1,57465
5_15_1_0491.jpg,5_15_1,47030
5_15_1_0492.jpg,5_15_1,57035
5_15_1_0493.jpg,5_15_1,47106
5_15_1_0494.jpg,5_15_1,25876
5_15_1_0495.jpg,5_15_1,2374
5_15_1_0496.jpg,5_15_1,5360
5_15_1_0497.jpg,5_15_1,11816
5_15_1_0498.jpg,5_15_1,11821
5_15_1_0499.jpg,5_15_1,21528
5_15_1_0500.jpg,5_15_1,49358
5_15_1_0501.jpg,5_15_1,57216
5_15_1_0502.jpg,5_15_1,24519
5_15_1_0503.jpg,5_15_1,388
5_15_1_0504.jpg,5_15_1,47173
5_15_1_0505.jpg,5_15_1,21836
5_15_1_0506.jpg,5_15_1,48292
5_15_1_0507.jpg,5_15_1,6373
5_15_1_0508.jpg,5_15_1,5366
5_15_1_0509.jpg,5_15_1,47751
5_15_1_0510.jpg,5_15_1,25460
5_15_1_0511.jpg,5_15_1,57243
5_15_1_0512.jpg,5_15_1,47089
5_15_1_0513.jpg,5_15_1,48649
5_15_1_0514.jpg,5_15_1,21809
5_15_1_0515.jpg,5_15_1,57095
5_15_1_0516.jpg,5_15_1,46642
5_15_1_0517.jpg,5_15_1,56947
5_15_1_0518.jpg,5_15_1,56876
5_15_1_0519.jpg,5_15_1,12734
5_15_1_0520.jpg,5_15_1,56808
5_15_1_0521.jpg,5_15_1,6182
5_15_1_0522.jpg,5_15_1,47058
5_15_1_0523.jpg,5_15_1,11768
5_15_1_0524.jpg,5_15_1,55600
5_15_1_0525.jpg,5_15_1,6202
5_15_1_0526.jpg,5_15_1,5182
5_15_1_0527.jpg,5_15_1,49650
5_15_1_0528.jpg,5_15_1,29622
5_15_1_0529.jpg,5_15_1,47187
5_15_1_0530.jpg,5_15_1,48717
5_15_1_0531.jpg,5_15_1,6479
5_15_1_0532.jpg,5_15_1,21526
5_15_1_0533.jpg,5_15_1,5969
5_15_1_0534.jpg,5_15_1,5271
5_15_1_0535.jpg,5_15_1,12675
5_15_1_0536.jpg,5_15_1,30957
5_15_1_0537.jpg,5_15_1,48862
5_15_1_0538.jpg,5_15_1,28717
5_15_1_0539.jpg,5_15_1,6544
5_15_1_0540.jpg,5_15_1,21511
5_15_1_0541.jpg,5_15_1,21540
5_15_1_0542.jpg,5_15_1,19675
5_15_1_0543.jpg,5_15_1,46812
5_15_1_0544.jpg,5_15_1,18740
5_15_1_0545.jpg,5_15_1,46818
5_15_1_0546.jpg,5_15_1,6369
5_15_1_0547.jpg,5_15_1,48650
5_15_1_0548.jpg,5_15_1,5967
5_15_1_0549.jpg,5_15_1,46921
5_15_1_0550.jpg,5_15_1,34057
5_15_1_0551.jpg,5_15_1,57070
5_15_1_0552.jpg,5_15_1,57463
5_15_1_0553.jpg,5_15_1,47018
5_15_1_0554.jpg,5_15_1,25207
5_15_1_0555.jpg,5_15_1,25211
5_15_1_0556.jpg,5_15_1,9971
5_15_1_0557.jpg,5_15_1,5680
5_15_1_0558.jpg,5_15_1,5975
5_15_1_0559.jpg,5_15_1,34062
5_15_1_0560.jpg,5_15_1,21532
5_15_1_0561.jpg,5_15_1,19672
5_15_1_0562.jpg,5_15_1,56937
5_15_1_0563.jpg,5_15_1,57240
5_15_1_0564.jpg,5_15_1,47000
5_15_1_0565.jpg,5_15_1,6477
5_15_1_0566.jpg,5_15_1,9980
5_15_1_0567.jpg,5_15_1,28580
5_15_1_0568.jpg,5_15_1,50276
5_15_1_0569.jpg,5_15_1,46843
5_15_1_0570.jpg,5_15_1,18235
5_15_1_0571.jpg,5_15_1,47493
5_15_1_0572.jpg,5_15_1,46608
5_15_1_0573.jpg,5_15_1,46845
5_15_1_0574.jpg,5_15_1,12682
5_15_1_0575.jpg,5_15_1,18221
5_15_1_0576.jpg,5_15_1,28600
5_15_1_0577.jpg,5_15_1,2666
5_15_1_0578.jpg,5_15_1,21492
5_15_1_0579.jpg,5_15_1,55602
5_15_1_0580.jpg,5_15_1,2376
5_15_1_0581.jpg,5_15_1,21755
5_15_1_0582.jpg,5_15_1,6372
5_15_1_0583.jpg,5_15_1,25210
5_15_1_0584.jpg,5_15_1,19013
5_15_1_0585.jpg,5_15_1,6543
5_15_1_0586.jpg,5_15_1,49359
5_15_1_0587.jpg,5_15_1,48827
5_15_1_0588.jpg,5_15_1,22739
5_15_1_0589.jpg,5_15_1,49212
5_15_1_0590.jpg,5_15_1,18737
5_15_1_0591.jpg,5_15_1,46638
5_15_1_0592.jpg,5_15_1,46646
5_15_1_0593.jpg,5_15_1,48834
5_15_1_0594.jpg,5_15_1,47172
5_15_1_0595.jpg,5_15_1,57577
5_15_1_0596.jpg,5_15_1,57645
5_15_1_0597.jpg,5_15_1,47104
5_15_1_0598.jpg,5_15_1,47087
5_15_1_0599.jpg,5_15_1,49646
5_15_1_0600.jpg,5_15_1,6180
5_15_1_0601.jpg,5_15_1,28722
5_15_1_0602.jpg,5_15_1,18218
5_15_1_0603.jpg,5_15_1,29610
5_15_1_0604.jpg,5_15_1,5465
5_15_1_0605.jpg,5_15_1,46918
5_15_1_0606.jpg,5_15_1,46999
5_15_1_0607.jpg,5_15_1,411
5_15_1_0608.jpg,5_15_1,34056
5_15_1_0609.jpg,5_15_1,47125
5_15_1_0610.jpg,5_15_1,49992
5_15_1_0611.jpg,5_15_1,58756
5_15_1_0612.jpg,5_15_1,21509
5_15_1_0613.jpg,5_15_1,25095
5_15_1_0614.jpg,5_15_1,49986
5_15_1_0615.jpg,5_15_1,6296
5_15_1_0616.jpg,5_15_1,25089
5_15_1_0617.jpg,5_15_1,2669
5_15_1_0618.jpg,5_15_1,18237
5_15_1_0619.jpg,5_15_1,48718
5_15_1_0620.jpg,5_15_1,25456
5_15_1_0621.jpg,5_15_1,6177
5_15_1_0622.jpg,5_15_1,21842
5_15_1_0623.jpg,5_15_1,55652
5_15_1_0624.jpg,5_15_1,34070
5_15_1_0625.jpg,5_15_1,25088
5_15_1_0626.jpg,5_15_1,6483
5_15_1_0627.jpg,5_15_1,25879
5_15_1_0628.jpg,5_15_1,57461
5_15_1_0629.jpg,5_15_1,57042
5_15_1_0630.jpg,5_15_1,28711
5_15_1_0631.jpg,5_15_1,19646
5_15_1_0632.jpg,5_15_1,19674
5_15_1_0633.jpg,5_15_1,47486
5_15_1_0634.jpg,5_15_1,9981
5_15_1_0635.jpg,5_15_1,56995
5_15_1_0636.jpg,5_15_1,5966
5_15_1_0637.jpg,5_15_1,2409
5_15_1_0638.jpg,5_15_1,21538
5_15_1_0639.jpg,5_15_1,21544
5_15_1_0640.jpg,5_15_1,2406
5_15_1_0641.jpg,5_15_1,47027
5_15_1_0642.jpg,5_15_1,47094
5_15_1_0643.jpg,5_15_1,5363
5_15_1_0644.jpg,5_15_1,57649
5_15_1_0645.jpg,5_15_1,21495
5_15_1_0646.jpg,5_15_1,56878
5_15_1_0647.jpg,5_15_1,25455
5_15_1_0648.jpg,5_15_1,11767
5_15_1_0649.jpg,5_15_1,57226
5_15_1_0650.jpg,5_15_1,30961
5_15_1_0651.jpg,5_15_1,6301
5_15_1_0652.jpg,5_15_1,47182
5_15_1_0653.jpg,5_15_1,582
5_15_1_0654.jpg,5_15_1,6509
5_15_1_0655.jpg,5_15_1,562
5_15_1_0656.jpg,5_15_1,25197
5_15_1_0657.jpg,5_15_1,48651
5_15_1_0658.jpg,5_15_1,21505
5_15_1_0659.jpg,5_15_1,28588
5_15_1_0660.jpg,5_15_1,5425
5_15_1_0661.jpg,5_15_1,49648
5_15_1_0662.jpg,5_15_1,2388
5_15_1_0663.jpg,5_15_1,22742
5_15_1_0664.jpg,5_15_1,22736
5_15_1_0665.jpg,5_15_1,2391
5_15_1_0666.jpg,5_15_1,11778
5_15_1_0667.jpg,5_15_1,56946
5_15_1_0668.jpg,5_15_1,4988
5_15_1_0669.jpg,5_15_1,21514
5_15_1_0670.jpg,5_15_1,5274
5_15_1_0671.jpg,5_15_1,19019
5_15_1_0672.jpg,5_15_1,49700
5_15_1_0673.jpg,5_15_1,28707
5_15_1_0674.jpg,5_15_1,56940
5_15_1_0675.jpg,5_15_1,11820
5_15_1_0676.jpg,5_15_1,46238
5_15_1_0677.jpg,5_15_1,57065
5_15_1_0678.jpg,5_15_1,47754
5_15_1_0679.jpg,5_15_1,9972
5_15_1_0680.jpg,5_15_1,28719
5_15_1_0681.jpg,5_15_1,57566
5_15_1_0682.jpg,5_15_1,44943
5_15_1_0683.jpg,5_15_1,46913
5_15_1_0684.jpg,5_15_1,48882
5_15_1_0685.jpg,5_15_1,25459
5_15_1_0686.jpg,5_15_1,46819
5_15_1_0687.jpg,5_15_1,47118
5_15_1_0688.jpg,5_15_1,46846
5_15_1_0689.jpg,5_15_1,49489
5_15_1_0690.jpg,5_15_1,48837
5_15_1_0691.jpg,5_15_1,30225
5_15_1_0692.jpg,5_15_1,46912
5_15_1_0693.jpg,5_15_1,5452
5_15_1_0694.jpg,5_15_1,5322
5_15_1_0695.jpg,5_15_1,29619
5_15_1_0696.jpg,5_15_1,46240
5_15_1_0697.jpg,5_15_1,6239
5_15_1_0698.jpg,5_15_1,48288
5_15_1_0699.jpg,5_15_1,5267
5_15_1_0700.jpg,5_15_1,5934
5_15_1_0701.jpg,5_15_1,18215
5_15_1_0702.jpg,5_15_1,22752
5_15_1_0703.jpg,5_15_1,49034
5_15_1_0704.jpg,5_15_1,2484
5_15_1_0705.jpg,5_15_1,57576
5_15_1_0706.jpg,5_15_1,2403
5_15_1_0707.jpg,5_15_1,47017
5_15_1_0708.jpg,5_15_1,2408
5_15_1_0709.jpg,5_15_1,9963
5_15_1_0710.jpg,5_15_1,28721
5_15_1_0711.jpg,5_15_1,48705
5_15_1_0712.jpg,5_15_1,11770
5_15_1_0713.jpg,5_15_1,18227
5_15_1_0714.jpg,5_15_1,6475
5_15_1_0715.jpg,5_15_1,57063
5_15_1_0716.jpg,5_15_1,46618
5_15_1_0717.jpg,5_15_1,21504
5_15_1_0718.jpg,5_15_1,28703
5_15_1_0719.jpg,5_15_1,46612
5_15_1_0720.jpg,5_15_1,29604
5_15_1_0721.jpg,5_15_1,5468
5_15_1_0722.jpg,5_15_1,49038
5_15_1_0723.jpg,5_15_1,21489
5_15_1_0724.jpg,5_15_1,29606
5_15_1_0725.jpg,5_15_1,46822
5_15_1_0726.jpg,5_15_1,28578
5_15_1_0727.jpg,5_15_1,6344
5_15_1_0728.jpg,5_15_1,57365
5_15_1_0729.jpg,5_15_1,56948
5_15_1_0730.jpg,5_15_1,44944
5_15_1_0731.jpg,5_15_1,29597
5_15_1_0732.jpg,5_15_1,21527
5_15_1_0733.jpg,5_15_1,25212
5_15_1_0734.jpg,5_15_1,57222
5_15_1_0735.jpg,5_15_1,25102
5_15_1_0736.jpg,5_15_1,6546
5_15_1_0737.jpg,5_15_1,47026
5_15_1_0738.jpg,5_15_1,46556
5_15_1_0739.jpg,5_15_1,6346
5_15_1_0740.jpg,5_15_1,34065
5_15_1_0741.jpg,5_15_1,57572
5_15_1_0742.jpg,5_15_1,47124
5_15_1_0743.jpg,5_15_1,46978
5_15_1_0744.jpg,5_15_1,2594
5_15_1_0745.jpg,5_15_1,57574
5_15_1_0746.jpg,5_15_1,463
5_15_1_0747.jpg,5_15_1,57571
5_15_1_0748.jpg,5_15_1,21512
5_15_1_0749.jpg,5_15_1,29593
5_15_1_0750.jpg,5_15_1,57237
5_15_1_0751.jpg,5_15_1,55650
5_15_1_0752.jpg,5_15_1,28604
5_15_1_0753.jpg,5_15_1,11781
5_15_1_0754.jpg,5_15_1,6021
5_15_1_0755.jpg,5_15_1,57223
5_15_1_0756.jpg,5_15_1,21804
5_15_1_0757.jpg,5_15_1,46817
5_15_1_0758.jpg,5_15_1,47064
5_15_1_0759.jpg,5_15_1,47109
5_15_1_0760.jpg,5_15_1,48632
5_15_1_0761.jpg,5_15_1,47186
5_15_1_0762.jpg,5_15_1,5326
5_15_1_0763.jpg,5_15_1,48857
5_15_1_0764.jpg,5_15_1,6201
5_15_1_0765.jpg,5_15_1,12733
5_15_1_0766.jpg,5_15_1,46615
5_15_1_0767.jpg,5_15_1,28701
5_15_1_0768.jpg,5_15_1,21757
5_15_1_0769.jpg,5_15_1,5972
5_15_1_0770.jpg,5_15_1,25880
5_15_1_0771.jpg,5_15_1,22751
5_15_1_0772.jpg,5_15_1,4987
5_15_1_0773.jpg,5_15_1,56871
5_15_1_0774.jpg,5_15_1,34059
5_15_1_0775.jpg,5_15_1,5679
5_15_1_0776.jpg,5_15_1,48704
5_15_1_0777.jpg,5_15_1,5318
5_15_1_0778.jpg,5_15_1,5467
5_15_1_0779.jpg,5_15_1,28584
5_15_1_0780.jpg,5_15_1,48828
5_15_1_0781.jpg,5_15_1,5330
5_15_1_0782.jpg,5_15_1,25085
5_15_1_0783.jpg,5_15_1,47119
5_15_1_0784.jpg,5_15_1,25096
5_15_1_0785.jpg,5_15_1,47096
5_15_1_0786.jpg,5_15_1,6420
5_15_1_0787.jpg,5_15_1,34058
5_15_1_0788.jpg,5_15_1,21520
5_15_1_0789.jpg,5_15_1,11771
5_15_1_0790.jpg,5_15_1,6418
5_15_1_0791.jpg,5_15_1,47174
5_15_1_0792.jpg,5_15_1,5761
5_15_1_0793.jpg,5_15_1,5426
5_15_1_0794.jpg,5_15_1,2588
5_15_1_0795.jpg,5_15_1,57425
5_15_1_0796.jpg,5_15_1,28569
5_15_1_0797.jpg,5_15_1,2394
5_15_1_0798.jpg,5_15_1,5762
5_15_1_0799.jpg,5_15_1,57383
5_15_1_0800.jpg,5_15_1,21840
5_15_1_0801.jpg,5_15_1,4995
5_15_1_0802.jpg,5_15_1,57386
5_15_1_0803.jpg,5_15_1,49649
5_15_1_0804.jpg,5_15_1,21533
5_15_1_0805.jpg,5_15_1,46820
5_15_1_0806.jpg,5_15_1,56998
5_15_1_0807.jpg,5_15_1,675
5_15_1_0808.jpg,5_15_1,46617
5_15_1_0809.jpg,5_15_1,57224
5_15_1_0810.jpg,5_15_1,50275
5_15_1_0811.jpg,5_15_1,28712
5_15_1_0812.jpg,5_15_1,47113
5_15_1_0813.jpg,5_15_1,11765
5_15_1_0814.jpg,5_15_1,25209
5_15_1_0815.jpg,5_15_1,18212
5_15_1_0816.jpg,5_15_1,49988
5_15_1_0817.jpg,5_15_1,48885
5_15_1_0818.jpg,5_15_1,5276
5_15_1_0819.jpg,5_15_1,21751
5_15_1_0820.jpg,5_15_1,5273
5_15_1_0821.jpg,5_15_1,57570
5_15_1_0822.jpg,5_15_1,30948
5_15_1_0823.jpg,5_15_1,55607
5_15_1_0824.jpg,5_15_1,49204
5_15_1_0825.jpg,5_15_1,21543
5_15_1_0826.jpg,5_15_1,57220
5_15_1_0827.jpg,5_15_1,6365
5_15_1_0828.jpg,5_15_1,57459
5_15_1_0829.jpg,5_15_1,55606
5_15_1_0830.jpg,5_15_1,2543
5_15_1_0831.jpg,5_15_1,28579
5_15_1_0832.jpg,5_15_1,21545
5_15_1_0833.jpg,5_15_1,25214
5_15_1_0834.jpg,5_15_1,57771
5_15_1_0835.jpg,5_15_1,2544
5_15_1_0836.jpg,5_15_1,21747
5_15_1_0837.jpg,5_15_1,2546
5_15_1_0838.jpg,5_15_1,57687
5_15_1_0839.jpg,5_15_1,21490
5_15_1_0840.jpg,5_15_1,57636
5_15_1_0841.jpg,5_15_1,6512
5_15_1_0842.jpg,5_15_1,5446
5_15_1_0843.jpg,5_15_1,29598
5_15_1_0844.jpg,5_15_1,57238
5_15_1_0845.jpg,5_15_1,6419
5_15_1_0846.jpg,5_15_1,2410
5_15_1_0847.jpg,5_15_1,21516
5_15_1_0848.jpg,5_15_1,5354
5_15_1_0849.jpg,5_15_1,9969
5_15_1_0850.jpg,5_15_1,12679
5_15_1_0851.jpg,5_15_1,29616
5_15_1_0852.jpg,5_15_1,46813
5_15_1_0853.jpg,5_15_1,48858
5_15_1_0854.jpg,5_15_1,49761
5_15_1_0855.jpg,5_15_1,19682
5_15_1_0856.jpg,5_15_1,21834
5_15_1_0857.jpg,5_15_1,18213
5_15_1_0858.jpg,5_15_1,49107
5_15_1_0859.jpg,5_15_1,25881
5_15_1_0860.jpg,5_15_1,5447
5_15_1_0861.jpg,5_15_1,57069
5_15_1_0862.jpg,5_15_1,25449
5_15_1_0863.jpg,5_15_1,56950
5_15_1_0864.jpg,5_15_1,25457
5_15_1_0865.jpg,5_15_1,21754
5_15_1_0866.jpg,5_15_1,44948
5_15_1_0867.jpg,5_15_1,25093
5_15_1_0868.jpg,5_15_1,47025
5_15_1_0869.jpg,5_15_1,24521
5_15_1_0870.jpg,5_15_1,29591
5_15_1_0871.jpg,5_15_1,28704
5_15_1_0872.jpg,5_15_1,49534
5_15_1_0873.jpg,5_15_1,334
5_15_1_0874.jpg,5_15_1,49993
5_15_1_0875.jpg,5_15_1,24525
5_15_1_0876.jpg,5_15_1,21529
5_15_1_0877.jpg,5_15_1,19678
5_15_1_0878.jpg,5_15_1,56800
5_15_1_0879.jpg,5_15_1,6303
5_15_1_0880.jpg,5_15_1,18216
5_15_1_0881.jpg,5_15_1,57464
5_15_1_0882.jpg,5_15_1,11817
5_15_1_0883.jpg,5_15_1,57378
5_15_1_0884.jpg,5_15_1,19651
5_15_1_0885.jpg,5_15_1,57427
5_15_1_0886.jpg,5_15_1,21501
5_15_1_0887.jpg,5_15_1,2377
5_15_1_0888.jpg,5_15_1,49535
5_15_1_0889.jpg,5_15_1,46988
5_15_1_0890.jpg,5_15_1,49099
5_15_1_0891.jpg,5_15_1,6241
5_15_1_0892.jpg,5_15_1,4989
5_15_1_0893.jpg,5_15_1,389
5_15_1_0894.jpg,5_15_1,11774
5_15_1_0895.jpg,5_15_1,57639
5_15_1_0896.jpg,5_15_1,6179
5_15_1_0897.jpg,5_15_1,48826
5_15_1_0898.jpg,5_15_1,47122
5_15_1_0899.jpg,5_15_1,21510
5_15_1_0900.jpg,5_15_1,47117
5_15_1_0901.jpg,5_15_1,2390
5_15_1_0902.jpg,5_15_1,19009
5_15_1_0903.jpg,5_15_1,57227
5_15_1_0904.jpg,5_15_1,18232
5_15_1_0905.jpg,5_15_1,47023
5_15_1_0906.jpg,5_15_1,49214
5_15_1_0907.jpg,5_15_1,48767
5_15_1_0908.jpg,5_15_1,18491
5_15_1_0909.jpg,5_15_1,56798
5_15_1_0910.jpg,5_15_1,333
5_15_1_0911.jpg,5_15_1,6348
5_15_1_0912.jpg,5_15_1,5368
5_15_1_0913.jpg,5_15_1,6300
5_15_1_0914.jpg,5_15_1,22740
5_15_1_0915.jpg,5_15_1,46814
5_15_1_0916.jpg,5_15_1,410
5_15_1_0917.jpg,5_15_1,29592
5_15_1_0918.jpg,5_15_1,57770
5_15_1_0919.jpg,5_15_1,29608
5_15_1_0920.jpg,5_15_1,56949
5_15_1_0921.jpg,5_15_1,57040
5_15_1_0922.jpg,5_15_1,58759
5_15_1_0923.jpg,5_15_1,18742
5_15_1_0924.jpg,5_15_1,46928
5_15_1_0925.jpg,5_15_1,46827
5_15_1_0926.jpg,5_15_1,19673
5_15_1_0927.jpg,5_15_1,5547
5_15_1_0928.jpg,5_15_1,56807
5_15_1_0929.jpg,5_15_1,57360
5_15_1_0930.jpg,5_15_1,56809
5_15_1_0931.jpg,5_15_1,49155
5_15_1_0932.jpg,5_15_1,6478
5_15_1_0933.jpg,5_15_1,47492
5_15_1_0934.jpg,5_15_1,11772
5_15_1_0935.jpg,5_15_1,6347
5_15_1_0936.jpg,5_15_1,49984
5_15_1_0937.jpg,5_15_1,5769
5_15_1_0938.jpg,5_15_1,56805
5_15_1_0939.jpg,5_15_1,49766
5_15_1_0940.jpg,5_15_1,47108
5_15_1_0941.jpg,5_15_1,5544
5_15_1_0942.jpg,5_15_1,47470
5_15_1_0943.jpg,5_15_1,49040
5_15_1_0944.jpg,5_15_1,12686
5_15_1_0945.jpg,5_15_1,46920
5_15_1_0946.jpg,5_15_1,47755
5_15_1_0947.jpg,5_15_1,58762
5_15_1_0948.jpg,5_15_1,5448
5_15_1_0949.jpg,5_15_1,49209
5_15_1_0950.jpg,5_15_1,28715
5_15_1_0951.jpg,5_15_1,57094
5_15_1_0952.jpg,5_15_1,57364
5_15_1_0953.jpg,5_15_1,46825
5_15_1_0954.jpg,5_15_1,34061
5_15_1_0955.jpg,5_15_1,28720
5_15_1_0956.jpg,5_15_1,30219
5_15_1_0957.jpg,5_15_1,48631
5_15_1_0958.jpg,5_15_1,6367
5_15_1_0959.jpg,5_15_1,48634
5_15_1_0960.jpg,5_15_1,49036
5_15_1_0961.jpg,5_15_1,6513
5_15_1_0962.jpg,5_15_1,48762
5_15_1_0963.jpg,5_15_1,29620
5_15_1_0964.jpg,5_15_1,55647
5_15_1_0965.jpg,5_15_1,2404
5_15_1_0966.jpg,5_15_1,28573
5_15_1_0967.jpg,5_15_1,5776
5_15_1_0968.jpg,5_15_1,11813
5_15_1_0969.jpg,5_15_1,21502
5_15_1_0970.jpg,5_15_1,5450
5_15_1_0971.jpg,5_15_1,22738
5_15_1_0972.jpg,5_15_1,44945
5_15_1_0973.jpg,5_15_1,6238
5_15_1_0974.jpg,5_15_1,6416
5_15_1_0975.jpg,5_15_1,5266
5_15_1_0976.jpg,5_15_1,47490
5_15_1_0977.jpg,5_15_1,57239
5_15_1_0978.jpg,5_15_1,34066
5_15_1_0979.jpg,5_15_1,25213
5_15_1_0980.jpg,5_15_1,47112
5_15_1_0981.jpg,5_15_1,22741
5_15_1_0982.jpg,5_15_1,19681
5_15_1_0983.jpg,5_15_1,5616
5_15_1_0984.jpg,5_15_1,28572
5_15_1_0985.jpg,5_15_1,46844
5_15_1_0986.jpg,5_15_1,49035
5_15_1_0987.jpg,5_15_1,47031
5_15_1_0988.jpg,5_15_1,49252
5_15_1_0989.jpg,5_15_1,2595
5_15_1_0990.jpg,5_15_1,47016
5_15_1_0991.jpg,5_15_1,49213
5_15_1_0992.jpg,5_15_1,25450
5_15_1_0993.jpg,5_15_1,56912
5_15_1_0994.jpg,5_15_1,19022
5_15_1_0995.jpg,5_15_1,18224
5_15_1_0996.jpg,5_15_1,21835
5_15_1_0997.jpg,5_15_1,49356
5_15_1_0998.jpg,5_15_1,18244
5_15_1_0999.jpg,5_15_1,29596
5_15_2_2_0000.jpg,5_15_2_2,25704
5_15_2_2_0001.jpg,5_15_2_2,58626
5_15_2_2_0002.jpg,5_15_2_2,35508
5_15_2_2_0003.jpg,5_15_2_2,58846
5_15_2_2_0004.jpg,5_15_2_2,26704
5_15_2_2_0005.jpg,5_15_2_2,47367
5_15_2_2_0006.jpg,5_15_2_2,58372
5_15_2_2_0007.jpg,5_15_2_2,35505
5_15_2_2_0008.jpg,5_15_2_2,10027
5_15_2_2_0009.jpg,5_15_2_2,46780
5_15_2_2_0010.jpg,5_15_2_2,3232
5_15_2_2_0011.jpg,5_15_2_2,58140
5_15_2_2_0012.jpg,5_15_2_2,7395
5_15_2_2_0013.jpg,5_15_2_2,29855
5_15_2_2_0014.jpg,5_15_2_2,33472
5_15_2_2_0015.jpg,5_15_2_2,24271
5_15_2_2_0016.jpg,5_15_2_2,8843
5_15_2_2_0017.jpg,5_15_2_2,58375
5_15_2_2_0018.jpg,5_15_2_2,47395
5_15_2_2_0019.jpg,5_15_2_2,879
5_15_2_2_0020.jpg,5_15_2_2,57992
5_15_2_2_0021.jpg,5_15_2_2,48425
5_15_2_2_0022.jpg,5_15_2_2,578
5_15_2_2_0023.jpg,5_15_2_2,8736
5_15_2_2_0024.jpg,5_15_2_2,30717
5_15_2_2_0025.jpg,5_15_2_2,24968
5_15_2_2_0026.jpg,5_15_2_2,48421
5_15_2_2_0027.jpg,5_15_2_2,33473
5_15_2_2_0028.jpg,5_15_2_2,58463
5_15_2_2_0029.jpg,5_15_2_2,58851
5_15_2_2_0030.jpg,5_15_2_2,25752
5_15_2_2_0031.jpg,5_15_2_2,17963
5_15_2_2_0032.jpg,5_15_2_2,33165
5_15_2_2_0033.jpg,5_15_2_2,24979
5_15_2_2_0034.jpg,5_15_2_2,29504
5_15_2_2_0035.jpg,5_15_2_2,57995
5_15_2_2_0036.jpg,5_15_2_2,11949
5_15_2_2_0037.jpg,5_15_2_2,35510
5_15_2_2_0038.jpg,5_15_2_2,29858
5_15_2_2_0039.jpg,5_15_2_2,7290
5_15_2_2_0040.jpg,5_15_2_2,58320
5_15_2_2_0041.jpg,5_15_2_2,48430
5_15_2_2_0042.jpg,5_15_2_2,30711
5_15_2_2_0043.jpg,5_15_2_2,56347
5_15_2_2_0044.jpg,5_15_2_2,57952
5_15_2_2_0045.jpg,5_15_2_2,57873
5_15_2_2_0046.jpg,5_15_2_2,18057
5_15_2_2_0047.jpg,5_15_2_2,30742
5_15_2_2_0048.jpg,5_15_2_2,47356
5_15_2_2_0049.jpg,5_15_2_2,47405
5_15_2_2_0050.jpg,5_15_2_2,27943
5_15_2_2_0051.jpg,5_15_2_2,58038
5_15_2_2_0052.jpg,5_15_2_2,47868
5_15_2_2_0053.jpg,5_15_2_2,24971
5_15_2_2_0054.jpg,5_15_2_2,29510
5_15_2_2_0055.jpg,5_15_2_2,30714
5_15_2_2_0056.jpg,5_15_2_2,24899
5_15_2_2_0057.jpg,5_15_2_2,57937
5_15_2_2_0058.jpg,5_15_2_2,58813
5_15_2_2_0059.jpg,5_15_2_2,59138
5_15_2_2_0060.jpg,5_15_2_2,47354
5_15_2_2_0061.jpg,5_15_2_2,47370
5_15_2_2_0062.jpg,5_15_2_2,12061
5_15_2_2_0063.jpg,5_15_2_2,47346
5_15_2_2_0064.jpg,5_15_2_2,58169
5_15_2_2_0065.jpg,5_15_2_2,58790
5_15_2_2_0066.jpg,5_15_2_2,28921
5_15_2_2_0067.jpg,5_15_2_2,56005
5_15_2_2_0068.jpg,5_15_2_2,58040
5_15_2_2_0069.jpg,5_15_2_2,18053
5_15_2_2_0070.jpg,5_15_2_2,24969
5_15_2_2_0071.jpg,5_15_2_2,58675
5_15_2_2_0072.jpg,5_15_2_2,58075
5_15_2_2_0073.jpg,5_15_2_2,47451
5_15_2_2_0074.jpg,5_15_2_2,58466
5_15_2_2_0075.jpg,5_15_2_2,49722
5_15_2_2_0076.jpg,5_15_2_2,58257
5_15_2_2_0077.jpg,5_15_2_2,48429
5_15_2_2_0078.jpg,5_15_2_2,57977
5_15_2_2_0079.jpg,5_15_2_2,58251
5_15_2_2_0080.jpg,5_15_2_2,57947
5_15_2_2_0081.jpg,5_15_2_2,57902
5_15_2_2_0082.jpg,5_15_2_2,58811
5_15_2_2_0083.jpg,5_15_2_2,6657
5_15_2_2_0084.jpg,5_15_2_2,6655
5_15_2_2_0085.jpg,5_15_2_2,57948
5_15_2_2_0086.jpg,5_15_2_2,17968
5_15_2_2_0087.jpg,5_15_2_2,24974
5_15_2_2_0088.jpg,5_15_2_2,47365
5_15_2_2_0089.jpg,5_15_2_2,30587
5_15_2_2_0090.jpg,5_15_2_2,58511
5_15_2_2_0091.jpg,5_15_2_2,55542
5_15_2_2_0092.jpg,5_15_2_2,24499
5_15_2_2_0093.jpg,5_15_2_2,35516
5_15_2_2_0094.jpg,5_15_2_2,8844
5_15_2_2_0095.jpg,5_15_2_2,56839
5_15_2_2_0096.jpg,5_15_2_2,24277
5_15_2_2_0097.jpg,5_15_2_2,57882
5_15_2_2_0098.jpg,5_15_2_2,2446
5_15_2_2_0099.jpg,5_15_2_2,58196
5_15_2_2_0100.jpg,5_15_2_2,58576
5_15_2_2_0101.jpg,5_15_2_2,58167
5_15_2_2_0102.jpg,5_15_2_2,8846
5_15_2_2_0103.jpg,5_15_2_2,12059
5_15_2_2_0104.jpg,5_15_2_2,8847
5_15_2_2_0105.jpg,5_15_2_2,33164
5_15_2_2_0106.jpg,5_15_2_2,21225
5_15_2_2_0107.jpg,5_15_2_2,48187
5_15_2_2_0108.jpg,5_15_2_2,18056
5_15_2_2_0109.jpg,5_15_2_2,58887
5_15_2_2_0110.jpg,5_15_2_2,58352
5_15_2_2_0111.jpg,5_15_2_2,48128
5_15_2_2_0112.jpg,5_15_2_2,9956
5_15_2_2_0113.jpg,5_15_2_2,24267
5_15_2_2_0114.jpg,5_15_2_2,58509
5_15_2_2_0115.jpg,5_15_2_2,59103
5_15_2_2_0116.jpg,5_15_2_2,29654
5_15_2_2_0117.jpg,5_15_2_2,58570
5_15_2_2_0118.jpg,5_15_2_2,24982
5_15_2_2_0119.jpg,5_15_2_2,58414
5_15_2_2_0120.jpg,5_15_2_2,24901
5_15_2_2_0121.jpg,5_15_2_2,29867
5_15_2_2_0122.jpg,5_15_2_2,25751
5_15_2_2_0123.jpg,5_15_2_2,58840
5_15_2_2_0124.jpg,5_15_2_2,59012
5_15_2_2_0125.jpg,5_15_2_2,2447
5_15_2_2_0126.jpg,5_15_2_2,58359
5_15_2_2_0127.jpg,5_15_2_2,29513
5_15_2_2_0128.jpg,5_15_2_2,21606
5_15_2_2_0129.jpg,5_15_2_2,10033
5_15_2_2_0130.jpg,5_15_2_2,577
5_15_2_2_0131.jpg,5_15_2_2,25748
5_15_2_2_0132.jpg,5_15_2_2,24266
5_15_2_2_0133.jpg,5_15_2_2,58618
5_15_2_2_0134.jpg,5_15_2_2,18055
5_15_2_2_0135.jpg,5_15_2_2,30597
5_15_2_2_0136.jpg,5_15_2_2,29653
5_15_2_2_0137.jpg,5_15_2_2,19386
5_15_2_2_0138.jpg,5_15_2_2,58322
5_15_2_2_0139.jpg,5_15_2_2,6651
5_15_2_2_0140.jpg,5_15_2_2,58490
5_15_2_2_0141.jpg,5_15_2_2,58078
5_15_2_2_0142.jpg,5_15_2_2,56713
5_15_2_2_0143.jpg,5_15_2_2,9865
5_15_2_2_0144.jpg,5_15_2_2,24268
5_15_2_2_0145.jpg,5_15_2_2,47352
5_15_2_2_0146.jpg,5_15_2_2,57885
5_15_2_2_0147.jpg,5_15_2_2,58356
5_15_2_2_0148.jpg,5_15_2_2,28922
5_15_2_2_0149.jpg,5_15_2_2,30095
5_15_2_2_0150.jpg,5_15_2_2,30739
5_15_2_2_0151.jpg,5_15_2_2,58046
5_15_2_2_0152.jpg,5_15_2_2,59104
5_15_2_2_0153.jpg,5_15_2_2,57997
5_15_2_2_0154.jpg,5_15_2_2,24986
5_15_2_2_0155.jpg,5_15_2_2,3756
5_15_2_2_0156.jpg,5_15_2_2,28924
5_15_2_2_0157.jpg,5_15_2_2,24977
5_15_2_2_0158.jpg,5_15_2_2,30583
5_15_2_2_0159.jpg,5_15_2_2,27937
5_15_2_2_0160.jpg,5_15_2_2,29512
5_15_2_2_0161.jpg,5_15_2_2,58328
5_15_2_2_0162.jpg,5_15_2_2,58349
5_15_2_2_0163.jpg,5_15_2_2,59139
5_15_2_2_0164.jpg,5_15_2_2,35507
5_15_2_2_0165.jpg,5_15_2_2,18061
5_15_2_2_0166.jpg,5_15_2_2,58407
5_15_2_2_0167.jpg,5_15_2_2,54854
5_15_2_2_0168.jpg,5_15_2_2,33456
5_15_2_2_0169.jpg,5_15_2_2,56714
5_15_2_2_0170.jpg,5_15_2_2,56346
5_15_2_2_0171.jpg,5_15_2_2,58705
5_15_2_2_0172.jpg,5_15_2_2,58199
5_15_2_2_0173.jpg,5_15_2_2,57938
5_15_2_2_0174.jpg,5_15_2_2,57972
5_15_2_2_0175.jpg,5_15_2_2,11808
5_15_2_2_0176.jpg,5_15_2_2,3229
5_15_2_2_0177.jpg,5_15_2_2,58495
5_15_2_2_0178.jpg,5_15_2_2,29936
5_15_2_2_0179.jpg,5_15_2_2,9955
5_15_2_2_0180.jpg,5_15_2_2,33470
5_15_2_2_0181.jpg,5_15_2_2,29451
5_15_2_2_0182.jpg,5_15_2_2,2445
5_15_2_2_0183.jpg,5_15_2_2,35509
5_15_2_2_0184.jpg,5_15_2_2,25744
5_15_2_2_0185.jpg,5_15_2_2,3235
5_15_2_2_0186.jpg,5_15_2_2,58848
5_15_2_2_0187.jpg,5_15_2_2,47876
5_15_2_2_0188.jpg,5_15_2_2,58106
5_15_2_2_0189.jpg,5_15_2_2,47886
5_15_2_2_0190.jpg,5_15_2_2,47403
5_15_2_2_0191.jpg,5_15_2_2,29865
5_15_2_2_0192.jpg,5_15_2_2,3755
5_15_2_2_0193.jpg,5_15_2_2,59115
5_15_2_2_0194.jpg,5_15_2_2,58137
5_15_2_2_0195.jpg,5_15_2_2,28909
5_15_2_2_0196.jpg,5_15_2_2,58351
5_15_2_2_0197.jpg,5_15_2_2,11783
5_15_2_2_0198.jpg,5_15_2_2,30093
5_15_2_2_0199.jpg,5_15_2_2,58073
5_15_2_2_0200.jpg,5_15_2_2,49772
5_15_2_2_0201.jpg,5_15_2_2,29937
5_15_2_2_0202.jpg,5_15_2_2,58805
5_15_2_2_0203.jpg,5_15_2_2,878
5_15_2_2_0204.jpg,5_15_2_2,11946
5_15_2_2_0205.jpg,5_15_2_2,28912
5_15_2_2_0206.jpg,5_15_2_2,58845
5_15_2_2_0207.jpg,5_15_2_2,57978
5_15_2_2_0208.jpg,5_15_2_2,59027
5_15_2_2_0209.jpg,5_15_2_2,30719
5_15_2_2_0210.jpg,5_15_2_2,21220
5_15_2_2_0211.jpg,5_15_2_2,28751
5_15_2_2_0212.jpg,5_15_2_2,58133
5_15_2_2_0213.jpg,5_15_2_2,48427
5_15_2_2_0214.jpg,5_15_2_2,30744
5_15_2_2_0215.jpg,5_15_2_2,29452
5_15_2_2_0216.jpg,5_15_2_2,30730
5_15_2_2_0217.jpg,5_15_2_2,7128
5_15_2_2_0218.jpg,5_15_2_2,17965
5_15_2_2_0219.jpg,5_15_2_2,47885
5_15_2_2_0220.jpg,5_15_2_2,11812
5_15_2_2_0221.jpg,5_15_2_2,28754
5_15_2_2_0222.jpg,5_15_2_2,58331
5_15_2_2_0223.jpg,5_15_2_2,49730
5_15_2_2_0224.jpg,5_15_2_2,33469
5_15_2_2_0225.jpg,5_15_2_2,27893
5_15_2_2_0226.jpg,5_15_2_2,29938
5_15_2_2_0227.jpg,5_15_2_2,58796
5_15_2_2_0228.jpg,5_15_2_2,57990
5_15_2_2_0229.jpg,5_15_2_2,56840
5_15_2_2_0230.jpg,5_15_2_2,11784
5_15_2_2_0231.jpg,5_15_2_2,58847
5_15_2_2_0232.jpg,5_15_2_2,56838
5_15_2_2_0233.jpg,5_15_2_2,56144
5_15_2_2_0234.jpg,5_15_2_2,47888
5_15_2_2_0235.jpg,5_15_2_2,58413
5_15_2_2_0236.jpg,5_15_2_2,58189
5_15_2_2_0237.jpg,5_15_2_2,29505
5_15_2_2_0238.jpg,5_15_2_2,7294
5_15_2_2_0239.jpg,5_15_2_2,58163
5_15_2_2_0240.jpg,5_15_2_2,57945
5_15_2_2_0241.jpg,5_15_2_2,58409
5_15_2_2_0242.jpg,5_15_2_2,30586
5_15_2_2_0243.jpg,5_15_2_2,29158
5_15_2_2_0244.jpg,5_15_2_2,30097
5_15_2_2_0245.jpg,5_15_2_2,47366
5_15_2_2_0246.jpg,5_15_2_2,58261
5_15_2_2_0247.jpg,5_15_2_2,18038
5_15_2_2_0248.jpg,5_15_2_2,35504
5_15_2_2_0249.jpg,5_15_2_2,58793
5_15_2_2_0250.jpg,5_15_2_2,30723
5_15_2_2_0251.jpg,5_15_2_2,56706
5_15_2_2_0252.jpg,5_15_2_2,58200
5_15_2_2_0253.jpg,5_15_2_2,30746
5_15_2_2_0254.jpg,5_15_2_2,24620
5_15_2_2_0255.jpg,5_15_2_2,59118
5_15_2_2_0256.jpg,5_15_2_2,48418
5_15_2_2_0257.jpg,5_15_2_2,26702
5_15_2_2_0258.jpg,5_15_2_2,46779
5_15_2_2_0259.jpg,5_15_2_2,58804
5_15_2_2_0260.jpg,5_15_2_2,27945
5_15_2_2_0261.jpg,5_15_2_2,35514
5_15_2_2_0262.jpg,5_15_2_2,47401
5_15_2_2_0263.jpg,5_15_2_2,57923
5_15_2_2_0264.jpg,5_15_2_2,29648
5_15_2_2_0265.jpg,5_15_2_2,58794
5_15_2_2_0266.jpg,5_15_2_2,3758
5_15_2_2_0267.jpg,5_15_2_2,3231
5_15_2_2_0268.jpg,5_15_2_2,57974
5_15_2_2_0269.jpg,5_15_2_2,53226
5_15_2_2_0270.jpg,5_15_2_2,59141
5_15_2_2_0271.jpg,5_15_2_2,21610
5_15_2_2_0272.jpg,5_15_2_2,8731
5_15_2_2_0273.jpg,5_15_2_2,48132
5_15_2_2_0274.jpg,5_15_2_2,58696
5_15_2_2_0275.jpg,5_15_2_2,30713
5_15_2_2_0276.jpg,5_15_2_2,48245
5_15_2_2_0277.jpg,5_15_2_2,30101
5_15_2_2_0278.jpg,5_15_2_2,58165
5_15_2_2_0279.jpg,5_15_2_2,56141
5_15_2_2_0280.jpg,5_15_2_2,58135
5_15_2_2_0281.jpg,5_15_2_2,58462
5_15_2_2_0282.jpg,5_15_2_2,57884
5_15_2_2_0283.jpg,5_15_2_2,58378
5_15_2_2_0284.jpg,5_15_2_2,57128
5_15_2_2_0285.jpg,5_15_2_2,24261
5_15_2_2_0286.jpg,5_15_2_2,8842
5_15_2_2_0287.jpg,5_15_2_2,58048
5_15_2_2_0288.jpg,5_15_2_2,58332
5_15_2_2_0289.jpg,5_15_2_2,53221
5_15_2_2_0290.jpg,5_15_2_2,29445
5_15_2_2_0291.jpg,5_15_2_2,56134
5_15_2_2_0292.jpg,5_15_2_2,29665
5_15_2_2_0293.jpg,5_15_2_2,58882
5_15_2_2_0294.jpg,5_15_2_2,7127
5_15_2_2_0295.jpg,5_15_2_2,59101
5_15_2_2_0296.jpg,5_15_2_2,24276
5_15_2_2_0297.jpg,5_15_2_2,9869
5_15_2_2_0298.jpg,5_15_2_2,3750
5_15_2_2_0299.jpg,5_15_2_2,57969
5_15_2_2_0300.jpg,5_15_2_2,55547
5_15_2_2_0301.jpg,5_15_2_2,7330
5_15_2_2_0302.jpg,5_15_2_2,29862
5_15_2_2_0303.jpg,5_15_2_2,56145
5_15_2_2_0304.jpg,5_15_2_2,29156
5_15_2_2_0305.jpg,5_15_2_2,59136
5_15_2_2_0306.jpg,5_15_2_2,47503
5_15_2_2_0307.jpg,5_15_2_2,57946
5_15_2_2_0308.jpg,5_15_2_2,58141
5_15_2_2_0309.jpg,5_15_2_2,58079
5_15_2_2_0310.jpg,5_15_2_2,26183
5_15_2_2_0311.jpg,5_15_2_2,8845
5_15_2_2_0312.jpg,5_15_2_2,48419
5_15_2_2_0313.jpg,5_15_2_2,29870
5_15_2_2_0314.jpg,5_15_2_2,29438
5_15_2_2_0315.jpg,5_15_2_2,10032
5_15_2_2_0316.jpg,5_15_2_2,47510
5_15_2_2_0317.jpg,5_15_2_2,35502
5_15_2_2_0318.jpg,5_15_2_2,33462
5_15_2_2_0319.jpg,5_15_2_2,58467
5_15_2_2_0320.jpg,5_15_2_2,58855
5_15_2_2_0321.jpg,5_15_2_2,24278
5_15_2_2_0322.jpg,5_15_2_2,30593
5_15_2_2_0323.jpg,5_15_2_2,58885
5_15_2_2_0324.jpg,5_15_2_2,58130
5_15_2_2_0325.jpg,5_15_2_2,59008
5_15_2_2_0326.jpg,5_15_2_2,21602
5_15_2_2_0327.jpg,5_15_2_2,18063
5_15_2_2_0328.jpg,5_15_2_2,54861
5_15_2_2_0329.jpg,5_15_2_2,58957
5_15_2_2_0330.jpg,5_15_2_2,29854
5_15_2_2_0331.jpg,5_15_2_2,57895
5_15_2_2_0332.jpg,5_15_2_2,30749
5_15_2_2_0333.jpg,5_15_2_2,58514
5_15_2_2_0334.jpg,5_15_2_2,57121
5_15_2_2_0335.jpg,5_15_2_2,58806
5_15_2_2_0336.jpg,5_15_2_2,7662
5_15_2_2_0337.jpg,5_15_2_2,35512
5_15_2_2_0338.jpg,5_15_2_2,3225
5_15_2_2_0339.jpg,5_15_2_2,47455
5_15_2_2_0340.jpg,5_15_2_2,48189
5_15_2_2_0341.jpg,5_15_2_2,58134
5_15_2_2_0342.jpg,5_15_2_2,19381
5_15_2_2_0343.jpg,5_15_2_2,58411
5_15_2_2_0344.jpg,5_15_2_2,57891
5_15_2_2_0345.jpg,5_15_2_2,58265
5_15_2_2_0346.jpg,5_15_2_2,630
5_15_2_2_0347.jpg,5_15_2_2,28914
5_15_2_2_0348.jpg,5_15_2_2,56348
5_15_2_2_0349.jpg,5_15_2_2,29652
5_15_2_2_0350.jpg,5_15_2_2,33474
5_15_2_2_0351.jpg,5_15_2_2,33452
5_15_2_2_0352.jpg,5_15_2_2,7299
5_15_2_2_0353.jpg,5_15_2_2,27894
5_15_2_2_0354.jpg,5_15_2_2,18045
5_15_2_2_0355.jpg,5_15_2_2,48248
5_15_2_2_0356.jpg,5_15_2_2,53223
5_15_2_2_0357.jpg,5_15_2_2,58569
5_15_2_2_0358.jpg,5_15_2_2,47516
5_15_2_2_0359.jpg,5_15_2_2,30748
5_15_2_2_0360.jpg,5_15_2_2,30600
5_15_2_2_0361.jpg,5_15_2_2,18051
5_15_2_2_0362.jpg,5_15_2_2,58731
5_15_2_2_0363.jpg,5_15_2_2,35499
5_15_2_2_0364.jpg,5_15_2_2,30099
5_15_2_2_0365.jpg,5_15_2_2,58357
5_15_2_2_0366.jpg,5_15_2_2,58329
5_15_2_2_0367.jpg,5_15_2_2,28911
5_15_2_2_0368.jpg,5_15_2_2,47402
5_15_2_2_0369.jpg,5_15_2_2,33465
5_15_2_2_0370.jpg,5_15_2_2,11759
5_15_2_2_0371.jpg,5_15_2_2,57876
5_15_2_2_0372.jpg,5_15_2_2,7293
5_15_2_2_0373.jpg,5_15_2_2,29859
5_15_2_2_0374.jpg,5_15_2_2,29672
5_15_2_2_0375.jpg,5_15_2_2,47409
5_15_2_2_0376.jpg,5_15_2_2,58203
5_15_2_2_0377.jpg,5_15_2_2,7297
5_15_2_2_0378.jpg,5_15_2_2,33475
5_15_2_2_0379.jpg,5_15_2_2,7392
5_15_2_2_0380.jpg,5_15_2_2,10025
5_15_2_2_0381.jpg,5_15_2_2,59013
5_15_2_2_0382.jpg,5_15_2_2,30734
5_15_2_2_0383.jpg,5_15_2_2,25702
5_15_2_2_0384.jpg,5_15_2_2,8737
5_15_2_2_0385.jpg,5_15_2_2,9952
5_15_2_2_0386.jpg,5_15_2_2,30712
5_15_2_2_0387.jpg,5_15_2_2,21609
5_15_2_2_0388.jpg,5_15_2_2,6653
5_15_2_2_0389.jpg,5_15_2_2,47353
5_15_2_2_0390.jpg,5_15_2_2,58706
5_15_2_2_0391.jpg,5_15_2_2,27884
5_15_2_2_0392.jpg,5_15_2_2,3224
5_15_2_2_0393.jpg,5_15_2_2,21601
5_15_2_2_0394.jpg,5_15_2_2,24983
5_15_2_2_0395.jpg,5_15_2_2,58735
5_15_2_2_0396.jpg,5_15_2_2,58348
5_15_2_2_0397.jpg,5_15_2_2,48424
5_15_2_2_0398.jpg,5_15_2_2,58358
5_15_2_2_0399.jpg,5_15_2_2,58143
5_15_2_2_0400.jpg,5_15_2_2,11856
5_15_2_2_0401.jpg,5_15_2_2,24981
5_15_2_2_0402.jpg,5_15_2_2,7332
5_15_2_2_0403.jpg,5_15_2_2,30769
5_15_2_2_0404.jpg,5_15_2_2,58198
5_15_2_2_0405.jpg,5_15_2_2,58619
5_15_2_2_0406.jpg,5_15_2_2,30736
5_15_2_2_0407.jpg,5_15_2_2,47371
5_15_2_2_0408.jpg,5_15_2_2,57894
5_15_2_2_0409.jpg,5_15_2_2,25754
5_15_2_2_0410.jpg,5_15_2_2,58841
5_15_2_2_0411.jpg,5_15_2_2,58459
5_15_2_2_0412.jpg,5_15_2_2,6659
5_15_2_2_0413.jpg,5_15_2_2,57920
5_15_2_2_0414.jpg,5_15_2_2,58166
5_15_2_2_0415.jpg,5_15_2_2,58567
5_15_2_2_0416.jpg,5_15_2_2,58034
5_15_2_2_0417.jpg,5_15_2_2,30096
5_15_2_2_0418.jpg,5_15_2_2,24817
5_15_2_2_0419.jpg,5_15_2_2,47881
5_15_2_2_0420.jpg,5_15_2_2,58033
5_15_2_2_0421.jpg,5_15_2_2,3234
5_15_2_2_0422.jpg,5_15_2_2,27892
5_15_2_2_0423.jpg,5_15_2_2,29666
5_15_2_2_0424.jpg,5_15_2_2,24815
5_15_2_2_0425.jpg,5_15_2_2,18062
5_15_2_2_0426.jpg,5_15_2_2,27888
5_15_2_2_0427.jpg,5_15_2_2,7124
5_15_2_2_0428.jpg,5_15_2_2,59102
5_15_2_2_0429.jpg,5_15_2_2,19383
5_15_2_2_0430.jpg,5_15_2_2,33453
5_15_2_2_0431.jpg,5_15_2_2,54853
5_15_2_2_0432.jpg,5_15_2_2,26708
5_15_2_2_0433.jpg,5_15_2_2,48129
5_15_2_2_0434.jpg,5_15_2_2,58373
5_15_2_2_0435.jpg,5_15_2_2,24260
5_15_2_2_0436.jpg,5_15_2_2,30596
5_15_2_2_0437.jpg,5_15_2_2,58043
5_15_2_2_0438.jpg,5_15_2_2,58417
5_15_2_2_0439.jpg,5_15_2_2,58839
5_15_2_2_0440.jpg,5_15_2_2,48423
5_15_2_2_0441.jpg,5_15_2_2,3748
5_15_2_2_0442.jpg,5_15_2_2,58850
5_15_2_2_0443.jpg,5_15_2_2,57883
5_15_2_2_0444.jpg,5_15_2_2,29661
5_15_2_2_0445.jpg,5_15_2_2,47350
5_15_2_2_0446.jpg,5_15_2_2,47396
5_15_2_2_0447.jpg,5_15_2_2,7394
5_15_2_2_0448.jpg,5_15_2_2,33457
5_15_2_2_0449.jpg,5_15_2_2,30581
5_15_2_2_0450.jpg,5_15_2_2,58730
5_15_2_2_0451.jpg,5_15_2_2,58844
5_15_2_2_0452.jpg,5_15_2_2,59135
5_15_2_2_0453.jpg,5_15_2_2,3754
5_15_2_2_0454.jpg,5_15_2_2,8841
5_15_2_2_0455.jpg,5_15_2_2,54858
5_15_2_2_0456.jpg,5_15_2_2,57899
5_15_2_2_0457.jpg,5_15_2_2,58732
5_15_2_2_0458.jpg,5_15_2_2,57973
5_15_2_2_0459.jpg,5_15_2_2,47875
5_15_2_2_0460.jpg,5_15_2_2,28752
5_15_2_2_0461.jpg,5_15_2_2,29851
5_15_2_2_0462.jpg,5_15_2_2,30580
5_15_2_2_0463.jpg,5_15_2_2,58260
5_15_2_2_0464.jpg,5_15_2_2,21605
5_15_2_2_0465.jpg,5_15_2_2,3222
5_15_2_2_0466.jpg,5_15_2_2,58787
5_15_2_2_0467.jpg,5_15_2_2,3227
5_15_2_2_0468.jpg,5_15_2_2,57979
5_15_2_2_0469.jpg,5_15_2_2,58190
5_15_2_2_0470.jpg,5_15_2_2,47368
5_15_2_2_0471.jpg,5_15_2_2,29440
5_15_2_2_0472.jpg,5_15_2_2,57904
5_15_2_2_0473.jpg,5_15_2_2,48251
5_15_2_2_0474.jpg,5_15_2_2,3219
5_15_2_2_0475.jpg,5_15_2_2,33458
5_15_2_2_0476.jpg,5_15_2_2,30584
5_15_2_2_0477.jpg,5_15_2_2,6654
5_15_2_2_0478.jpg,5_15_2_2,29449
5_15_2_2_0479.jpg,5_15_2_2,57994
5_15_2_2_0480.jpg,5_15_2_2,48416
5_15_2_2_0481.jpg,5_15_2_2,9960
5_15_2_2_0482.jpg,5_15_2_2,29675
5_15_2_2_0483.jpg,5_15_2_2,57880
5_15_2_2_0484.jpg,5_15_2_2,33455
5_15_2_2_0485.jpg,5_15_2_2,58107
5_15_2_2_0486.jpg,5_15_2_2,9870
5_15_2_2_0487.jpg,5_15_2_2,57976
5_15_2_2_0488.jpg,5_15_2_2,57126
5_15_2_2_0489.jpg,5_15_2_2,47399
5_15_2_2_0490.jpg,5_15_2_2,58512
5_15_2_2_0491.jpg,5_15_2_2,57893
5_15_2_2_0492.jpg,5_15_2_2,58616
5_15_2_2_0493.jpg,5_15_2_2,27940
5_15_2_2_0494.jpg,5_15_2_2,29857
5_15_2_2_0495.jpg,5_15_2_2,7123
5_15_2_2_0496.jpg,5_15_2_2,24262
5_15_2_2_0497.jpg,5_15_2_2,58109
5_15_2_2_0498.jpg,5_15_2_2,7671
5_15_2_2_0499.jpg,5_15_2_2,58164
5_15_2_2_0500.jpg,5_15_2_2,59100
5_15_2_2_0501.jpg,5_15_2_2,21604
5_15_2_2_0502.jpg,5_15_2_2,29657
5_15_2_2_0503.jpg,5_15_2_2,30771
5_15_2_2_0504.jpg,5_15_2_2,57921
5_15_2_2_0505.jpg,5_15_2_2,58142
5_15_2_2_0506.jpg,5_15_2_2,3216
5_15_2_2_0507.jpg,5_15_2_2,24275
5_15_2_2_0508.jpg,5_15_2_2,56261
5_15_2_2_0509.jpg,5_15_2_2,7334
5_15_2_2_0510.jpg,5_15_2_2,48195
5_15_2_2_0511.jpg,5_15_2_2,9961
5_15_2_2_0512.jpg,5_15_2_2,57881
5_15_2_2_0513.jpg,5_15_2_2,58460
5_15_2_2_0514.jpg,5_15_2_2,24976
5_15_2_2_0515.jpg,5_15_2_2,58497
5_15_2_2_0516.jpg,5_15_2_2,26174
5_15_2_2_0517.jpg,5_15_2_2,49731
5_15_2_2_0518.jpg,5_15_2_2,58671
5_15_2_2_0519.jpg,5_15_2_2,47884
5_15_2_2_0520.jpg,5_15_2_2,24269
5_15_2_2_0521.jpg,5_15_2_2,58505
5_15_2_2_0522.jpg,5_15_2_2,57903
5_15_2_2_0523.jpg,5_15_2_2,58201
5_15_2_2_0524.jpg,5_15_2_2,29509
5_15_2_2_0525.jpg,5_15_2_2,53224
5_15_2_2_0526.jpg,5_15_2_2,9957
5_15_2_2_0527.jpg,5_15_2_2,48194
5_15_2_2_0528.jpg,5_15_2_2,58700
5_15_2_2_0529.jpg,5_15_2_2,58080
5_15_2_2_0530.jpg,5_15_2_2,33448
5_15_2_2_0531.jpg,5_15_2_2,19384
5_15_2_2_0532.jpg,5_15_2_2,58578
5_15_2_2_0533.jpg,5_15_2_2,57892
5_15_2_2_0534.jpg,5_15_2_2,21596
5_15_2_2_0535.jpg,5_15_2_2,29864
5_15_2_2_0536.jpg,5_15_2_2,25743
5_15_2_2_0537.jpg,5_15_2_2,58809
5_15_2_2_0538.jpg,5_15_2_2,53225
5_15_2_2_0539.jpg,5_15_2_2,47890
5_15_2_2_0540.jpg,5_15_2_2,47891
5_15_2_2_0541.jpg,5_15_2_2,30747
5_15_2_2_0542.jpg,5_15_2_2,24895
5_15_2_2_0543.jpg,5_15_2_2,26180
5_15_2_2_0544.jpg,5_15_2_2,59009
5_15_2_2_0545.jpg,5_15_2_2,58354
5_15_2_2_0546.jpg,5_15_2_2,53219
5_15_2_2_0547.jpg,5_15_2_2,6656
5_15_2_2_0548.jpg,5_15_2_2,54857
5_15_2_2_0549.jpg,5_15_2_2,29655
5_15_2_2_0550.jpg,5_15_2_2,58628
5_15_2_2_0551.jpg,5_15_2_2,30588
5_15_2_2_0552.jpg,5_15_2_2,24972
5_15_2_2_0553.jpg,5_15_2_2,57874
5_15_2_2_0554.jpg,5_15_2_2,57940
5_15_2_2_0555.jpg,5_15_2_2,11758
5_15_2_2_0556.jpg,5_15_2_2,58510
5_15_2_2_0557.jpg,5_15_2_2,57123
5_15_2_2_0558.jpg,5_15_2_2,25747
5_15_2_2_0559.jpg,5_15_2_2,33459
5_15_2_2_0560.jpg,5_15_2_2,58353
5_15_2_2_0561.jpg,5_15_2_2,58491
5_15_2_2_0562.jpg,5_15_2_2,29154
5_15_2_2_0563.jpg,5_15_2_2,11786
5_15_2_2_0564.jpg,5_15_2_2,49774
5_15_2_2_0565.jpg,5_15_2_2,21614
5_15_2_2_0566.jpg,5_15_2_2,29860
5_15_2_2_0567.jpg,5_15_2_2,29932
5_15_2_2_0568.jpg,5_15_2_2,9868
5_15_2_2_0569.jpg,5_15_2_2,58575
5_15_2_2_0570.jpg,5_15_2_2,57124
5_15_2_2_0571.jpg,5_15_2_2,57939
5_15_2_2_0572.jpg,5_15_2_2,24898
5_15_2_2_0573.jpg,5_15_2_2,24970
5_15_2_2_0574.jpg,5_15_2_2,58197
5_15_2_2_0575.jpg,5_15_2_2,58077
5_15_2_2_0576.jpg,5_15_2_2,59142
5_15_2_2_0577.jpg,5_15_2_2,7659
5_15_2_2_0578.jpg,5_15_2_2,7125
5_15_2_2_0579.jpg,5_15_2_2,58264
5_15_2_2_0580.jpg,5_15_2_2,48431
5_15_2_2_0581.jpg,5_15_2_2,30599
5_15_2_2_0582.jpg,5_15_2_2,3220
5_15_2_2_0583.jpg,5_15_2_2,29443
5_15_2_2_0584.jpg,5_15_2_2,47355
5_15_2_2_0585.jpg,5_15_2_2,47870
5_15_2_2_0586.jpg,5_15_2_2,3757
5_15_2_2_0587.jpg,5_15_2_2,58736
5_15_2_2_0588.jpg,5_15_2_2,58408
5_15_2_2_0589.jpg,5_15_2_2,58880
5_15_2_2_0590.jpg,5_15_2_2,18044
5_15_2_2_0591.jpg,5_15_2_2,58327
5_15_2_2_0592.jpg,5_15_2_2,30767
5_15_2_2_0593.jpg,5_15_2_2,58568
5_15_2_2_0594.jpg,5_15_2_2,47408
5_15_2_2_0595.jpg,5_15_2_2,3233
5_15_2_2_0596.jpg,5_15_2_2,47511
5_15_2_2_0597.jpg,5_15_2_2,58162
5_15_2_2_0598.jpg,5_15_2_2,48434
5_15_2_2_0599.jpg,5_15_2_2,27890
5_15_2_2_0600.jpg,5_15_2_2,24816
5_15_2_2_0601.jpg,5_15_2_2,21228
5_15_2_2_0602.jpg,5_15_2_2,58444
5_15_2_2_0603.jpg,5_15_2_2,58493
5_15_2_2_0604.jpg,5_15_2_2,58045
5_15_2_2_0605.jpg,5_15_2_2,56258
5_15_2_2_0606.jpg,5_15_2_2,48193
5_15_2_2_0607.jpg,5_15_2_2,58729
5_15_2_2_0608.jpg,5_15_2_2,47407
5_15_2_2_0609.jpg,5_15_2_2,29450
5_15_2_2_0610.jpg,5_15_2_2,56708
5_15_2_2_0611.jpg,5_15_2_2,48432
5_15_2_2_0612.jpg,5_15_2_2,29942
5_15_2_2_0613.jpg,5_15_2_2,29669
5_15_2_2_0614.jpg,5_15_2_2,48199
5_15_2_2_0615.jpg,5_15_2_2,30737
5_15_2_2_0616.jpg,5_15_2_2,24813
5_15_2_2_0617.jpg,5_15_2_2,11951
5_15_2_2_0618.jpg,5_15_2_2,29442
5_15_2_2_0619.jpg,5_15_2_2,29947
5_15_2_2_0620.jpg,5_15_2_2,48258
5_15_2_2_0621.jpg,5_15_2_2,10031
5_15_2_2_0622.jpg,5_15_2_2,48197
5_15_2_2_0623.jpg,5_15_2_2,58752
5_15_2_2_0624.jpg,5_15_2_2,24902
5_15_2_2_0625.jpg,5_15_2_2,7661
5_15_2_2_0626.jpg,5_15_2_2,48196
5_15_2_2_0627.jpg,5_15_2_2,33447
5_15_2_2_0628.jpg,5_15_2_2,25699
5_15_2_2_0629.jpg,5_15_2_2,27891
5_15_2_2_0630.jpg,5_15_2_2,29506
5_15_2_2_0631.jpg,5_15_2_2,3751
5_15_2_2_0632.jpg,5_15_2_2,33466
5_15_2_2_0633.jpg,5_15_2_2,28916
5_15_2_2_0634.jpg,5_15_2_2,24897
5_15_2_2_0635.jpg,5_15_2_2,58110
5_15_2_2_0636.jpg,5_15_2_2,58733
5_15_2_2_0637.jpg,5_15_2_2,9959
5_15_2_2_0638.jpg,5_15_2_2,25749
5_15_2_2_0639.jpg,5_15_2_2,57999
5_15_2_2_0640.jpg,5_15_2_2,24818
5_15_2_2_0641.jpg,5_15_2_2,17970
5_15_2_2_0642.jpg,5_15_2_2,58465
5_15_2_2_0643.jpg,5_15_2_2,29941
5_15_2_2_0644.jpg,5_15_2_2,3218
5_15_2_2_0645.jpg,5_15_2_2,47400
5_15_2_2_0646.jpg,5_15_2_2,58360
5_15_2_2_0647.jpg,5_15_2_2,29946
5_15_2_2_0648.jpg,5_15_2_2,3749
5_15_2_2_0649.jpg,5_15_2_2,28913
5_15_2_2_0650.jpg,5_15_2_2,30582
5_15_2_2_0651.jpg,5_15_2_2,21594
5_15_2_2_0652.jpg,5_15_2_2,58577
5_15_2_2_0653.jpg,5_15_2_2,48259
5_15_2_2_0654.jpg,5_15_2_2,7393
5_15_2_2_0655.jpg,5_15_2_2,58361
5_15_2_2_0656.jpg,5_15_2_2,58376
5_15_2_2_0657.jpg,5_15_2_2,58074
5_15_2_2_0658.jpg,5_15_2_2,29861
5_15_2_2_0659.jpg,5_15_2_2,57942
5_15_2_2_0660.jpg,5_15_2_2,24503
5_15_2_2_0661.jpg,5_15_2_2,59022
5_15_2_2_0662.jpg,5_15_2_2,58168
5_15_2_2_0663.jpg,5_15_2_2,49732
5_15_2_2_0664.jpg,5_15_2_2,58876
5_15_2_2_0665.jpg,5_15_2_2,48246
5_15_2_2_0666.jpg,5_15_2_2,58032
5_15_2_2_0667.jpg,5_15_2_2,11792
5_15_2_2_0668.jpg,5_15_2_2,58574
5_15_2_2_0669.jpg,5_15_2_2,21612
5_15_2_2_0670.jpg,5_15_2_2,58047
5_15_2_2_0671.jpg,5_15_2_2,56349
5_15_2_2_0672.jpg,5_15_2_2,46785
5_15_2_2_0673.jpg,5_15_2_2,30722
5_15_2_2_0674.jpg,5_15_2_2,33163
5_15_2_2_0675.jpg,5_15_2_2,26178
5_15_2_2_0676.jpg,5_15_2_2,53220
5_15_2_2_0677.jpg,5_15_2_2,49723
5_15_2_2_0678.jpg,5_15_2_2,7126
5_15_2_2_0679.jpg,5_15_2_2,58854
5_15_2_2_0680.jpg,5_15_2_2,24502
5_15_2_2_0681.jpg,5_15_2_2,3217
5_15_2_2_0682.jpg,5_15_2_2,28755
5_15_2_2_0683.jpg,5_15_2_2,47349
5_15_2_2_0684.jpg,5_15_2_2,58148
5_15_2_2_0685.jpg,5_15_2_2,48130
5_15_2_2_0686.jpg,5_15_2_2,59134
5_15_2_2_0687.jpg,5_15_2_2,30731
5_15_2_2_0688.jpg,5_15_2_2,24279
5_15_2_2_0689.jpg,5_15_2_2,21598
5_15_2_2_0690.jpg,5_15_2_2,6658
5_15_2_2_0691.jpg,5_15_2_2,24500
5_15_2_2_0692.jpg,5_15_2_2,55546
5_15_2_2_0693.jpg,5_15_2_2,9953
5_15_2_2_0694.jpg,5_15_2_2,8839
5_15_2_2_0695.jpg,5_15_2_2,59019
5_15_2_2_0696.jpg,5_15_2_2,58379
5_15_2_2_0697.jpg,5_15_2_2,18046
5_15_2_2_0698.jpg,5_15_2_2,29659
5_15_2_2_0699.jpg,5_15_2_2,29656
5_15_2_2_0700.jpg,5_15_2_2,57917
5_15_2_2_0701.jpg,5_15_2_2,57897
5_15_2_2_0702.jpg,5_15_2_2,56262
5_15_2_2_0703.jpg,5_15_2_2,33451
5_15_2_2_0704.jpg,5_15_2_2,21224
5_15_2_2_0705.jpg,5_15_2_2,48414
5_15_2_2_0706.jpg,5_15_2_2,11785
5_15_2_2_0707.jpg,5_15_2_2,57918
5_15_2_2_0708.jpg,5_15_2_2,33454
5_15_2_2_0709.jpg,5_15_2_2,11952
5_15_2_2_0710.jpg,5_15_2_2,49724
5_15_2_2_0711.jpg,5_15_2_2,58258
5_15_2_2_0712.jpg,5_15_2_2,58788
5_15_2_2_0713.jpg,5_15_2_2,12057
5_15_2_2_0714.jpg,5_15_2_2,47453
5_15_2_2_0715.jpg,5_15_2_2,29869
5_15_2_2_0716.jpg,5_15_2_2,59137
5_15_2_2_0717.jpg,5_15_2_2,18047
5_15_2_2_0718.jpg,5_15_2_2,30715
5_15_2_2_0719.jpg,5_15_2_2,58878
5_15_2_2_0720.jpg,5_15_2_2,25753
5_15_2_2_0721.jpg,5_15_2_2,33468
5_15_2_2_0722.jpg,5_15_2_2,58801
5_15_2_2_0723.jpg,5_15_2_2,58334
5_15_2_2_0724.jpg,5_15_2_2,3223
5_15_2_2_0725.jpg,5_15_2_2,11789
5_15_2_2_0726.jpg,5_15_2_2,56707
5_15_2_2_0727.jpg,5_15_2_2,29934
5_15_2_2_0728.jpg,5_15_2_2,58881
5_15_2_2_0729.jpg,5_15_2_2,58627
5_15_2_2_0730.jpg,5_15_2_2,58786
5_15_2_2_0731.jpg,5_15_2_2,25746
5_15_2_2_0732.jpg,5_15_2_2,58132
5_15_2_2_0733.jpg,5_15_2_2,58144
5_15_2_2_0734.jpg,5_15_2_2,11852
5_15_2_2_0735.jpg,5_15_2_2,30740
5_15_2_2_0736.jpg,5_15_2_2,56711
5_15_2_2_0737.jpg,5_15_2_2,57871
5_15_2_2_0738.jpg,5_15_2_2,29152
5_15_2_2_0739.jpg,5_15_2_2,58740
5_15_2_2_0740.jpg,5_15_2_2,29454
5_15_2_2_0741.jpg,5_15_2_2,24984
5_15_2_2_0742.jpg,5_15_2_2,28910
5_15_2_2_0743.jpg,5_15_2_2,59010
5_15_2_2_0744.jpg,5_15_2_2,57998
5_15_2_2_0745.jpg,5_15_2_2,18050
5_15_2_2_0746.jpg,5_15_2_2,29660
5_15_2_2_0747.jpg,5_15_2_2,24985
5_15_2_2_0748.jpg,5_15_2_2,30720
5_15_2_2_0749.jpg,5_15_2_2,26707
5_15_2_2_0750.jpg,5_15_2_2,28917
5_15_2_2_0751.jpg,5_15_2_2,29939
5_15_2_2_0752.jpg,5_15_2_2,18052
5_15_2_2_0753.jpg,5_15_2_2,59105
5_15_2_2_0754.jpg,5_15_2_2,26703
5_15_2_2_0755.jpg,5_15_2_2,3752
5_15_2_2_0756.jpg,5_15_2_2,54863
5_15_2_2_0757.jpg,5_15_2_2,9866
5_15_2_2_0758.jpg,5_15_2_2,48188
5_15_2_2_0759.jpg,5_15_2_2,56715
5_15_2_2_0760.jpg,5_15_2_2,57991
5_15_2_2_0761.jpg,5_15_2_2,26175
5_15_2_2_0762.jpg,5_15_2_2,48426
5_15_2_2_0763.jpg,5_15_2_2,58253
5_15_2_2_0764.jpg,5_15_2_2,21219
5_15_2_2_0765.jpg,5_15_2_2,58464
5_15_2_2_0766.jpg,5_15_2_2,57896
5_15_2_2_0767.jpg,5_15_2_2,58789
5_15_2_2_0768.jpg,5_15_2_2,33450
5_15_2_2_0769.jpg,5_15_2_2,56342
5_15_2_2_0770.jpg,5_15_2_2,35515
5_15_2_2_0771.jpg,5_15_2_2,58129
5_15_2_2_0772.jpg,5_15_2_2,54864
5_15_2_2_0773.jpg,5_15_2_2,55545
5_15_2_2_0774.jpg,5_15_2_2,35513
5_15_2_2_0775.jpg,5_15_2_2,35498
5_15_2_2_0776.jpg,5_15_2_2,47871
5_15_2_2_0777.jpg,5_15_2_2,58136
5_15_2_2_0778.jpg,5_15_2_2,58622
5_15_2_2_0779.jpg,5_15_2_2,8733
5_15_2_2_0780.jpg,5_15_2_2,58468
5_15_2_2_0781.jpg,5_15_2_2,33471
5_15_2_2_0782.jpg,5_15_2_2,58699
5_15_2_2_0783.jpg,5_15_2_2,11953
5_15_2_2_0784.jpg,5_15_2_2,29650
5_15_2_2_0785.jpg,5_15_2_2,29511
5_15_2_2_0786.jpg,5_15_2_2,47351
5_15_2_2_0787.jpg,5_15_2_2,18039
5_15_2_2_0788.jpg,5_15_2_2,48415
5_15_2_2_0789.jpg,5_15_2_2,30724
5_15_2_2_0790.jpg,5_15_2_2,56709
5_15_2_2_0791.jpg,5_15_2_2,58039
5_15_2_2_0792.jpg,5_15_2_2,30766
5_15_2_2_0793.jpg,5_15_2_2,47507
5_15_2_2_0794.jpg,5_15_2_2,58418
5_15_2_2_0795.jpg,5_15_2_2,49773
5_15_2_2_0796.jpg,5_15_2_2,56135
5_15_2_2_0797.jpg,5_15_2_2,55548
5_15_2_2_0798.jpg,5_15_2_2,58492
5_15_2_2_0799.jpg,5_15_2_2,29852
5_15_2_2_0800.jpg,5_15_2_2,17967
5_15_2_2_0801.jpg,5_15_2_2,47456
5_15_2_2_0802.jpg,5_15_2_2,58513
5_15_2_2_0803.jpg,5_15_2_2,46784
5_15_2_2_0804.jpg,5_15_2_2,58958
5_15_2_2_0805.jpg,5_15_2_2,26705
5_15_2_2_0806.jpg,5_15_2_2,58145
5_15_2_2_0807.jpg,5_15_2_2,47869
5_15_2_2_0808.jpg,5_15_2_2,30732
5_15_2_2_0809.jpg,5_15_2_2,47348
5_15_2_2_0810.jpg,5_15_2_2,29668
5_15_2_2_0811.jpg,5_15_2_2,29441
5_15_2_2_0812.jpg,5_15_2_2,24978
5_15_2_2_0813.jpg,5_15_2_2,58333
5_15_2_2_0814.jpg,5_15_2_2,29667
5_15_2_2_0815.jpg,5_15_2_2,47504
5_15_2_2_0816.jpg,5_15_2_2,58202
5_15_2_2_0817.jpg,5_15_2_2,33461
5_15_2_2_0818.jpg,5_15_2_2,47517
5_15_2_2_0819.jpg,5_15_2_2,27886
5_15_2_2_0820.jpg,5_15_2_2,7295
5_15_2_2_0821.jpg,5_15_2_2,54855
5_15_2_2_0822.jpg,5_15_2_2,10028
5_15_2_2_0823.jpg,5_15_2_2,11787
5_15_2_2_0824.jpg,5_15_2_2,12060
5_15_2_2_0825.jpg,5_15_2_2,29874
5_15_2_2_0826.jpg,5_15_2_2,56007
5_15_2_2_0827.jpg,5_15_2_2,3753
5_15_2_2_0828.jpg,5_15_2_2,29453
5_15_2_2_0829.jpg,5_15_2_2,47406
5_15_2_2_0830.jpg,5_15_2_2,29448
5_15_2_2_0831.jpg,5_15_2_2,7331
5_15_2_2_0832.jpg,5_15_2_2,57922
5_15_2_2_0833.jpg,5_15_2_2,24272
5_15_2_2_0834.jpg,5_15_2_2,26177
5_15_2_2_0835.jpg,5_15_2_2,8735
5_15_2_2_0836.jpg,5_15_2_2,7669
5_15_2_2_0837.jpg,5_15_2_2,30738
5_15_2_2_0838.jpg,5_15_2_2,632
5_15_2_2_0839.jpg,5_15_2_2,7397
5_15_2_2_0840.jpg,5_15_2_2,58750
5_15_2_2_0841.jpg,5_15_2_2,29439
5_15_2_2_0842.jpg,5_15_2_2,10029
5_15_2_2_0843.jpg,5_15_2_2,30763
5_15_2_2_0844.jpg,5_15_2_2,58374
5_15_2_2_0845.jpg,5_15_2_2,6652
5_15_2_2_0846.jpg,5_15_2_2,29157
5_15_2_2_0847.jpg,5_15_2_2,56842
5_15_2_2_0848.jpg,5_15_2_2,21226
5_15_2_2_0849.jpg,5_15_2_2,49726
5_15_2_2_0850.jpg,5_15_2_2,56345
5_15_2_2_0851.jpg,5_15_2_2,48200
5_15_2_2_0852.jpg,5_15_2_2,7292
5_15_2_2_0853.jpg,5_15_2_2,30721
5_15_2_2_0854.jpg,5_15_2_2,24819
5_15_2_2_0855.jpg,5_15_2_2,48262
5_15_2_2_0856.jpg,5_15_2_2,21222
5_15_2_2_0857.jpg,5_15_2_2,58753
5_15_2_2_0858.jpg,5_15_2_2,57900
5_15_2_2_0859.jpg,5_15_2_2,56009
5_15_2_2_0860.jpg,5_15_2_2,58852
5_15_2_2_0861.jpg,5_15_2_2,30100
5_15_2_2_0862.jpg,5_15_2_2,29651
5_15_2_2_0863.jpg,5_15_2_2,48260
5_15_2_2_0864.jpg,5_15_2_2,12058
5_15_2_2_0865.jpg,5_15_2_2,58748
5_15_2_2_0866.jpg,5_15_2_2,58371
5_15_2_2_0867.jpg,5_15_2_2,58324
5_15_2_2_0868.jpg,5_15_2_2,25750
5_15_2_2_0869.jpg,5_15_2_2,47508
5_15_2_2_0870.jpg,5_15_2_2,58319
5_15_2_2_0871.jpg,5_15_2_2,56136
5_15_2_2_0872.jpg,5_15_2_2,58496
5_15_2_2_0873.jpg,5_15_2_2,58812
5_15_2_2_0874.jpg,5_15_2_2,28915
5_15_2_2_0875.jpg,5_15_2_2,29671
5_15_2_2_0876.jpg,5_15_2_2,49733
5_15_2_2_0877.jpg,5_15_2_2,30768
5_15_2_2_0878.jpg,5_15_2_2,29940
5_15_2_2_0879.jpg,5_15_2_2,24263
5_15_2_2_0880.jpg,5_15_2_2,58734
5_15_2_2_0881.jpg,5_15_2_2,7670
5_15_2_2_0882.jpg,5_15_2_2,25698
5_15_2_2_0883.jpg,5_15_2_2,29868
5_15_2_2_0884.jpg,5_15_2_2,30726
5_15_2_2_0885.jpg,5_15_2_2,7333
5_15_2_2_0886.jpg,5_15_2_2,628
5_15_2_2_0887.jpg,5_15_2_2,25700
5_15_2_2_0888.jpg,5_15_2_2,48411
5_15_2_2_0889.jpg,5_15_2_2,57905
5_15_2_2_0890.jpg,5_15_2_2,48410
5_15_2_2_0891.jpg,5_15_2_2,57898
5_15_2_2_0892.jpg,5_15_2_2,11948
5_15_2_2_0893.jpg,5_15_2_2,21595
5_15_2_2_0894.jpg,5_15_2_2,7664
5_15_2_2_0895.jpg,5_15_2_2,56259
5_15_2_2_0896.jpg,5_15_2_2,26184
5_15_2_2_0897.jpg,5_15_2_2,58843
5_15_2_2_0898.jpg,5_15_2_2,6650
5_15_2_2_0899.jpg,5_15_2_2,29514
5_15_2_2_0900.jpg,5_15_2_2,11809
5_15_2_2_0901.jpg,5_15_2_2,58508
5_15_2_2_0902.jpg,5_15_2_2,28919
5_15_2_2_0903.jpg,5_15_2_2,58254
5_15_2_2_0904.jpg,5_15_2_2,24975
5_15_2_2_0905.jpg,5_15_2_2,30729
5_15_2_2_0906.jpg,5_15_2_2,29658
5_15_2_2_0907.jpg,5_15_2_2,58111
5_15_2_2_0908.jpg,5_15_2_2,59026
5_15_2_2_0909.jpg,5_15_2_2,28920
5_15_2_2_0910.jpg,5_15_2_2,57970
5_15_2_2_0911.jpg,5_15_2_2,58754
5_15_2_2_0912.jpg,5_15_2_2,11947
5_15_2_2_0913.jpg,5_15_2_2,7668
5_15_2_2_0914.jpg,5_15_2_2,58383
5_15_2_2_0915.jpg,5_15_2_2,47397
5_15_2_2_0916.jpg,5_15_2_2,58081
5_15_2_2_0917.jpg,5_15_2_2,58256
5_15_2_2_0918.jpg,5_15_2_2,30592
5_15_2_2_0919.jpg,5_15_2_2,58808
5_15_2_2_0920.jpg,5_15_2_2,28918
5_15_2_2_0921.jpg,5_15_2_2,57870
5_15_2_2_0922.jpg,5_15_2_2,17964
5_15_2_2_0923.jpg,5_15_2_2,58382
5_15_2_2_0924.jpg,5_15_2_2,7396
5_15_2_2_0925.jpg,5_15_2_2,29444
5_15_2_2_0926.jpg,5_15_2_2,11788
5_15_2_2_0927.jpg,5_15_2_2,47452
5_15_2_2_0928.jpg,5_15_2_2,58566
5_15_2_2_0929.jpg,5_15_2_2,25701
5_15_2_2_0930.jpg,5_15_2_2,58506
5_15_2_2_0931.jpg,5_15_2_2,58259
5_15_2_2_0932.jpg,5_15_2_2,27889
5_15_2_2_0933.jpg,5_15_2_2,47889
5_15_2_2_0934.jpg,5_15_2_2,29935
5_15_2_2_0935.jpg,5_15_2_2,30728
5_15_2_2_0936.jpg,5_15_2_2,24900
5_15_2_2_0937.jpg,5_15_2_2,54856
5_15_2_2_0938.jpg,5_15_2_2,58262
5_15_2_2_0939.jpg,5_15_2_2,8840
5_15_2_2_0940.jpg,5_15_2_2,57975
5_15_2_2_0941.jpg,5_15_2_2,3215
5_15_2_2_0942.jpg,5_15_2_2,3221
5_15_2_2_0943.jpg,5_15_2_2,24264
5_15_2_2_0944.jpg,5_15_2_2,21600
5_15_2_2_0945.jpg,5_15_2_2,11756
5_15_2_2_0946.jpg,5_15_2_2,58678
5_15_2_2_0947.jpg,5_15_2_2,57980
5_15_2_2_0948.jpg,5_15_2_2,58879
5_15_2_2_0949.jpg,5_15_2_2,59025
5_15_2_2_0950.jpg,5_15_2_2,29155
5_15_2_2_0951.jpg,5_15_2_2,19387
5_15_2_2_0952.jpg,5_15_2_2,47347
5_15_2_2_0953.jpg,5_15_2_2,631
5_15_2_2_0954.jpg,5_15_2_2,48249
5_15_2_2_0955.jpg,5_15_2_2,57122
5_15_2_2_0956.jpg,5_15_2_2,58443
5_15_2_2_0957.jpg,5_15_2_2,24980
5_15_2_2_0958.jpg,5_15_2_2,58738
5_15_2_2_0959.jpg,5_15_2_2,18041
5_15_2_2_0960.jpg,5_15_2_2,56146
5_15_2_2_0961.jpg,5_15_2_2,58673
5_15_2_2_0962.jpg,5_15_2_2,47369
5_15_2_2_0963.jpg,5_15_2_2,58749
5_15_2_2_0964.jpg,5_15_2_2,47398
5_15_2_2_0965.jpg,5_15_2_2,29872
5_15_2_2_0966.jpg,5_15_2_2,58702
5_15_2_2_0967.jpg,5_15_2_2,47880
5_15_2_2_0968.jpg,5_15_2_2,35503
5_15_2_2_0969.jpg,5_15_2_2,27887
5_15_2_2_0970.jpg,5_15_2_2,56140
5_15_2_2_0971.jpg,5_15_2_2,48428
5_15_2_2_0972.jpg,5_15_2_2,29863
5_15_2_2_0973.jpg,5_15_2_2,9958
5_15_2_2_0974.jpg,5_15_2_2,29153
5_15_2_2_0975.jpg,5_15_2_2,35517
5_15_2_2_0976.jpg,5_15_2_2,58807
5_15_2_2_0977.jpg,5_15_2_2,3236
5_15_2_2_0978.jpg,5_15_2_2,7296
5_15_2_2_0979.jpg,5_15_2_2,30733
5_15_2_2_0980.jpg,5_15_2_2,30098
5_15_2_2_0981.jpg,5_15_2_2,3230
5_15_2_2_0982.jpg,5_15_2_2,58469
5_15_2_2_0983.jpg,5_15_2_2,56841
5_15_2_2_0984.jpg,5_15_2_2,33464
5_15_2_2_0985.jpg,5_15_2_2,30591
5_15_2_2_0986.jpg,5_15_2_2,18060
5_15_2_2_0987.jpg,5_15_2_2,48435
5_15_2_2_0988.jpg,5_15_2_2,18040
5_15_2_2_0989.jpg,5_15_2_2,57950
5_15_2_2_0990.jpg,5_15_2_2,59114
5_15_2_2_0991.jpg,5_15_2_2,58416
5_15_2_2_0992.jpg,5_15_2_2,48192
5_15_2_2_0993.jpg,5_15_2_2,58325
5_15_2_2_0994.jpg,5_15_2_2,28923
5_15_2_2_0995.jpg,5_15_2_2,29663
5_15_2_2_0996.jpg,5_15_2_2,47887
5_15_2_2_0997.jpg,5_15_2_2,35500
5_15_2_2_0998.jpg,5_15_2_2,10026
5_15_2_2_0999.jpg,5_15_2_2,29853
1_17_0000.jpg,1_17,15959
1_17_0001.jpg,1_17,29293
1_17_0002.jpg,1_17,2938
1_17_0003.jpg,1_17,37786
1_17_0004.jpg,1_17,16636
1_17_0005.jpg,1_17,29299
1_17_0006.jpg,1_17,25518
1_17_0007.jpg,1_17,2896
1_17_0008.jpg,1_17,1045
1_17_0009.jpg,1_17,27594
1_17_0010.jpg,1_17,20683
1_17_0011.jpg,1_17,32422
1_17_0012.jpg,1_17,27120
1_17_0013.jpg,1_17,26202
1_17_0014.jpg,1_17,28009
1_17_0015.jpg,1_17,41148
1_17_0016.jpg,1_17,23119
1_17_0017.jpg,1_17,43511
1_17_0018.jpg,1_17,25170
1_17_0019.jpg,1_17,43754
1_17_0020.jpg,1_17,28254
1_17_0021.jpg,1_17,20630
1_17_0022.jpg,1_17,26606
1_17_0023.jpg,1_17,15992
1_17_0024.jpg,1_17,27043
1_17_0025.jpg,1_17,700
1_17_0026.jpg,1_17,37788
1_17_0027.jpg,1_17,15023
1_17_0028.jpg,1_17,43697
1_17_0029.jpg,1_17,26974
1_17_0030.jpg,1_17,24419
1_17_0031.jpg,1_17,4754
1_17_0032.jpg,1_17,35110
1_17_0033.jpg,1_17,27971
1_17_0034.jpg,1_17,32685
1_17_0035.jpg,1_17,27341
1_17_0036.jpg,1_17,31917
1_17_0037.jpg,1_17,43510
1_17_0038.jpg,1_17,24592
1_17_0039.jpg,1_17,28793
1_17_0040.jpg,1_17,27261
1_17_0041.jpg,1_17,28421
1_17_0042.jpg,1_17,43512
1_17_0043.jpg,1_17,43696
1_17_0044.jpg,1_17,33074
1_17_0045.jpg,1_17,29294
1_17_0046.jpg,1_17,26203
1_17_0047.jpg,1_17,28791
1_17_0048.jpg,1_17,24420
1_17_0049.jpg,1_17,28044
1_17_0050.jpg,1_17,27497
1_17_0051.jpg,1_17,23109
1_17_0052.jpg,1_17,12287
1_17_0053.jpg,1_17,17006
1_17_0054.jpg,1_17,12521
1_17_0055.jpg,1_17,43505
1_17_0056.jpg,1_17,37802
1_17_0057.jpg,1_17,38457
1_17_0058.jpg,1_17,32425
1_17_0059.jpg,1_17,32689
1_17_0060.jpg,1_17,22980
1_17_0061.jpg,1_17,26976
1_17_0062.jpg,1_17,45510
1_17_0063.jpg,1_17,27134
1_17_0064.jpg,1_17,23552
1_17_0065.jpg,1_17,20189
1_17_0066.jpg,1_17,31472
1_17_0067.jpg,1_17,27040
1_17_0068.jpg,1_17,12524
1_17_0069.jpg,1_17,15991
1_17_0070.jpg,1_17,27262
1_17_0071.jpg,1_17,43407
1_17_0072.jpg,1_17,23545
1_17_0073.jpg,1_17,31470
1_17_0074.jpg,1_17,12522
1_17_0075.jpg,1_17,24089
1_17_0076.jpg,1_17,31916
1_17_0077.jpg,1_17,26607
1_17_0078.jpg,1_17,31971
1_17_0079.jpg,1_17,15017
1_17_0080.jpg,1_17,32802
1_17_0081.jpg,1_17,37881
1_17_0082.jpg,1_17,27555
1_17_0083.jpg,1_17,35114
1_17_0084.jpg,1_17,33624
1_17_0085.jpg,1_17,35329
1_17_0086.jpg,1_17,27560
1_17_0087.jpg,1_17,28978
1_17_0088.jpg,1_17,26882
1_17_0089.jpg,1_17,31707
1_17_0090.jpg,1_17,18406
1_17_0091.jpg,1_17,1125
1_17_0092.jpg,1_17,22983
1_17_0093.jpg,1_17,20677
1_17_0094.jpg,1_17,27839
1_17_0095.jpg,1_17,17002
1_17_0096.jpg,1_17,37889
1_17_0097.jpg,1_17,35157
1_17_0098.jpg,1_17,32853
1_17_0099.jpg,1_17,26878
1_17_0100.jpg,1_17,2204
1_17_0101.jpg,1_17,28250
1_17_0102.jpg,1_17,32800
1_17_0103.jpg,1_17,23549
1_17_0104.jpg,1_17,20404
1_17_0105.jpg,1_17,31636
1_17_0106.jpg,1_17,23544
1_17_0107.jpg,1_17,43258
1_17_0108.jpg,1_17,51039
1_17_0109.jpg,1_17,33628
1_17_0110.jpg,1_17,27122
1_17_0111.jpg,1_17,43691
1_17_0112.jpg,1_17,26608
1_17_0113.jpg,1_17,20403
1_17_0114.jpg,1_17,38716
1_17_0115.jpg,1_17,1328
1_17_0116.jpg,1_17,42466
1_17_0117.jpg,1_17,27557
1_17_0118.jpg,1_17,32198
1_17_0119.jpg,1_17,43750
1_17_0120.jpg,1_17,23923
1_17_0121.jpg,1_17,29300
1_17_0122.jpg,1_17,34709
1_17_0123.jpg,1_17,1234
1_17_0124.jpg,1_17,23237
1_17_0125.jpg,1_17,27135
1_17_0126.jpg,1_17,26879
1_17_0127.jpg,1_17,17008
1_17_0128.jpg,1_17,28331
1_17_0129.jpg,1_17,37796
1_17_0130.jpg,1_17,15978
1_17_0131.jpg,1_17,28014
1_17_0132.jpg,1_17,16922
1_17_0133.jpg,1_17,32850
1_17_0134.jpg,1_17,29213
1_17_0135.jpg,1_17,12518
1_17_0136.jpg,1_17,28992
1_17_0137.jpg,1_17,28989
1_17_0138.jpg,1_17,23604
1_17_0139.jpg,1_17,15018
1_17_0140.jpg,1_17,28982
1_17_0141.jpg,1_17,28040
1_17_0142.jpg,1_17,1054
1_17_0143.jpg,1_17,32167
1_17_0144.jpg,1_17,1077
1_17_0145.jpg,1_17,33501
1_17_0146.jpg,1_17,25517
1_17_0147.jpg,1_17,10177
1_17_0148.jpg,1_17,32851
1_17_0149.jpg,1_17,43507
1_17_0150.jpg,1_17,23917
1_17_0151.jpg,1_17,24416
1_17_0152.jpg,1_17,32795
1_17_0153.jpg,1_17,32691
1_17_0154.jpg,1_17,28102
1_17_0155.jpg,1_17,2206
1_17_0156.jpg,1_17,31464
1_17_0157.jpg,1_17,1253
1_17_0158.jpg,1_17,27917
1_17_0159.jpg,1_17,16994
1_17_0160.jpg,1_17,24594
1_17_0161.jpg,1_17,38717
1_17_0162.jpg,1_17,16634
1_17_0163.jpg,1_17,15968
1_17_0164.jpg,1_17,35112
1_17_0165.jpg,1_17,37883
1_17_0166.jpg,1_17,26207
1_17_0167.jpg,1_17,35324
1_17_0168.jpg,1_17,32161
1_17_0169.jpg,1_17,17599
1_17_0170.jpg,1_17,43254
1_17_0171.jpg,1_17,33500
1_17_0172.jpg,1_17,15973
1_17_0173.jpg,1_17,25169
1_17_0174.jpg,1_17,23608
1_17_0175.jpg,1_17,26884
1_17_0176.jpg,1_17,42464
1_17_0177.jpg,1_17,37890
1_17_0178.jpg,1_17,32203
1_17_0179.jpg,1_17,20190
1_17_0180.jpg,1_17,979
1_17_0181.jpg,1_17,1147
1_17_0182.jpg,1_17,35120
1_17_0183.jpg,1_17,38560
1_17_0184.jpg,1_17,43703
1_17_0185.jpg,1_17,27972
1_17_0186.jpg,1_17,12436
1_17_0187.jpg,1_17,27833
1_17_0188.jpg,1_17,43508
1_17_0189.jpg,1_17,33068
1_17_0190.jpg,1_17,27556
1_17_0191.jpg,1_17,1193
1_17_0192.jpg,1_17,43504
1_17_0193.jpg,1_17,22974
1_17_0194.jpg,1_17,23116
1_17_0195.jpg,1_17,1080
1_17_0196.jpg,1_17,17600
1_17_0197.jpg,1_17,29295
1_17_0198.jpg,1_17,42456
1_17_0199.jpg,1_17,31708
1_17_0200.jpg,1_17,43694
1_17_0201.jpg,1_17,1143
1_17_0202.jpg,1_17,20681
1_17_0203.jpg,1_17,32419
1_17_0204.jpg,1_17,14407
1_17_0205.jpg,1_17,34702
1_17_0206.jpg,1_17,32854
1_17_0207.jpg,1_17,25173
1_17_0208.jpg,1_17,31465
1_17_0209.jpg,1_17,26610
1_17_0210.jpg,1_17,15020
1_17_0211.jpg,1_17,34708
1_17_0212.jpg,1_17,32261
1_17_0213.jpg,1_17,20679
1_17_0214.jpg,1_17,10171
1_17_0215.jpg,1_17,51067
1_17_0216.jpg,1_17,2935
1_17_0217.jpg,1_17,27836
1_17_0218.jpg,1_17,38559
1_17_0219.jpg,1_17,31923
1_17_0220.jpg,1_17,32687
1_17_0221.jpg,1_17,37787
1_17_0222.jpg,1_17,26972
1_17_0223.jpg,1_17,35328
1_17_0224.jpg,1_17,1002
1_17_0225.jpg,1_17,32263
1_17_0226.jpg,1_17,28042
1_17_0227.jpg,1_17,38562
1_17_0228.jpg,1_17,15963
1_17_0229.jpg,1_17,12286
1_17_0230.jpg,1_17,32206
1_17_0231.jpg,1_17,28781
1_17_0232.jpg,1_17,33069
1_17_0233.jpg,1_17,40911
1_17_0234.jpg,1_17,16487
1_17_0235.jpg,1_17,28983
1_17_0236.jpg,1_17,23242
1_17_0237.jpg,1_17,32855
1_17_0238.jpg,1_17,23550
1_17_0239.jpg,1_17,39427
1_17_0240.jpg,1_17,27875
1_17_0241.jpg,1_17,32264
1_17_0242.jpg,1_17,1079
1_17_0243.jpg,1_17,23117
1_17_0244.jpg,1_17,51042
1_17_0245.jpg,1_17,27175
1_17_0246.jpg,1_17,16638
1_17_0247.jpg,1_17,12434
1_17_0248.jpg,1_17,20632
1_17_0249.jpg,1_17,43705
1_17_0250.jpg,1_17,28336
1_17_0251.jpg,1_17,27344
1_17_0252.jpg,1_17,25172
1_17_0253.jpg,1_17,22984
1_17_0254.jpg,1_17,27044
1_17_0255.jpg,1_17,12284
1_17_0256.jpg,1_17,17009
1_17_0257.jpg,1_17,26876
1_17_0258.jpg,1_17,28249
1_17_0259.jpg,1_17,20786
1_17_0260.jpg,1_17,27554
1_17_0261.jpg,1_17,22976
1_17_0262.jpg,1_17,31922
1_17_0263.jpg,1_17,28012
1_17_0264.jpg,1_17,27838
1_17_0265.jpg,1_17,20186
1_17_0266.jpg,1_17,25520
1_17_0267.jpg,1_17,1050
1_17_0268.jpg,1_17,27599
1_17_0269.jpg,1_17,39148
1_17_0270.jpg,1_17,26205
1_17_0271.jpg,1_17,25168
1_17_0272.jpg,1_17,32688
1_17_0273.jpg,1_17,28048
1_17_0274.jpg,1_17,31981
1_17_0275.jpg,1_17,12442
1_17_0276.jpg,1_17,27169
1_17_0277.jpg,1_17,17011
1_17_0278.jpg,1_17,28337
1_17_0279.jpg,1_17,1081
1_17_0280.jpg,1_17,45279
1_17_0281.jpg,1_17,18403
1_17_0282.jpg,1_17,43761
1_17_0283.jpg,1_17,25164
1_17_0284.jpg,1_17,27493
1_17_0285.jpg,1_17,28251
1_17_0286.jpg,1_17,12517
1_17_0287.jpg,1_17,30847
1_17_0288.jpg,1_17,23241
1_17_0289.jpg,1_17,23610
1_17_0290.jpg,1_17,15391
1_17_0291.jpg,1_17,43759
1_17_0292.jpg,1_17,10170
1_17_0293.jpg,1_17,34924
1_17_0294.jpg,1_17,33066
1_17_0295.jpg,1_17,15983
1_17_0296.jpg,1_17,16923
1_17_0297.jpg,1_17,27561
1_17_0298.jpg,1_17,28786
1_17_0299.jpg,1_17,20191
1_17_0300.jpg,1_17,32681
1_17_0301.jpg,1_17,15388
1_17_0302.jpg,1_17,26612
1_17_0303.jpg,1_17,29203
1_17_0304.jpg,1_17,27489
1_17_0305.jpg,1_17,27968
1_17_0306.jpg,1_17,32168
1_17_0307.jpg,1_17,28256
1_17_0308.jpg,1_17,18404
1_17_0309.jpg,1_17,2037
1_17_0310.jpg,1_17,27596
1_17_0311.jpg,1_17,20211
1_17_0312.jpg,1_17,40912
1_17_0313.jpg,1_17,43771
1_17_0314.jpg,1_17,23921
1_17_0315.jpg,1_17,15962
1_17_0316.jpg,1_17,1168
1_17_0317.jpg,1_17,23548
1_17_0318.jpg,1_17,31709
1_17_0319.jpg,1_17,45507
1_17_0320.jpg,1_17,28792
1_17_0321.jpg,1_17,33067
1_17_0322.jpg,1_17,699
1_17_0323.jpg,1_17,39151
1_17_0324.jpg,1_17,31711
1_17_0325.jpg,1_17,16993
1_17_0326.jpg,1_17,42457
1_17_0327.jpg,1_17,43408
1_17_0328.jpg,1_17,28047
1_17_0329.jpg,1_17,27602
1_17_0330.jpg,1_17,23243
1_17_0331.jpg,1_17,30856
1_17_0332.jpg,1_17,18407
1_17_0333.jpg,1_17,32202
1_17_0334.jpg,1_17,27258
1_17_0335.jpg,1_17,31975
1_17_0336.jpg,1_17,33064
1_17_0337.jpg,1_17,27877
1_17_0338.jpg,1_17,28104
1_17_0339.jpg,1_17,10168
1_17_0340.jpg,1_17,12439
1_17_0341.jpg,1_17,33627
1_17_0342.jpg,1_17,31919
1_17_0343.jpg,1_17,43826
1_17_0344.jpg,1_17,25171
1_17_0345.jpg,1_17,15016
1_17_0346.jpg,1_17,37785
1_17_0347.jpg,1_17,37794
1_17_0348.jpg,1_17,27918
1_17_0349.jpg,1_17,14404
1_17_0350.jpg,1_17,38718
1_17_0351.jpg,1_17,16491
1_17_0352.jpg,1_17,27054
1_17_0353.jpg,1_17,43829
1_17_0354.jpg,1_17,1189
1_17_0355.jpg,1_17,27039
1_17_0356.jpg,1_17,27598
1_17_0357.jpg,1_17,15984
1_17_0358.jpg,1_17,29214
1_17_0359.jpg,1_17,27970
1_17_0360.jpg,1_17,27558
1_17_0361.jpg,1_17,15387
1_17_0362.jpg,1_17,28049
1_17_0363.jpg,1_17,26975
1_17_0364.jpg,1_17,39426
1_17_0365.jpg,1_17,975
1_17_0366.jpg,1_17,23110
1_17_0367.jpg,1_17,14132
1_17_0368.jpg,1_17,27050
1_17_0369.jpg,1_17,23108
1_17_0370.jpg,1_17,31637
1_17_0371.jpg,1_17,20680
1_17_0372.jpg,1_17,33625
1_17_0373.jpg,1_17,42455
1_17_0374.jpg,1_17,29198
1_17_0375.jpg,1_17,25167
1_17_0376.jpg,1_17,28252
1_17_0377.jpg,1_17,30854
1_17_0378.jpg,1_17,15977
1_17_0379.jpg,1_17,32417
1_17_0380.jpg,1_17,38719
1_17_0381.jpg,1_17,31639
1_17_0382.jpg,1_17,16920
1_17_0383.jpg,1_17,38712
1_17_0384.jpg,1_17,41147
1_17_0385.jpg,1_17,37886
1_17_0386.jpg,1_17,34710
1_17_0387.jpg,1_17,20210
1_17_0388.jpg,1_17,27345
1_17_0389.jpg,1_17,27260
1_17_0390.jpg,1_17,37885
1_17_0391.jpg,1_17,23606
1_17_0392.jpg,1_17,15025
1_17_0393.jpg,1_17,15976
1_17_0394.jpg,1_17,27969
1_17_0395.jpg,1_17,27490
1_17_0396.jpg,1_17,976
1_17_0397.jpg,1_17,40913
1_17_0398.jpg,1_17,26973
1_17_0399.jpg,1_17,16101
1_17_0400.jpg,1_17,15961
1_17_0401.jpg,1_17,27342
1_17_0402.jpg,1_17,2256
1_17_0403.jpg,1_17,32197
1_17_0404.jpg,1_17,33630
1_17_0405.jpg,1_17,16110
1_17_0406.jpg,1_17,16635
1_17_0407.jpg,1_17,12285
1_17_0408.jpg,1_17,28016
1_17_0409.jpg,1_17,38556
1_17_0410.jpg,1_17,31469
1_17_0411.jpg,1_17,30848
1_17_0412.jpg,1_17,42458
1_17_0413.jpg,1_17,29212
1_17_0414.jpg,1_17,27340
1_17_0415.jpg,1_17,28787
1_17_0416.jpg,1_17,35160
1_17_0417.jpg,1_17,30853
1_17_0418.jpg,1_17,24413
1_17_0419.jpg,1_17,28108
1_17_0420.jpg,1_17,17596
1_17_0421.jpg,1_17,24087
1_17_0422.jpg,1_17,29292
1_17_0423.jpg,1_17,1001
1_17_0424.jpg,1_17,16486
1_17_0425.jpg,1_17,20782
1_17_0426.jpg,1_17,33063
1_17_0427.jpg,1_17,27041
1_17_0428.jpg,1_17,43763
1_17_0429.jpg,1_17,23185
1_17_0430.jpg,1_17,25162
1_17_0431.jpg,1_17,32267
1_17_0432.jpg,1_17,20213
1_17_0433.jpg,1_17,32424
1_17_0434.jpg,1_17,34711
1_17_0435.jpg,1_17,37795
1_17_0436.jpg,1_17,31973
1_17_0437.jpg,1_17,28785
1_17_0438.jpg,1_17,15964
1_17_0439.jpg,1_17,12437
1_17_0440.jpg,1_17,17003
1_17_0441.jpg,1_17,20787
1_17_0442.jpg,1_17,15993
1_17_0443.jpg,1_17,45280
1_17_0444.jpg,1_17,31635
1_17_0445.jpg,1_17,37799
1_17_0446.jpg,1_17,15014
1_17_0447.jpg,1_17,27967
1_17_0448.jpg,1_17,28780
1_17_0449.jpg,1_17,25521
1_17_0450.jpg,1_17,30844
1_17_0451.jpg,1_17,28335
1_17_0452.jpg,1_17,31641
1_17_0453.jpg,1_17,20784
1_17_0454.jpg,1_17,32265
1_17_0455.jpg,1_17,32169
1_17_0456.jpg,1_17,15982
1_17_0457.jpg,1_17,9
1_17_0458.jpg,1_17,37892
1_17_0459.jpg,1_17,28990
1_17_0460.jpg,1_17,12282
1_17_0461.jpg,1_17,15958
1_17_0462.jpg,1_17,15390
1_17_0463.jpg,1_17,31467
1_17_0464.jpg,1_17,27491
1_17_0465.jpg,1_17,7
1_17_0466.jpg,1_17,40909
1_17_0467.jpg,1_17,29202
1_17_0468.jpg,1_17,1316
1_17_0469.jpg,1_17,15384
1_17_0470.jpg,1_17,27874
1_17_0471.jpg,1_17,51040
1_17_0472.jpg,1_17,43706
1_17_0473.jpg,1_17,43693
1_17_0474.jpg,1_17,23553
1_17_0475.jpg,1_17,33623
1_17_0476.jpg,1_17,27603
1_17_0477.jpg,1_17,31644
1_17_0478.jpg,1_17,20148
1_17_0479.jpg,1_17,28248
1_17_0480.jpg,1_17,26204
1_17_0481.jpg,1_17,35113
1_17_0482.jpg,1_17,25523
1_17_0483.jpg,1_17,33497
1_17_0484.jpg,1_17,24418
1_17_0485.jpg,1_17,30851
1_17_0486.jpg,1_17,31566
1_17_0487.jpg,1_17,23247
1_17_0488.jpg,1_17,51038
1_17_0489.jpg,1_17,4755
1_17_0490.jpg,1_17,17000
1_17_0491.jpg,1_17,31974
1_17_0492.jpg,1_17,20785
1_17_0493.jpg,1_17,28783
1_17_0494.jpg,1_17,27053
1_17_0495.jpg,1_17,39428
1_17_0496.jpg,1_17,32421
1_17_0497.jpg,1_17,20192
1_17_0498.jpg,1_17,14136
1_17_0499.jpg,1_17,31643
1_17_0500.jpg,1_17,24090
1_17_0501.jpg,1_17,28987
1_17_0502.jpg,1_17,32797
1_17_0503.jpg,1_17,24599
1_17_0504.jpg,1_17,27264
1_17_0505.jpg,1_17,24088
1_17_0506.jpg,1_17,31716
1_17_0507.jpg,1_17,16998
1_17_0508.jpg,1_17,16113
1_17_0509.jpg,1_17,32852
1_17_0510.jpg,1_17,45509
1_17_0511.jpg,1_17,37798
1_17_0512.jpg,1_17,37888
1_17_0513.jpg,1_17,16489
1_17_0514.jpg,1_17,28107
1_17_0515.jpg,1_17,24593
1_17_0516.jpg,1_17,43824
1_17_0517.jpg,1_17,16488
1_17_0518.jpg,1_17,30852
1_17_0519.jpg,1_17,23240
1_17_0520.jpg,1_17,23603
1_17_0521.jpg,1_17,30843
1_17_0522.jpg,1_17,25163
1_17_0523.jpg,1_17,20212
1_17_0524.jpg,1_17,27834
1_17_0525.jpg,1_17,34915
1_17_0526.jpg,1_17,20682
1_17_0527.jpg,1_17,43409
1_17_0528.jpg,1_17,31713
1_17_0529.jpg,1_17,27495
1_17_0530.jpg,1_17,35165
1_17_0531.jpg,1_17,1232
1_17_0532.jpg,1_17,32200
1_17_0533.jpg,1_17,33502
1_17_0534.jpg,1_17,1331
1_17_0535.jpg,1_17,1127
1_17_0536.jpg,1_17,43760
1_17_0537.jpg,1_17,27171
1_17_0538.jpg,1_17,27593
1_17_0539.jpg,1_17,15987
1_17_0540.jpg,1_17,43757
1_17_0541.jpg,1_17,12438
1_17_0542.jpg,1_17,31717
1_17_0543.jpg,1_17,32690
1_17_0544.jpg,1_17,43255
1_17_0545.jpg,1_17,31569
1_17_0546.jpg,1_17,45276
1_17_0547.jpg,1_17,43825
1_17_0548.jpg,1_17,10169
1_17_0549.jpg,1_17,43698
1_17_0550.jpg,1_17,14134
1_17_0551.jpg,1_17,1330
1_17_0552.jpg,1_17,27125
1_17_0553.jpg,1_17,2205
1_17_0554.jpg,1_17,23244
1_17_0555.jpg,1_17,12288
1_17_0556.jpg,1_17,33071
1_17_0557.jpg,1_17,35119
1_17_0558.jpg,1_17,15386
1_17_0559.jpg,1_17,51043
1_17_0560.jpg,1_17,29304
1_17_0561.jpg,1_17,32164
1_17_0562.jpg,1_17,23554
1_17_0563.jpg,1_17,23186
1_17_0564.jpg,1_17,28010
1_17_0565.jpg,1_17,703
1_17_0566.jpg,1_17,34712
1_17_0567.jpg,1_17,43257
1_17_0568.jpg,1_17,23920
1_17_0569.jpg,1_17,35122
1_17_0570.jpg,1_17,27137
1_17_0571.jpg,1_17,15970
1_17_0572.jpg,1_17,27136
1_17_0573.jpg,1_17,28327
1_17_0574.jpg,1_17,34921
1_17_0575.jpg,1_17,35123
1_17_0576.jpg,1_17,23107
1_17_0577.jpg,1_17,28017
1_17_0578.jpg,1_17,28414
1_17_0579.jpg,1_17,16105
1_17_0580.jpg,1_17,20218
1_17_0581.jpg,1_17,701
1_17_0582.jpg,1_17,31634
1_17_0583.jpg,1_17,32684
1_17_0584.jpg,1_17,16637
1_17_0585.jpg,1_17,16924
1_17_0586.jpg,1_17,27559
1_17_0587.jpg,1_17,37895
1_17_0588.jpg,1_17,23918
1_17_0589.jpg,1_17,31567
1_17_0590.jpg,1_17,1133
1_17_0591.jpg,1_17,43751
1_17_0592.jpg,1_17,26883
1_17_0593.jpg,1_17,51063
1_17_0594.jpg,1_17,28105
1_17_0595.jpg,1_17,34919
1_17_0596.jpg,1_17,24598
1_17_0597.jpg,1_17,15022
1_17_0598.jpg,1_17,1192
1_17_0599.jpg,1_17,10173
1_17_0600.jpg,1_17,35164
1_17_0601.jpg,1_17,1078
1_17_0602.jpg,1_17,15385
1_17_0603.jpg,1_17,23183
1_17_0604.jpg,1_17,12433
1_17_0605.jpg,1_17,24086
1_17_0606.jpg,1_17,32208
1_17_0607.jpg,1_17,31570
1_17_0608.jpg,1_17,27173
1_17_0609.jpg,1_17,31462
1_17_0610.jpg,1_17,37793
1_17_0611.jpg,1_17,26979
1_17_0612.jpg,1_17,43770
1_17_0613.jpg,1_17,8
1_17_0614.jpg,1_17,15967
1_17_0615.jpg,1_17,28420
1_17_0616.jpg,1_17,20788
1_17_0617.jpg,1_17,15989
1_17_0618.jpg,1_17,32260
1_17_0619.jpg,1_17,31714
1_17_0620.jpg,1_17,34923
1_17_0621.jpg,1_17,22975
1_17_0622.jpg,1_17,28008
1_17_0623.jpg,1_17,43831
1_17_0624.jpg,1_17,31571
1_17_0625.jpg,1_17,35159
1_17_0626.jpg,1_17,39145
1_17_0627.jpg,1_17,1233
1_17_0628.jpg,1_17,2036
1_17_0629.jpg,1_17,39143
1_17_0630.jpg,1_17,43766
1_17_0631.jpg,1_17,27176
1_17_0632.jpg,1_17,27047
1_17_0633.jpg,1_17,34705
1_17_0634.jpg,1_17,43503
1_17_0635.jpg,1_17,43752
1_17_0636.jpg,1_17,32162
1_17_0637.jpg,1_17,29205
1_17_0638.jpg,1_17,28980
1_17_0639.jpg,1_17,43753
1_17_0640.jpg,1_17,32848
1_17_0641.jpg,1_17,37801
1_17_0642.jpg,1_17,34914
1_17_0643.jpg,1_17,43513
1_17_0644.jpg,1_17,16109
1_17_0645.jpg,1_17,35156
1_17_0646.jpg,1_17,1191
1_17_0647.jpg,1_17,37884
1_17_0648.jpg,1_17,35116
1_17_0649.jpg,1_17,15965
1_17_0650.jpg,1_17,23924
1_17_0651.jpg,1_17,23547
1_17_0652.jpg,1_17,35327
1_17_0653.jpg,1_17,27133
1_17_0654.jpg,1_17,28330
1_17_0655.jpg,1_17,27914
1_17_0656.jpg,1_17,2209
1_17_0657.jpg,1_17,15966
1_17_0658.jpg,1_17,1105
1_17_0659.jpg,1_17,16112
1_17_0660.jpg,1_17,37894
1_17_0661.jpg,1_17,28332
1_17_0662.jpg,1_17,10176
1_17_0663.jpg,1_17,38715
1_17_0664.jpg,1_17,2895
1_17_0665.jpg,1_17,27046
1_17_0666.jpg,1_17,15969
1_17_0667.jpg,1_17,39424
1_17_0668.jpg,1_17,43749
1_17_0669.jpg,1_17,28011
1_17_0670.jpg,1_17,15026
1_17_0671.jpg,1_17,33499
1_17_0672.jpg,1_17,10175
1_17_0673.jpg,1_17,51069
1_17_0674.jpg,1_17,38564
1_17_0675.jpg,1_17,24091
1_17_0676.jpg,1_17,17007
1_17_0677.jpg,1_17,15021
1_17_0678.jpg,1_17,1245
1_17_0679.jpg,1_17,42460
1_17_0680.jpg,1_17,27840
1_17_0681.jpg,1_17,22982
1_17_0682.jpg,1_17,16104
1_17_0683.jpg,1_17,15988
1_17_0684.jpg,1_17,26875
1_17_0685.jpg,1_17,45512
1_17_0686.jpg,1_17,17012
1_17_0687.jpg,1_17,23246
1_17_0688.jpg,1_17,24085
1_17_0689.jpg,1_17,10172
1_17_0690.jpg,1_17,1052
1_17_0691.jpg,1_17,23106
1_17_0692.jpg,1_17,29291
1_17_0693.jpg,1_17,28423
1_17_0694.jpg,1_17,20678
1_17_0695.jpg,1_17,38714
1_17_0696.jpg,1_17,31976
1_17_0697.jpg,1_17,24414
1_17_0698.jpg,1_17,17004
1_17_0699.jpg,1_17,27913
1_17_0700.jpg,1_17,31638
1_17_0701.jpg,1_17,23925
1_17_0702.jpg,1_17,32683
1_17_0703.jpg,1_17,27876
1_17_0704.jpg,1_17,15985
1_17_0705.jpg,1_17,29297
1_17_0706.jpg,1_17,31565
1_17_0707.jpg,1_17,20783
1_17_0708.jpg,1_17,43830
1_17_0709.jpg,1_17,27042
1_17_0710.jpg,1_17,20215
1_17_0711.jpg,1_17,38723
1_17_0712.jpg,1_17,27049
1_17_0713.jpg,1_17,26971
1_17_0714.jpg,1_17,18405
1_17_0715.jpg,1_17,15019
1_17_0716.jpg,1_17,51061
1_17_0717.jpg,1_17,45275
1_17_0718.jpg,1_17,34706
1_17_0719.jpg,1_17,38710
1_17_0720.jpg,1_17,25165
1_17_0721.jpg,1_17,26981
1_17_0722.jpg,1_17,20145
1_17_0723.jpg,1_17,38721
1_17_0724.jpg,1_17,27138
1_17_0725.jpg,1_17,31712
1_17_0726.jpg,1_17,32856
1_17_0727.jpg,1_17,16108
1_17_0728.jpg,1_17,21635
1_17_0729.jpg,1_17,16111
1_17_0730.jpg,1_17,31642
1_17_0731.jpg,1_17,43704
1_17_0732.jpg,1_17,43701
1_17_0733.jpg,1_17,29211
1_17_0734.jpg,1_17,23245
1_17_0735.jpg,1_17,28043
1_17_0736.jpg,1_17,698
1_17_0737.jpg,1_17,4756
1_17_0738.jpg,1_17,43762
1_17_0739.jpg,1_17,32170
1_17_0740.jpg,1_17,15980
1_17_0741.jpg,1_17,28789
1_17_0742.jpg,1_17,1254
1_17_0743.jpg,1_17,32205
1_17_0744.jpg,1_17,28779
1_17_0745.jpg,1_17,27841
1_17_0746.jpg,1_17,31977
1_17_0747.jpg,1_17,27339
1_17_0748.jpg,1_17,27973
1_17_0749.jpg,1_17,23922
1_17_0750.jpg,1_17,977
1_17_0751.jpg,1_17,39147
1_17_0752.jpg,1_17,17598
1_17_0753.jpg,1_17,31645
1_17_0754.jpg,1_17,43699
1_17_0755.jpg,1_17,43767
1_17_0756.jpg,1_17,30849
1_17_0757.jpg,1_17,18408
1_17_0758.jpg,1_17,31920
1_17_0759.jpg,1_17,34701
1_17_0760.jpg,1_17,43764
1_17_0761.jpg,1_17,37891
1_17_0762.jpg,1_17,20149
1_17_0763.jpg,1_17,51065
1_17_0764.jpg,1_17,30855
1_17_0765.jpg,1_17,34911
1_17_0766.jpg,1_17,14131
1_17_0767.jpg,1_17,32262
1_17_0768.jpg,1_17,39423
1_17_0769.jpg,1_17,26873
1_17_0770.jpg,1_17,32803
1_17_0771.jpg,1_17,32796
1_17_0772.jpg,1_17,29210
1_17_0773.jpg,1_17,51068
1_17_0774.jpg,1_17,26978
1_17_0775.jpg,1_17,27048
1_17_0776.jpg,1_17,32418
1_17_0777.jpg,1_17,27126
1_17_0778.jpg,1_17,20629
1_17_0779.jpg,1_17,27139
1_17_0780.jpg,1_17,23919
1_17_0781.jpg,1_17,2208
1_17_0782.jpg,1_17,34916
1_17_0783.jpg,1_17,31706
1_17_0784.jpg,1_17,28045
1_17_0785.jpg,1_17,26609
1_17_0786.jpg,1_17,51062
1_17_0787.jpg,1_17,24591
1_17_0788.jpg,1_17,37797
1_17_0789.jpg,1_17,31918
1_17_0790.jpg,1_17,43412
1_17_0791.jpg,1_17,32207
1_17_0792.jpg,1_17,28981
1_17_0793.jpg,1_17,27257
1_17_0794.jpg,1_17,25524
1_17_0795.jpg,1_17,38724
1_17_0796.jpg,1_17,32204
1_17_0797.jpg,1_17,26877
1_17_0798.jpg,1_17,26880
1_17_0799.jpg,1_17,12283
1_17_0800.jpg,1_17,43514
1_17_0801.jpg,1_17,28984
1_17_0802.jpg,1_17,17005
1_17_0803.jpg,1_17,27494
1_17_0804.jpg,1_17,14406
1_17_0805.jpg,1_17,34920
1_17_0806.jpg,1_17,23114
1_17_0807.jpg,1_17,28788
1_17_0808.jpg,1_17,20146
1_17_0809.jpg,1_17,32159
1_17_0810.jpg,1_17,15986
1_17_0811.jpg,1_17,28255
1_17_0812.jpg,1_17,39425
1_17_0813.jpg,1_17,27121
1_17_0814.jpg,1_17,24417
1_17_0815.jpg,1_17,12289
1_17_0816.jpg,1_17,45508
1_17_0817.jpg,1_17,1317
1_17_0818.jpg,1_17,31715
1_17_0819.jpg,1_17,51066
1_17_0820.jpg,1_17,37790
1_17_0821.jpg,1_17,25526
1_17_0822.jpg,1_17,51041
1_17_0823.jpg,1_17,43690
1_17_0824.jpg,1_17,43688
1_17_0825.jpg,1_17,29305
1_17_0826.jpg,1_17,32166
1_17_0827.jpg,1_17,27600
1_17_0828.jpg,1_17,42462
1_17_0829.jpg,1_17,32259
1_17_0830.jpg,1_17,1132
1_17_0831.jpg,1_17,24415
1_17_0832.jpg,1_17,43256
1_17_0833.jpg,1_17,35325
1_17_0834.jpg,1_17,20634
1_17_0835.jpg,1_17,28052
1_17_0836.jpg,1_17,22977
1_17_0837.jpg,1_17,32799
1_17_0838.jpg,1_17,27919
1_17_0839.jpg,1_17,31980
1_17_0840.jpg,1_17,23113
1_17_0841.jpg,1_17,31972
1_17_0842.jpg,1_17,32849
1_17_0843.jpg,1_17,12440
1_17_0844.jpg,1_17,15960
1_17_0845.jpg,1_17,20187
1_17_0846.jpg,1_17,30846
1_17_0847.jpg,1_17,29209
1_17_0848.jpg,1_17,20633
1_17_0849.jpg,1_17,24596
1_17_0850.jpg,1_17,28334
1_17_0851.jpg,1_17,16107
1_17_0852.jpg,1_17,28784
1_17_0853.jpg,1_17,45274
1_17_0854.jpg,1_17,1329
1_17_0855.jpg,1_17,39144
1_17_0856.jpg,1_17,27601
1_17_0857.jpg,1_17,16485
1_17_0858.jpg,1_17,43769
1_17_0859.jpg,1_17,32847
1_17_0860.jpg,1_17,38458
1_17_0861.jpg,1_17,26611
1_17_0862.jpg,1_17,14410
1_17_0863.jpg,1_17,32171
1_17_0864.jpg,1_17,33090
1_17_0865.jpg,1_17,43758
1_17_0866.jpg,1_17,30850
1_17_0867.jpg,1_17,28416
1_17_0868.jpg,1_17,1053
1_17_0869.jpg,1_17,28413
1_17_0870.jpg,1_17,31921
1_17_0871.jpg,1_17,1144
1_17_0872.jpg,1_17,14408
1_17_0873.jpg,1_17,1246
1_17_0874.jpg,1_17,23239
1_17_0875.jpg,1_17,20151
1_17_0876.jpg,1_17,2937
1_17_0877.jpg,1_17,32682
1_17_0878.jpg,1_17,43410
1_17_0879.jpg,1_17,43828
1_17_0880.jpg,1_17,43687
1_17_0881.jpg,1_17,15975
1_17_0882.jpg,1_17,20216
1_17_0883.jpg,1_17,39142
1_17_0884.jpg,1_17,1188
1_17_0885.jpg,1_17,17010
1_17_0886.jpg,1_17,28415
1_17_0887.jpg,1_17,27045
1_17_0888.jpg,1_17,38722
1_17_0889.jpg,1_17,31978
1_17_0890.jpg,1_17,28106
1_17_0891.jpg,1_17,33065
1_17_0892.jpg,1_17,43768
1_17_0893.jpg,1_17,16921
1_17_0894.jpg,1_17,28979
1_17_0895.jpg,1_17,28015
1_17_0896.jpg,1_17,28050
1_17_0897.jpg,1_17,32199
1_17_0898.jpg,1_17,29301
1_17_0899.jpg,1_17,38558
1_17_0900.jpg,1_17,33073
1_17_0901.jpg,1_17,28099
1_17_0902.jpg,1_17,12435
1_17_0903.jpg,1_17,10
1_17_0904.jpg,1_17,25516
1_17_0905.jpg,1_17,24597
1_17_0906.jpg,1_17,17601
1_17_0907.jpg,1_17,43827
1_17_0908.jpg,1_17,23115
1_17_0909.jpg,1_17,25519
1_17_0910.jpg,1_17,43509
1_17_0911.jpg,1_17,24600
1_17_0912.jpg,1_17,35158
1_17_0913.jpg,1_17,17597
1_17_0914.jpg,1_17,23551
1_17_0915.jpg,1_17,28007
1_17_0916.jpg,1_17,37792
1_17_0917.jpg,1_17,27496
1_17_0918.jpg,1_17,20188
1_17_0919.jpg,1_17,27873
1_17_0920.jpg,1_17,26200
1_17_0921.jpg,1_17,45511
1_17_0922.jpg,1_17,28013
1_17_0923.jpg,1_17,14133
1_17_0924.jpg,1_17,28103
1_17_0925.jpg,1_17,37789
1_17_0926.jpg,1_17,27597
1_17_0927.jpg,1_17,1124
1_17_0928.jpg,1_17,32423
1_17_0929.jpg,1_17,15957
1_17_0930.jpg,1_17,27170
1_17_0931.jpg,1_17,28986
1_17_0932.jpg,1_17,33629
1_17_0933.jpg,1_17,28101
1_17_0934.jpg,1_17,27124
1_17_0935.jpg,1_17,27492
1_17_0936.jpg,1_17,15956
1_17_0937.jpg,1_17,37887
1_17_0938.jpg,1_17,31640
1_17_0939.jpg,1_17,31572
1_17_0940.jpg,1_17,31979
1_17_0941.jpg,1_17,43756
1_17_0942.jpg,1_17,37784
1_17_0943.jpg,1_17,34912
1_17_0944.jpg,1_17,34714
1_17_0945.jpg,1_17,31466
1_17_0946.jpg,1_17,32160
1_17_0947.jpg,1_17,27172
1_17_0948.jpg,1_17,16102
1_17_0949.jpg,1_17,42459
1_17_0950.jpg,1_17,12519
1_17_0951.jpg,1_17,2936
1_17_0952.jpg,1_17,23184
1_17_0953.jpg,1_17,38555
1_17_0954.jpg,1_17,51064
1_17_0955.jpg,1_17,29207
1_17_0956.jpg,1_17,35161
1_17_0957.jpg,1_17,43506
1_17_0958.jpg,1_17,34913
1_17_0959.jpg,1_17,31471
1_17_0960.jpg,1_17,20402
1_17_0961.jpg,1_17,15971
1_17_0962.jpg,1_17,2257
1_17_0963.jpg,1_17,20150
1_17_0964.jpg,1_17,27915
1_17_0965.jpg,1_17,22981
1_17_0966.jpg,1_17,31468
1_17_0967.jpg,1_17,43695
1_17_0968.jpg,1_17,26201
1_17_0969.jpg,1_17,27835
1_17_0970.jpg,1_17,26980
1_17_0971.jpg,1_17,28418
1_17_0972.jpg,1_17,34703
1_17_0973.jpg,1_17,24421
1_17_0974.jpg,1_17,37800
1_17_0975.jpg,1_17,22979
1_17_0976.jpg,1_17,32420
1_17_0977.jpg,1_17,35121
1_17_0978.jpg,1_17,29298
1_17_0979.jpg,1_17,32686
1_17_0980.jpg,1_17,28051
1_17_0981.jpg,1_17,16490
1_17_0982.jpg,1_17,27837
1_17_0983.jpg,1_17,15974
1_17_0984.jpg,1_17,978
1_17_0985.jpg,1_17,24084
1_17_0986.jpg,1_17,32804
1_17_0987.jpg,1_17,35323
1_17_0988.jpg,1_17,33072
1_17_0989.jpg,1_17,28326
1_17_0990.jpg,1_17,39149
1_17_0991.jpg,1_17,28782
1_17_0992.jpg,1_17,12441
1_17_0993.jpg,1_17,35111
1_17_0994.jpg,1_17,29208
1_17_0995.jpg,1_17,20676
1_17_0996.jpg,1_17,34707
1_17_0997.jpg,1_17,31705
1_17_0998.jpg,1_17,20147
1_17_0999.jpg,1_17,15389
