filename,class_name,image_id,split
5_19_1_0001.jpg,5_19_1,10737,train
5_19_1_0002.jpg,5_19_1,1970,train
5_19_1_0004.jpg,5_19_1,21649,train
5_19_1_0005.jpg,5_19_1,20158,train
5_19_1_0006.jpg,5_19_1,18740,train
5_19_1_0007.jpg,5_19_1,12269,train
5_19_1_0009.jpg,5_19_1,10490,train
5_19_1_0011.jpg,5_19_1,50308,train
5_19_1_0012.jpg,5_19_1,33269,train
5_19_1_0013.jpg,5_19_1,9933,train
5_19_1_0016.jpg,5_19_1,2242,train
5_19_1_0018.jpg,5_19_1,10258,train
5_19_1_0020.jpg,5_19_1,19519,train
5_19_1_0021.jpg,5_19_1,31559,train
5_19_1_0022.jpg,5_19_1,37365,train
5_19_1_0023.jpg,5_19_1,2014,train
5_19_1_0024.jpg,5_19_1,33900,train
5_19_1_0025.jpg,5_19_1,17530,train
5_19_1_0026.jpg,5_19_1,46625,train
5_19_1_0027.jpg,5_19_1,39157,train
5_19_1_0028.jpg,5_19_1,45181,train
5_19_1_0030.jpg,5_19_1,28446,train
5_19_1_0032.jpg,5_19_1,29623,train
5_19_1_0034.jpg,5_19_1,21846,train
5_19_1_0038.jpg,5_19_1,55084,train
5_19_1_0040.jpg,5_19_1,44554,train
5_19_1_0042.jpg,5_19_1,24909,train
5_19_1_0044.jpg,5_19_1,14105,train
5_19_1_0048.jpg,5_19_1,10485,train
5_19_1_0049.jpg,5_19_1,10230,train
5_19_1_0051.jpg,5_19_1,10358,train
5_19_1_0052.jpg,5_19_1,25681,train
5_19_1_0053.jpg,5_19_1,25113,train
5_19_1_0054.jpg,5_19_1,37423,train
5_19_1_0055.jpg,5_19_1,21139,train
5_19_1_0056.jpg,5_19_1,55318,train
5_19_1_0057.jpg,5_19_1,3869,train
5_19_1_0058.jpg,5_19_1,48515,train
5_19_1_0060.jpg,5_19_1,32897,train
5_19_1_0062.jpg,5_19_1,26500,train
5_19_1_0064.jpg,5_19_1,33521,train
5_19_1_0065.jpg,5_19_1,23073,train
5_19_1_0066.jpg,5_19_1,58765,train
5_19_1_0067.jpg,5_19_1,38422,train
5_19_1_0069.jpg,5_19_1,25768,train
5_19_1_0071.jpg,5_19_1,17021,train
5_19_1_0072.jpg,5_19_1,45395,train
5_19_1_0074.jpg,5_19_1,4680,train
5_19_1_0075.jpg,5_19_1,39608,train
5_19_1_0076.jpg,5_19_1,19161,train
5_19_1_0077.jpg,5_19_1,53024,train
5_19_1_0078.jpg,5_19_1,22793,train
5_19_1_0081.jpg,5_19_1,10463,train
5_19_1_0082.jpg,5_19_1,26540,train
5_19_1_0084.jpg,5_19_1,29744,train
5_19_1_0086.jpg,5_19_1,25875,train
5_19_1_0087.jpg,5_19_1,14555,train
5_19_1_0089.jpg,5_19_1,25594,train
5_19_1_0090.jpg,5_19_1,18171,train
5_19_1_0091.jpg,5_19_1,41792,train
5_19_1_0093.jpg,5_19_1,45306,train
5_19_1_0094.jpg,5_19_1,43393,train
5_19_1_0097.jpg,5_19_1,37644,train
5_19_1_0098.jpg,5_19_1,38616,train
5_19_1_0100.jpg,5_19_1,32802,train
5_19_1_0104.jpg,5_19_1,30073,train
5_19_1_0105.jpg,5_19_1,26529,train
5_19_1_0109.jpg,5_19_1,33698,train
5_19_1_0110.jpg,5_19_1,18582,train
5_19_1_0112.jpg,5_19_1,24439,train
5_19_1_0115.jpg,5_19_1,6977,train
5_19_1_0116.jpg,5_19_1,19212,train
5_19_1_0117.jpg,5_19_1,57404,train
5_19_1_0118.jpg,5_19_1,2254,train
5_19_1_0120.jpg,5_19_1,24188,train
5_19_1_0121.jpg,5_19_1,27565,train
5_19_1_0122.jpg,5_19_1,21277,train
5_19_1_0124.jpg,5_19_1,18238,train
5_19_1_0125.jpg,5_19_1,34026,train
5_19_1_0126.jpg,5_19_1,46930,train
5_19_1_0128.jpg,5_19_1,18311,train
5_19_1_0129.jpg,5_19_1,39307,train
5_19_1_0130.jpg,5_19_1,31341,train
5_19_1_0132.jpg,5_19_1,38898,train
5_19_1_0133.jpg,5_19_1,29900,train
5_19_1_0136.jpg,5_19_1,12270,train
5_19_1_0137.jpg,5_19_1,20252,train
5_19_1_0138.jpg,5_19_1,50636,train
5_19_1_0139.jpg,5_19_1,33902,train
5_19_1_0140.jpg,5_19_1,33031,train
5_19_1_0141.jpg,5_19_1,21101,train
5_19_1_0142.jpg,5_19_1,50822,train
5_19_1_0143.jpg,5_19_1,34904,train
5_19_1_0145.jpg,5_19_1,34800,train
5_19_1_0146.jpg,5_19_1,27418,train
5_19_1_0147.jpg,5_19_1,25773,train
5_19_1_0148.jpg,5_19_1,18563,train
5_19_1_0151.jpg,5_19_1,31098,train
5_19_1_0152.jpg,5_19_1,10119,train
5_19_1_0153.jpg,5_19_1,51970,train
5_19_1_0154.jpg,5_19_1,5012,train
5_19_1_0155.jpg,5_19_1,10708,train
5_19_1_0156.jpg,5_19_1,13640,train
5_19_1_0158.jpg,5_19_1,14361,train
5_19_1_0159.jpg,5_19_1,54120,train
5_19_1_0160.jpg,5_19_1,43238,train
5_19_1_0161.jpg,5_19_1,28509,train
5_19_1_0162.jpg,5_19_1,35516,train
5_19_1_0163.jpg,5_19_1,8408,train
5_19_1_0164.jpg,5_19_1,26823,train
5_19_1_0165.jpg,5_19_1,26618,train
5_19_1_0166.jpg,5_19_1,35507,train
5_19_1_0170.jpg,5_19_1,33586,train
5_19_1_0171.jpg,5_19_1,1065,train
5_19_1_0172.jpg,5_19_1,43234,train
5_19_1_0174.jpg,5_19_1,10825,train
5_19_1_0175.jpg,5_19_1,43309,train
5_19_1_0176.jpg,5_19_1,32979,train
5_19_1_0178.jpg,5_19_1,21233,train
5_19_1_0179.jpg,5_19_1,52849,train
5_19_1_0182.jpg,5_19_1,10740,train
5_19_1_0183.jpg,5_19_1,23089,train
5_19_1_0186.jpg,5_19_1,29751,train
5_19_1_0187.jpg,5_19_1,526,train
5_19_1_0189.jpg,5_19_1,47133,train
5_19_1_0190.jpg,5_19_1,21113,train
5_19_1_0191.jpg,5_19_1,31365,train
5_19_1_0192.jpg,5_19_1,52162,train
5_19_1_0193.jpg,5_19_1,16321,train
5_19_1_0194.jpg,5_19_1,31628,train
5_19_1_0195.jpg,5_19_1,10609,train
5_19_1_0196.jpg,5_19_1,38276,train
5_19_1_0197.jpg,5_19_1,23359,train
5_19_1_0198.jpg,5_19_1,38746,train
5_19_1_0199.jpg,5_19_1,37616,train
5_19_1_0201.jpg,5_19_1,26209,train
5_19_1_0202.jpg,5_19_1,52171,train
5_19_1_0203.jpg,5_19_1,14464,train
5_19_1_0204.jpg,5_19_1,33038,train
5_19_1_0205.jpg,5_19_1,53246,train
5_19_1_0206.jpg,5_19_1,32619,train
5_19_1_0207.jpg,5_19_1,37,train
5_19_1_0208.jpg,5_19_1,36983,train
5_19_1_0209.jpg,5_19_1,24436,train
5_19_1_0211.jpg,5_19_1,1602,train
5_19_1_0212.jpg,5_19_1,10753,train
5_19_1_0213.jpg,5_19_1,25823,train
5_19_1_0215.jpg,5_19_1,23751,train
5_19_1_0219.jpg,5_19_1,34031,train
5_19_1_0220.jpg,5_19_1,9285,train
5_19_1_0222.jpg,5_19_1,48966,train
5_19_1_0223.jpg,5_19_1,30763,train
5_19_1_0224.jpg,5_19_1,56757,train
5_19_1_0225.jpg,5_19_1,8888,train
5_19_1_0226.jpg,5_19_1,52118,train
5_19_1_0227.jpg,5_19_1,32706,train
5_19_1_0228.jpg,5_19_1,52744,train
5_19_1_0229.jpg,5_19_1,11165,train
5_19_1_0231.jpg,5_19_1,39529,train
5_19_1_0232.jpg,5_19_1,30477,train
5_19_1_0233.jpg,5_19_1,33423,train
5_19_1_0234.jpg,5_19_1,14996,train
5_19_1_0235.jpg,5_19_1,21169,train
5_19_1_0236.jpg,5_19_1,32495,train
5_19_1_0237.jpg,5_19_1,37507,train
5_19_1_0238.jpg,5_19_1,28548,train
5_19_1_0240.jpg,5_19_1,33036,train
5_19_1_0241.jpg,5_19_1,51932,train
5_19_1_0242.jpg,5_19_1,48549,train
5_19_1_0244.jpg,5_19_1,17688,train
5_19_1_0246.jpg,5_19_1,23948,train
5_19_1_0249.jpg,5_19_1,26200,train
5_19_1_0250.jpg,5_19_1,29091,train
5_19_1_0252.jpg,5_19_1,29679,train
5_19_1_0253.jpg,5_19_1,11025,train
5_19_1_0254.jpg,5_19_1,20314,train
5_19_1_0255.jpg,5_19_1,18833,train
5_19_1_0256.jpg,5_19_1,8480,train
5_19_1_0257.jpg,5_19_1,24802,train
5_19_1_0258.jpg,5_19_1,1640,train
5_19_1_0260.jpg,5_19_1,33606,train
5_19_1_0261.jpg,5_19_1,19273,train
5_19_1_0262.jpg,5_19_1,35014,train
5_19_1_0264.jpg,5_19_1,772,train
5_19_1_0266.jpg,5_19_1,45614,train
5_19_1_0268.jpg,5_19_1,7816,train
5_19_1_0269.jpg,5_19_1,19210,train
5_19_1_0270.jpg,5_19_1,8617,train
5_19_1_0271.jpg,5_19_1,2236,train
5_19_1_0272.jpg,5_19_1,24609,train
5_19_1_0273.jpg,5_19_1,9077,train
5_19_1_0276.jpg,5_19_1,21856,train
5_19_1_0277.jpg,5_19_1,41508,train
5_19_1_0278.jpg,5_19_1,30753,train
5_19_1_0279.jpg,5_19_1,18353,train
5_19_1_0281.jpg,5_19_1,11601,train
5_19_1_0282.jpg,5_19_1,47615,train
5_19_1_0283.jpg,5_19_1,34116,train
5_19_1_0285.jpg,5_19_1,30408,train
5_19_1_0287.jpg,5_19_1,53764,train
5_19_1_0289.jpg,5_19_1,55431,train
5_19_1_0292.jpg,5_19_1,10275,train
5_19_1_0294.jpg,5_19_1,39485,train
5_19_1_0296.jpg,5_19_1,25564,train
5_19_1_0297.jpg,5_19_1,28592,train
5_19_1_0298.jpg,5_19_1,28154,train
5_19_1_0300.jpg,5_19_1,48505,train
5_19_1_0301.jpg,5_19_1,6787,train
5_19_1_0302.jpg,5_19_1,42127,train
5_19_1_0305.jpg,5_19_1,10413,train
5_19_1_0306.jpg,5_19_1,7988,train
5_19_1_0307.jpg,5_19_1,27619,train
5_19_1_0308.jpg,5_19_1,48394,train
5_19_1_0309.jpg,5_19_1,24893,train
5_19_1_0310.jpg,5_19_1,54744,train
5_19_1_0312.jpg,5_19_1,20351,train
5_19_1_0313.jpg,5_19_1,17010,train
5_19_1_0314.jpg,5_19_1,16960,train
5_19_1_0317.jpg,5_19_1,12292,train
5_19_1_0319.jpg,5_19_1,21873,train
5_19_1_0320.jpg,5_19_1,30080,train
5_19_1_0322.jpg,5_19_1,9185,train
5_19_1_0324.jpg,5_19_1,55455,train
5_19_1_0325.jpg,5_19_1,33432,train
5_19_1_0326.jpg,5_19_1,10391,train
5_19_1_0328.jpg,5_19_1,39217,train
5_19_1_0329.jpg,5_19_1,33094,train
5_19_1_0331.jpg,5_19_1,10239,train
5_19_1_0332.jpg,5_19_1,51847,train
5_19_1_0334.jpg,5_19_1,15120,train
5_19_1_0336.jpg,5_19_1,30756,train
5_19_1_0337.jpg,5_19_1,30638,train
5_19_1_0338.jpg,5_19_1,18345,train
5_19_1_0339.jpg,5_19_1,27563,train
5_19_1_0340.jpg,5_19_1,7812,train
5_19_1_0341.jpg,5_19_1,14653,train
5_19_1_0342.jpg,5_19_1,26521,train
5_19_1_0343.jpg,5_19_1,102,train
5_19_1_0344.jpg,5_19_1,27055,train
5_19_1_0345.jpg,5_19_1,21172,train
5_19_1_0347.jpg,5_19_1,53772,train
5_19_1_0348.jpg,5_19_1,29784,train
5_19_1_0349.jpg,5_19_1,22121,train
5_19_1_0350.jpg,5_19_1,28546,train
5_19_1_0351.jpg,5_19_1,44444,train
5_19_1_0352.jpg,5_19_1,48598,train
5_19_1_0354.jpg,5_19_1,33653,train
5_19_1_0355.jpg,5_19_1,39619,train
5_19_1_0356.jpg,5_19_1,46981,train
5_19_1_0358.jpg,5_19_1,14012,train
5_19_1_0359.jpg,5_19_1,16952,train
5_19_1_0361.jpg,5_19_1,18477,train
5_19_1_0362.jpg,5_19_1,7810,train
5_19_1_0363.jpg,5_19_1,34657,train
5_19_1_0364.jpg,5_19_1,49999,train
5_19_1_0365.jpg,5_19_1,33141,train
5_19_1_0366.jpg,5_19_1,7993,train
5_19_1_0368.jpg,5_19_1,24033,train
5_19_1_0369.jpg,5_19_1,7498,train
5_19_1_0370.jpg,5_19_1,5552,train
5_19_1_0371.jpg,5_19_1,34894,train
5_19_1_0372.jpg,5_19_1,30544,train
5_19_1_0374.jpg,5_19_1,32646,train
5_19_1_0375.jpg,5_19_1,14240,train
5_19_1_0377.jpg,5_19_1,31631,train
5_19_1_0378.jpg,5_19_1,9323,train
5_19_1_0380.jpg,5_19_1,8750,train
5_19_1_0382.jpg,5_19_1,8666,train
5_19_1_0383.jpg,5_19_1,42239,train
5_19_1_0384.jpg,5_19_1,19723,train
5_19_1_0386.jpg,5_19_1,11003,train
5_19_1_0389.jpg,5_19_1,34653,train
5_19_1_0390.jpg,5_19_1,35446,train
5_19_1_0391.jpg,5_19_1,3266,train
5_19_1_0392.jpg,5_19_1,38032,train
5_19_1_0393.jpg,5_19_1,9391,train
5_19_1_0395.jpg,5_19_1,39440,train
5_19_1_0397.jpg,5_19_1,33984,train
5_19_1_0400.jpg,5_19_1,21040,train
5_19_1_0401.jpg,5_19_1,17775,train
5_19_1_0402.jpg,5_19_1,41521,train
5_19_1_0403.jpg,5_19_1,46690,train
5_19_1_0404.jpg,5_19_1,24042,train
5_19_1_0405.jpg,5_19_1,19840,train
5_19_1_0406.jpg,5_19_1,21178,train
5_19_1_0412.jpg,5_19_1,24260,train
5_19_1_0413.jpg,5_19_1,51571,train
5_19_1_0417.jpg,5_19_1,38093,train
5_19_1_0418.jpg,5_19_1,33946,train
5_19_1_0419.jpg,5_19_1,10446,train
5_19_1_0421.jpg,5_19_1,32999,train
5_19_1_0422.jpg,5_19_1,18321,train
5_19_1_0423.jpg,5_19_1,31569,train
5_19_1_0425.jpg,5_19_1,25345,train
5_19_1_0432.jpg,5_19_1,33218,train
5_19_1_0433.jpg,5_19_1,45350,train
5_19_1_0435.jpg,5_19_1,37688,train
5_19_1_0436.jpg,5_19_1,39247,train
5_19_1_0437.jpg,5_19_1,32594,train
5_19_1_0440.jpg,5_19_1,56855,train
5_19_1_0441.jpg,5_19_1,33618,train
5_19_1_0442.jpg,5_19_1,23397,train
5_19_1_0444.jpg,5_19_1,10509,train
5_19_1_0445.jpg,5_19_1,11860,train
5_19_1_0446.jpg,5_19_1,10863,train
5_19_1_0448.jpg,5_19_1,50485,train
5_19_1_0449.jpg,5_19_1,14059,train
5_19_1_0451.jpg,5_19_1,22016,train
5_19_1_0452.jpg,5_19_1,37451,train
5_19_1_0453.jpg,5_19_1,18226,train
5_19_1_0454.jpg,5_19_1,46894,train
5_19_1_0456.jpg,5_19_1,17764,train
5_19_1_0458.jpg,5_19_1,38592,train
5_19_1_0459.jpg,5_19_1,21125,train
5_19_1_0460.jpg,5_19_1,31560,train
5_19_1_0462.jpg,5_19_1,20471,train
5_19_1_0463.jpg,5_19_1,5661,train
5_19_1_0464.jpg,5_19_1,10221,train
5_19_1_0466.jpg,5_19_1,21696,train
5_19_1_0470.jpg,5_19_1,52917,train
5_19_1_0471.jpg,5_19_1,11434,train
5_19_1_0475.jpg,5_19_1,50333,train
5_19_1_0477.jpg,5_19_1,33515,train
5_19_1_0478.jpg,5_19_1,45449,train
5_19_1_0479.jpg,5_19_1,28713,train
5_19_1_0480.jpg,5_19_1,33894,train
5_19_1_0481.jpg,5_19_1,981,train
5_19_1_0482.jpg,5_19_1,9182,train
5_19_1_0485.jpg,5_19_1,33272,train
5_19_1_0486.jpg,5_19_1,2704,train
5_19_1_0488.jpg,5_19_1,34773,train
5_19_1_0489.jpg,5_19_1,33529,train
5_19_1_0490.jpg,5_19_1,12904,train
5_19_1_0491.jpg,5_19_1,28825,train
5_19_1_0492.jpg,5_19_1,11304,train
5_19_1_0494.jpg,5_19_1,23806,train
5_19_1_0495.jpg,5_19_1,25865,train
5_19_1_0497.jpg,5_19_1,3409,train
5_19_1_0498.jpg,5_19_1,25660,train
5_19_1_0501.jpg,5_19_1,20368,train
5_19_1_0502.jpg,5_19_1,41273,train
5_19_1_0503.jpg,5_19_1,10496,train
5_19_1_0504.jpg,5_19_1,25525,train
5_19_1_0505.jpg,5_19_1,53306,train
5_19_1_0506.jpg,5_19_1,33820,train
5_19_1_0507.jpg,5_19_1,38072,train
5_19_1_0508.jpg,5_19_1,51058,train
5_19_1_0509.jpg,5_19_1,14008,train
5_19_1_0512.jpg,5_19_1,54660,train
5_19_1_0513.jpg,5_19_1,55963,train
5_19_1_0514.jpg,5_19_1,16258,train
5_19_1_0515.jpg,5_19_1,28195,train
5_19_1_0516.jpg,5_19_1,1967,train
5_19_1_0517.jpg,5_19_1,16332,train
5_19_1_0519.jpg,5_19_1,24641,train
5_19_1_0520.jpg,5_19_1,53461,train
5_19_1_0521.jpg,5_19_1,28164,train
5_19_1_0522.jpg,5_19_1,54903,train
5_19_1_0523.jpg,5_19_1,41754,train
5_19_1_0524.jpg,5_19_1,49959,train
5_19_1_0525.jpg,5_19_1,20318,train
5_19_1_0526.jpg,5_19_1,14309,train
5_19_1_0527.jpg,5_19_1,53896,train
5_19_1_0528.jpg,5_19_1,45180,train
5_19_1_0529.jpg,5_19_1,10653,train
5_19_1_0531.jpg,5_19_1,3033,train
5_19_1_0534.jpg,5_19_1,17610,train
5_19_1_0536.jpg,5_19_1,29998,train
5_19_1_0537.jpg,5_19_1,25384,train
5_19_1_0539.jpg,5_19_1,57308,train
5_19_1_0540.jpg,5_19_1,54340,train
5_19_1_0541.jpg,5_19_1,19152,train
5_19_1_0544.jpg,5_19_1,39533,train
5_19_1_0545.jpg,5_19_1,17053,train
5_19_1_0546.jpg,5_19_1,27379,train
5_19_1_0547.jpg,5_19_1,24543,train
5_19_1_0548.jpg,5_19_1,21874,train
5_19_1_0550.jpg,5_19_1,53029,train
5_19_1_0551.jpg,5_19_1,21883,train
5_19_1_0552.jpg,5_19_1,25463,train
5_19_1_0555.jpg,5_19_1,27471,train
5_19_1_0556.jpg,5_19_1,43071,train
5_19_1_0557.jpg,5_19_1,24623,train
5_19_1_0559.jpg,5_19_1,10861,train
5_19_1_0560.jpg,5_19_1,21056,train
5_19_1_0561.jpg,5_19_1,16319,train
5_19_1_0564.jpg,5_19_1,2966,train
5_19_1_0566.jpg,5_19_1,35520,train
5_19_1_0569.jpg,5_19_1,48451,train
5_19_1_0570.jpg,5_19_1,53848,train
5_19_1_0571.jpg,5_19_1,24034,train
5_19_1_0572.jpg,5_19_1,29006,train
5_19_1_0574.jpg,5_19_1,31755,train
5_19_1_0575.jpg,5_19_1,10867,train
5_19_1_0579.jpg,5_19_1,20609,train
5_19_1_0580.jpg,5_19_1,4141,train
5_19_1_0581.jpg,5_19_1,45644,train
5_19_1_0583.jpg,5_19_1,79,train
5_19_1_0584.jpg,5_19_1,32175,train
5_19_1_0585.jpg,5_19_1,55213,train
5_19_1_0587.jpg,5_19_1,43550,train
5_19_1_0588.jpg,5_19_1,47129,train
5_19_1_0589.jpg,5_19_1,50471,train
5_19_1_0593.jpg,5_19_1,25858,train
5_19_1_0595.jpg,5_19_1,9014,train
5_19_1_0596.jpg,5_19_1,40927,train
5_19_1_0597.jpg,5_19_1,24604,train
5_19_1_0599.jpg,5_19_1,24038,train
5_19_1_0600.jpg,5_19_1,11132,train
5_19_1_0601.jpg,5_19_1,47134,train
5_19_1_0602.jpg,5_19_1,23433,train
5_19_1_0603.jpg,5_19_1,31594,train
5_19_1_0604.jpg,5_19_1,23867,train
5_19_1_0606.jpg,5_19_1,28021,train
5_19_1_0607.jpg,5_19_1,24484,train
5_19_1_0609.jpg,5_19_1,44501,train
5_19_1_0610.jpg,5_19_1,23270,train
5_19_1_0612.jpg,5_19_1,11299,train
5_19_1_0614.jpg,5_19_1,28463,train
5_19_1_0615.jpg,5_19_1,40939,train
5_19_1_0616.jpg,5_19_1,26524,train
5_19_1_0617.jpg,5_19_1,42482,train
5_19_1_0618.jpg,5_19_1,50890,train
5_19_1_0619.jpg,5_19_1,16165,train
5_19_1_0620.jpg,5_19_1,37870,train
5_19_1_0622.jpg,5_19_1,23462,train
5_19_1_0625.jpg,5_19_1,34,train
5_19_1_0626.jpg,5_19_1,23592,train
5_19_1_0627.jpg,5_19_1,22432,train
5_19_1_0628.jpg,5_19_1,18210,train
5_19_1_0629.jpg,5_19_1,28827,train
5_19_1_0630.jpg,5_19_1,53824,train
5_19_1_0631.jpg,5_19_1,34691,train
5_19_1_0632.jpg,5_19_1,37508,train
5_19_1_0634.jpg,5_19_1,24385,train
5_19_1_0635.jpg,5_19_1,30167,train
5_19_1_0636.jpg,5_19_1,29228,train
5_19_1_0638.jpg,5_19_1,42401,train
5_19_1_0639.jpg,5_19_1,18344,train
5_19_1_0641.jpg,5_19_1,30423,train
5_19_1_0642.jpg,5_19_1,54310,train
5_19_1_0643.jpg,5_19_1,54377,train
5_19_1_0644.jpg,5_19_1,50028,train
5_19_1_0645.jpg,5_19_1,15914,train
5_19_1_0646.jpg,5_19_1,39483,train
5_19_1_0648.jpg,5_19_1,22062,train
5_19_1_0649.jpg,5_19_1,31982,train
5_19_1_0650.jpg,5_19_1,40920,train
5_19_1_0652.jpg,5_19_1,38030,train
5_19_1_0654.jpg,5_19_1,10252,train
5_19_1_0655.jpg,5_19_1,56902,train
5_19_1_0658.jpg,5_19_1,42055,train
5_19_1_0659.jpg,5_19_1,23902,train
5_19_1_0660.jpg,5_19_1,18832,train
5_19_1_0661.jpg,5_19_1,55214,train
5_19_1_0662.jpg,5_19_1,17582,train
5_19_1_0663.jpg,5_19_1,12750,train
5_19_1_0664.jpg,5_19_1,1948,train
5_19_1_0665.jpg,5_19_1,4996,train
5_19_1_0666.jpg,5_19_1,20157,train
5_19_1_0667.jpg,5_19_1,30474,train
5_19_1_0669.jpg,5_19_1,52847,train
5_19_1_0670.jpg,5_19_1,9121,train
5_19_1_0671.jpg,5_19_1,29801,train
5_19_1_0672.jpg,5_19_1,28263,train
5_19_1_0674.jpg,5_19_1,34405,train
5_19_1_0675.jpg,5_19_1,17119,train
5_19_1_0677.jpg,5_19_1,44415,train
5_19_1_0678.jpg,5_19_1,26719,train
5_19_1_0679.jpg,5_19_1,31124,train
5_19_1_0680.jpg,5_19_1,27470,train
5_19_1_0681.jpg,5_19_1,20115,train
5_19_1_0682.jpg,5_19_1,12823,train
5_19_1_0684.jpg,5_19_1,43586,train
5_19_1_0685.jpg,5_19_1,662,train
5_19_1_0686.jpg,5_19_1,51237,train
5_19_1_0687.jpg,5_19_1,52898,train
5_19_1_0688.jpg,5_19_1,10612,train
5_19_1_0689.jpg,5_19_1,53233,train
5_19_1_0690.jpg,5_19_1,28635,train
5_19_1_0691.jpg,5_19_1,18555,train
5_19_1_0692.jpg,5_19_1,16219,train
5_19_1_0693.jpg,5_19_1,54958,train
5_19_1_0695.jpg,5_19_1,32035,train
5_19_1_0697.jpg,5_19_1,5553,train
5_19_1_0698.jpg,5_19_1,33706,train
5_19_1_0699.jpg,5_19_1,20360,train
5_19_1_0701.jpg,5_19_1,29859,train
5_19_1_0702.jpg,5_19_1,11673,train
5_19_1_0703.jpg,5_19_1,54808,train
5_19_1_0705.jpg,5_19_1,41293,train
5_19_1_0706.jpg,5_19_1,32647,train
5_19_1_0707.jpg,5_19_1,33735,train
5_19_1_0709.jpg,5_19_1,24287,train
5_19_1_0711.jpg,5_19_1,37711,train
5_19_1_0712.jpg,5_19_1,56659,train
5_19_1_0716.jpg,5_19_1,58916,train
5_19_1_0717.jpg,5_19_1,33356,train
5_19_1_0719.jpg,5_19_1,14308,train
5_19_1_0721.jpg,5_19_1,30467,train
5_19_1_0722.jpg,5_19_1,29638,train
5_19_1_0723.jpg,5_19_1,20934,train
5_19_1_0725.jpg,5_19_1,20268,train
5_19_1_0726.jpg,5_19_1,38708,train
5_19_1_0727.jpg,5_19_1,21815,train
5_19_1_0728.jpg,5_19_1,53172,train
5_19_1_0730.jpg,5_19_1,30732,train
5_19_1_0731.jpg,5_19_1,38300,train
5_19_1_0734.jpg,5_19_1,29161,train
5_19_1_0737.jpg,5_19_1,22175,train
5_19_1_0739.jpg,5_19_1,21473,train
5_19_1_0742.jpg,5_19_1,33086,train
5_19_1_0743.jpg,5_19_1,9353,train
5_19_1_0745.jpg,5_19_1,13218,train
5_19_1_0746.jpg,5_19_1,19444,train
5_19_1_0748.jpg,5_19_1,44066,train
5_19_1_0751.jpg,5_19_1,18348,train
5_19_1_0752.jpg,5_19_1,8483,train
5_19_1_0753.jpg,5_19_1,28286,train
5_19_1_0754.jpg,5_19_1,27990,train
5_19_1_0755.jpg,5_19_1,24619,train
5_19_1_0757.jpg,5_19_1,30202,train
5_19_1_0759.jpg,5_19_1,8215,train
5_19_1_0760.jpg,5_19_1,18016,train
5_19_1_0766.jpg,5_19_1,1603,train
5_19_1_0767.jpg,5_19_1,52735,train
5_19_1_0768.jpg,5_19_1,34406,train
5_19_1_0769.jpg,5_19_1,26545,train
5_19_1_0770.jpg,5_19_1,30547,train
5_19_1_0771.jpg,5_19_1,739,train
5_19_1_0773.jpg,5_19_1,23381,train
5_19_1_0775.jpg,5_19_1,27036,train
5_19_1_0776.jpg,5_19_1,28435,train
5_19_1_0778.jpg,5_19_1,50852,train
5_19_1_0779.jpg,5_19_1,49947,train
5_19_1_0780.jpg,5_19_1,33281,train
5_19_1_0781.jpg,5_19_1,37385,train
5_19_1_0782.jpg,5_19_1,18606,train
5_19_1_0783.jpg,5_19_1,30839,train
5_19_1_0784.jpg,5_19_1,18570,train
5_19_1_0785.jpg,5_19_1,21557,train
5_19_1_0786.jpg,5_19_1,28994,train
5_19_1_0787.jpg,5_19_1,2134,train
5_19_1_0788.jpg,5_19_1,27014,train
5_19_1_0789.jpg,5_19_1,24747,train
5_19_1_0790.jpg,5_19_1,41505,train
5_19_1_0791.jpg,5_19_1,43035,train
5_19_1_0792.jpg,5_19_1,54623,train
5_19_1_0793.jpg,5_19_1,27700,train
5_19_1_0797.jpg,5_19_1,11307,train
5_19_1_0798.jpg,5_19_1,38112,train
5_19_1_0800.jpg,5_19_1,27218,train
5_19_1_0801.jpg,5_19_1,35224,train
5_19_1_0802.jpg,5_19_1,33970,train
5_19_1_0803.jpg,5_19_1,40898,train
5_19_1_0804.jpg,5_19_1,2041,train
5_19_1_0805.jpg,5_19_1,9569,train
5_19_1_0806.jpg,5_19_1,38896,train
5_19_1_0807.jpg,5_19_1,28805,train
5_19_1_0808.jpg,5_19_1,11966,train
5_19_1_0809.jpg,5_19_1,30064,train
5_19_1_0810.jpg,5_19_1,16404,train
5_19_1_0813.jpg,5_19_1,24503,train
5_19_1_0814.jpg,5_19_1,18269,train
5_19_1_0815.jpg,5_19_1,29778,train
5_19_1_0816.jpg,5_19_1,24495,train
5_19_1_0818.jpg,5_19_1,52131,train
5_19_1_0821.jpg,5_19_1,28499,train
5_19_1_0822.jpg,5_19_1,20520,train
5_19_1_0823.jpg,5_19_1,9389,train
5_19_1_0824.jpg,5_19_1,30303,train
5_19_1_0825.jpg,5_19_1,1595,train
5_19_1_0826.jpg,5_19_1,51051,train
5_19_1_0827.jpg,5_19_1,6016,train
5_19_1_0830.jpg,5_19_1,39164,train
5_19_1_0831.jpg,5_19_1,8781,train
5_19_1_0832.jpg,5_19_1,53353,train
5_19_1_0834.jpg,5_19_1,3473,train
5_19_1_0835.jpg,5_19_1,51887,train
5_19_1_0837.jpg,5_19_1,20269,train
5_19_1_0838.jpg,5_19_1,17586,train
5_19_1_0841.jpg,5_19_1,13546,train
5_19_1_0842.jpg,5_19_1,19838,train
5_19_1_0843.jpg,5_19_1,11209,train
5_19_1_0844.jpg,5_19_1,30429,train
5_19_1_0845.jpg,5_19_1,41517,train
5_19_1_0846.jpg,5_19_1,10822,train
5_19_1_0847.jpg,5_19_1,33964,train
5_19_1_0848.jpg,5_19_1,18483,train
5_19_1_0849.jpg,5_19_1,30168,train
5_19_1_0851.jpg,5_19_1,20665,train
5_19_1_0853.jpg,5_19_1,26017,train
5_19_1_0854.jpg,5_19_1,15248,train
5_19_1_0855.jpg,5_19_1,37470,train
5_19_1_0857.jpg,5_19_1,53174,train
5_19_1_0858.jpg,5_19_1,57133,train
5_19_1_0859.jpg,5_19_1,14576,train
5_19_1_0860.jpg,5_19_1,23932,train
5_19_1_0861.jpg,5_19_1,34608,train
5_19_1_0863.jpg,5_19_1,23953,train
5_19_1_0864.jpg,5_19_1,34407,train
5_19_1_0865.jpg,5_19_1,26321,train
5_19_1_0867.jpg,5_19_1,46507,train
5_19_1_0869.jpg,5_19_1,9210,train
5_19_1_0870.jpg,5_19_1,35227,train
5_19_1_0871.jpg,5_19_1,43738,train
5_19_1_0873.jpg,5_19_1,20040,train
5_19_1_0874.jpg,5_19_1,10480,train
5_19_1_0876.jpg,5_19_1,52967,train
5_19_1_0877.jpg,5_19_1,23493,train
5_19_1_0878.jpg,5_19_1,43404,train
5_19_1_0880.jpg,5_19_1,55047,train
5_19_1_0882.jpg,5_19_1,54381,train
5_19_1_0885.jpg,5_19_1,3586,train
5_19_1_0886.jpg,5_19_1,25225,train
5_19_1_0887.jpg,5_19_1,32754,train
5_19_1_0888.jpg,5_19_1,28776,train
5_19_1_0889.jpg,5_19_1,39612,train
5_19_1_0890.jpg,5_19_1,26088,train
5_19_1_0891.jpg,5_19_1,8853,train
5_19_1_0892.jpg,5_19_1,31570,train
5_19_1_0893.jpg,5_19_1,39031,train
5_19_1_0894.jpg,5_19_1,24990,train
5_19_1_0896.jpg,5_19_1,28456,train
5_19_1_0897.jpg,5_19_1,57438,train
5_19_1_0899.jpg,5_19_1,10576,train
5_19_1_0901.jpg,5_19_1,25777,train
5_19_1_0903.jpg,5_19_1,58716,train
5_19_1_0904.jpg,5_19_1,29960,train
5_19_1_0905.jpg,5_19_1,45559,train
5_19_1_0910.jpg,5_19_1,32274,train
5_19_1_0912.jpg,5_19_1,21404,train
5_19_1_0913.jpg,5_19_1,37880,train
5_19_1_0915.jpg,5_19_1,33008,train
5_19_1_0916.jpg,5_19_1,53078,train
5_19_1_0917.jpg,5_19_1,30676,train
5_19_1_0918.jpg,5_19_1,30165,train
5_19_1_0919.jpg,5_19_1,28959,train
5_19_1_0920.jpg,5_19_1,57761,train
5_19_1_0922.jpg,5_19_1,35243,train
5_19_1_0923.jpg,5_19_1,21315,train
5_19_1_0924.jpg,5_19_1,24386,train
5_19_1_0926.jpg,5_19_1,58944,train
5_19_1_0928.jpg,5_19_1,21879,train
5_19_1_0929.jpg,5_19_1,29666,train
5_19_1_0931.jpg,5_19_1,51169,train
5_19_1_0933.jpg,5_19_1,34089,train
5_19_1_0934.jpg,5_19_1,37665,train
5_19_1_0935.jpg,5_19_1,41494,train
5_19_1_0936.jpg,5_19_1,24751,train
5_19_1_0938.jpg,5_19_1,31123,train
5_19_1_0939.jpg,5_19_1,24452,train
5_19_1_0940.jpg,5_19_1,16406,train
5_19_1_0941.jpg,5_19_1,30827,train
5_19_1_0942.jpg,5_19_1,18301,train
5_19_1_0943.jpg,5_19_1,25578,train
5_19_1_0945.jpg,5_19_1,20888,train
5_19_1_0946.jpg,5_19_1,24911,train
5_19_1_0947.jpg,5_19_1,21903,train
5_19_1_0948.jpg,5_19_1,35512,train
5_19_1_0950.jpg,5_19_1,21689,train
5_19_1_0951.jpg,5_19_1,33654,train
5_19_1_0953.jpg,5_19_1,32009,train
5_19_1_0954.jpg,5_19_1,16976,train
5_19_1_0955.jpg,5_19_1,9757,train
5_19_1_0956.jpg,5_19_1,19920,train
5_19_1_0957.jpg,5_19_1,47141,train
5_19_1_0959.jpg,5_19_1,52051,train
5_19_1_0961.jpg,5_19_1,43737,train
5_19_1_0962.jpg,5_19_1,30533,train
5_19_1_0963.jpg,5_19_1,38989,train
5_19_1_0964.jpg,5_19_1,45847,train
5_19_1_0966.jpg,5_19_1,29573,train
5_19_1_0968.jpg,5_19_1,1434,train
5_19_1_0969.jpg,5_19_1,10235,train
5_19_1_0972.jpg,5_19_1,27701,train
5_19_1_0974.jpg,5_19_1,20055,train
5_19_1_0975.jpg,5_19_1,23652,train
5_19_1_0980.jpg,5_19_1,33591,train
5_19_1_0981.jpg,5_19_1,32637,train
5_19_1_0982.jpg,5_19_1,25109,train
5_19_1_0983.jpg,5_19_1,28641,train
5_19_1_0984.jpg,5_19_1,50750,train
5_19_1_0985.jpg,5_19_1,33433,train
5_19_1_0986.jpg,5_19_1,24617,train
5_19_1_0987.jpg,5_19_1,25483,train
5_19_1_0988.jpg,5_19_1,45338,train
5_19_1_0989.jpg,5_19_1,29752,train
5_19_1_0990.jpg,5_19_1,21441,train
5_19_1_0991.jpg,5_19_1,23667,train
5_19_1_0992.jpg,5_19_1,20475,train
5_19_1_0994.jpg,5_19_1,11016,train
5_19_1_0995.jpg,5_19_1,47243,train
5_19_1_0996.jpg,5_19_1,17027,train
5_19_1_0997.jpg,5_19_1,24189,train
5_19_1_0998.jpg,5_19_1,10979,train
5_19_1_0999.jpg,5_19_1,50523,train
2_1_0000.jpg,2_1,50688,train
2_1_0001.jpg,2_1,20087,train
2_1_0003.jpg,2_1,23331,train
2_1_0004.jpg,2_1,43849,train
2_1_0005.jpg,2_1,27668,train
2_1_0007.jpg,2_1,48562,train
2_1_0008.jpg,2_1,57148,train
2_1_0009.jpg,2_1,27936,train
2_1_0012.jpg,2_1,28570,train
2_1_0013.jpg,2_1,24281,train
2_1_0014.jpg,2_1,34344,train
2_1_0015.jpg,2_1,19528,train
2_1_0016.jpg,2_1,29044,train
2_1_0017.jpg,2_1,1499,train
2_1_0019.jpg,2_1,14613,train
2_1_0020.jpg,2_1,27561,train
2_1_0021.jpg,2_1,4484,train
2_1_0023.jpg,2_1,52770,train
2_1_0024.jpg,2_1,28318,train
2_1_0025.jpg,2_1,14524,train
2_1_0027.jpg,2_1,12022,train
2_1_0028.jpg,2_1,1038,train
2_1_0029.jpg,2_1,55010,train
2_1_0030.jpg,2_1,28079,train
2_1_0032.jpg,2_1,42940,train
2_1_0033.jpg,2_1,40260,train
2_1_0036.jpg,2_1,5750,train
2_1_0037.jpg,2_1,25900,train
2_1_0038.jpg,2_1,42921,train
2_1_0040.jpg,2_1,8584,train
2_1_0044.jpg,2_1,55092,train
2_1_0045.jpg,2_1,6758,train
2_1_0048.jpg,2_1,54118,train
2_1_0049.jpg,2_1,29130,train
2_1_0050.jpg,2_1,10899,train
2_1_0051.jpg,2_1,25473,train
2_1_0052.jpg,2_1,13378,train
2_1_0054.jpg,2_1,38128,train
2_1_0055.jpg,2_1,58835,train
2_1_0058.jpg,2_1,48445,train
2_1_0059.jpg,2_1,35727,train
2_1_0060.jpg,2_1,40887,train
2_1_0062.jpg,2_1,28600,train
2_1_0063.jpg,2_1,56275,train
2_1_0064.jpg,2_1,39324,train
2_1_0065.jpg,2_1,29257,train
2_1_0066.jpg,2_1,54579,train
2_1_0067.jpg,2_1,8298,train
2_1_0069.jpg,2_1,22425,train
2_1_0070.jpg,2_1,22575,train
2_1_0072.jpg,2_1,10570,train
2_1_0073.jpg,2_1,17646,train
2_1_0074.jpg,2_1,24884,train
2_1_0075.jpg,2_1,18907,train
2_1_0076.jpg,2_1,52475,train
2_1_0077.jpg,2_1,10008,train
2_1_0079.jpg,2_1,328,train
2_1_0080.jpg,2_1,37206,train
2_1_0081.jpg,2_1,56847,train
2_1_0088.jpg,2_1,41116,train
2_1_0089.jpg,2_1,9510,train
2_1_0092.jpg,2_1,56541,train
2_1_0093.jpg,2_1,21463,train
2_1_0094.jpg,2_1,38986,train
2_1_0095.jpg,2_1,12841,train
2_1_0096.jpg,2_1,51367,train
2_1_0098.jpg,2_1,16706,train
2_1_0099.jpg,2_1,27061,train
2_1_0100.jpg,2_1,15838,train
2_1_0101.jpg,2_1,9513,train
2_1_0102.jpg,2_1,8160,train
2_1_0103.jpg,2_1,18212,train
2_1_0104.jpg,2_1,29489,train
2_1_0105.jpg,2_1,56920,train
2_1_0106.jpg,2_1,54608,train
2_1_0108.jpg,2_1,40213,train
2_1_0109.jpg,2_1,14226,train
2_1_0115.jpg,2_1,50989,train
2_1_0116.jpg,2_1,44649,train
2_1_0117.jpg,2_1,40079,train
2_1_0120.jpg,2_1,3894,train
2_1_0122.jpg,2_1,30234,train
2_1_0124.jpg,2_1,25635,train
2_1_0125.jpg,2_1,2650,train
2_1_0126.jpg,2_1,11346,train
2_1_0127.jpg,2_1,24366,train
2_1_0128.jpg,2_1,55056,train
2_1_0129.jpg,2_1,56188,train
2_1_0130.jpg,2_1,2213,train
2_1_0131.jpg,2_1,27423,train
2_1_0132.jpg,2_1,55080,train
2_1_0133.jpg,2_1,3952,train
2_1_0134.jpg,2_1,19040,train
2_1_0135.jpg,2_1,42189,train
2_1_0136.jpg,2_1,48036,train
2_1_0137.jpg,2_1,40372,train
2_1_0138.jpg,2_1,27713,train
2_1_0140.jpg,2_1,56035,train
2_1_0141.jpg,2_1,39866,train
2_1_0143.jpg,2_1,42164,train
2_1_0144.jpg,2_1,33141,train
2_1_0145.jpg,2_1,37203,train
2_1_0149.jpg,2_1,17938,train
2_1_0151.jpg,2_1,37373,train
2_1_0152.jpg,2_1,44751,train
2_1_0153.jpg,2_1,28181,train
2_1_0155.jpg,2_1,52094,train
2_1_0156.jpg,2_1,3713,train
2_1_0157.jpg,2_1,41197,train
2_1_0159.jpg,2_1,29919,train
2_1_0160.jpg,2_1,25899,train
2_1_0162.jpg,2_1,13003,train
2_1_0163.jpg,2_1,36987,train
2_1_0164.jpg,2_1,47878,train
2_1_0165.jpg,2_1,96,train
2_1_0166.jpg,2_1,51184,train
2_1_0168.jpg,2_1,37720,train
2_1_0169.jpg,2_1,6776,train
2_1_0170.jpg,2_1,20623,train
2_1_0171.jpg,2_1,48027,train
2_1_0172.jpg,2_1,34359,train
2_1_0173.jpg,2_1,44941,train
2_1_0174.jpg,2_1,40369,train
2_1_0175.jpg,2_1,6521,train
2_1_0177.jpg,2_1,27279,train
2_1_0178.jpg,2_1,51861,train
2_1_0180.jpg,2_1,28169,train
2_1_0182.jpg,2_1,43868,train
2_1_0185.jpg,2_1,59178,train
2_1_0186.jpg,2_1,24857,train
2_1_0187.jpg,2_1,17752,train
2_1_0188.jpg,2_1,29673,train
2_1_0190.jpg,2_1,1425,train
2_1_0192.jpg,2_1,37189,train
2_1_0193.jpg,2_1,11467,train
2_1_0197.jpg,2_1,13339,train
2_1_0199.jpg,2_1,44938,train
2_1_0201.jpg,2_1,46589,train
2_1_0203.jpg,2_1,38116,train
2_1_0204.jpg,2_1,43522,train
2_1_0205.jpg,2_1,42263,train
2_1_0206.jpg,2_1,25211,train
2_1_0208.jpg,2_1,52355,train
2_1_0210.jpg,2_1,35855,train
2_1_0212.jpg,2_1,57466,train
2_1_0213.jpg,2_1,46478,train
2_1_0215.jpg,2_1,9229,train
2_1_0216.jpg,2_1,27647,train
2_1_0217.jpg,2_1,38011,train
2_1_0219.jpg,2_1,46458,train
2_1_0221.jpg,2_1,326,train
2_1_0222.jpg,2_1,27934,train
2_1_0223.jpg,2_1,28633,train
2_1_0224.jpg,2_1,56173,train
2_1_0225.jpg,2_1,55326,train
2_1_0228.jpg,2_1,40691,train
2_1_0229.jpg,2_1,50769,train
2_1_0230.jpg,2_1,43852,train
2_1_0231.jpg,2_1,32657,train
2_1_0232.jpg,2_1,31272,train
2_1_0234.jpg,2_1,51275,train
2_1_0235.jpg,2_1,35557,train
2_1_0236.jpg,2_1,41206,train
2_1_0239.jpg,2_1,24793,train
2_1_0240.jpg,2_1,54778,train
2_1_0241.jpg,2_1,35836,train
2_1_0242.jpg,2_1,24578,train
2_1_0243.jpg,2_1,37295,train
2_1_0244.jpg,2_1,4346,train
2_1_0245.jpg,2_1,30036,train
2_1_0247.jpg,2_1,35764,train
2_1_0249.jpg,2_1,16927,train
2_1_0250.jpg,2_1,44696,train
2_1_0252.jpg,2_1,45299,train
2_1_0253.jpg,2_1,56560,train
2_1_0257.jpg,2_1,11842,train
2_1_0258.jpg,2_1,48598,train
2_1_0259.jpg,2_1,41265,train
2_1_0260.jpg,2_1,1526,train
2_1_0261.jpg,2_1,15931,train
2_1_0262.jpg,2_1,37281,train
2_1_0264.jpg,2_1,10003,train
2_1_0265.jpg,2_1,42155,train
2_1_0266.jpg,2_1,27050,train
2_1_0267.jpg,2_1,31550,train
2_1_0268.jpg,2_1,36625,train
2_1_0269.jpg,2_1,10516,train
2_1_0270.jpg,2_1,30783,train
2_1_0271.jpg,2_1,50199,train
2_1_0273.jpg,2_1,29975,train
2_1_0275.jpg,2_1,51111,train
2_1_0276.jpg,2_1,3564,train
2_1_0278.jpg,2_1,24656,train
2_1_0280.jpg,2_1,11279,train
2_1_0281.jpg,2_1,39665,train
2_1_0282.jpg,2_1,11694,train
2_1_0285.jpg,2_1,18267,train
2_1_0288.jpg,2_1,4544,train
2_1_0289.jpg,2_1,30361,train
2_1_0291.jpg,2_1,28418,train
2_1_0292.jpg,2_1,34109,train
2_1_0293.jpg,2_1,35445,train
2_1_0294.jpg,2_1,39413,train
2_1_0295.jpg,2_1,15995,train
2_1_0296.jpg,2_1,25218,train
2_1_0297.jpg,2_1,50038,train
2_1_0298.jpg,2_1,37579,train
2_1_0300.jpg,2_1,19540,train
2_1_0301.jpg,2_1,18588,train
2_1_0302.jpg,2_1,18988,train
2_1_0303.jpg,2_1,10374,train
2_1_0304.jpg,2_1,35815,train
2_1_0306.jpg,2_1,44888,train
2_1_0307.jpg,2_1,55899,train
2_1_0308.jpg,2_1,15893,train
2_1_0309.jpg,2_1,24489,train
2_1_0310.jpg,2_1,41660,train
2_1_0311.jpg,2_1,25939,train
2_1_0313.jpg,2_1,26164,train
2_1_0314.jpg,2_1,807,train
2_1_0315.jpg,2_1,41834,train
2_1_0316.jpg,2_1,28161,train
2_1_0318.jpg,2_1,17745,train
2_1_0319.jpg,2_1,9868,train
2_1_0320.jpg,2_1,40311,train
2_1_0321.jpg,2_1,32665,train
2_1_0323.jpg,2_1,28660,train
2_1_0324.jpg,2_1,38972,train
2_1_0326.jpg,2_1,41260,train
2_1_0327.jpg,2_1,29041,train
2_1_0331.jpg,2_1,12232,train
2_1_0332.jpg,2_1,24729,train
2_1_0333.jpg,2_1,35766,train
2_1_0334.jpg,2_1,54781,train
2_1_0335.jpg,2_1,34149,train
2_1_0336.jpg,2_1,55040,train
2_1_0337.jpg,2_1,28564,train
2_1_0338.jpg,2_1,28507,train
2_1_0339.jpg,2_1,2374,train
2_1_0340.jpg,2_1,36565,train
2_1_0342.jpg,2_1,619,train
2_1_0343.jpg,2_1,4829,train
2_1_0344.jpg,2_1,58837,train
2_1_0345.jpg,2_1,44841,train
2_1_0350.jpg,2_1,23508,train
2_1_0351.jpg,2_1,20818,train
2_1_0354.jpg,2_1,11615,train
2_1_0355.jpg,2_1,3820,train
2_1_0356.jpg,2_1,29543,train
2_1_0358.jpg,2_1,3351,train
2_1_0359.jpg,2_1,55305,train
2_1_0361.jpg,2_1,15196,train
2_1_0362.jpg,2_1,11186,train
2_1_0364.jpg,2_1,30666,train
2_1_0365.jpg,2_1,19081,train
2_1_0366.jpg,2_1,21718,train
2_1_0367.jpg,2_1,15224,train
2_1_0368.jpg,2_1,50798,train
2_1_0369.jpg,2_1,34512,train
2_1_0370.jpg,2_1,50020,train
2_1_0373.jpg,2_1,18162,train
2_1_0374.jpg,2_1,26280,train
2_1_0378.jpg,2_1,42077,train
2_1_0379.jpg,2_1,10012,train
2_1_0380.jpg,2_1,15790,train
2_1_0381.jpg,2_1,24079,train
2_1_0382.jpg,2_1,36624,train
2_1_0383.jpg,2_1,53891,train
2_1_0384.jpg,2_1,34510,train
2_1_0385.jpg,2_1,11278,train
2_1_0387.jpg,2_1,1496,train
2_1_0389.jpg,2_1,50713,train
2_1_0390.jpg,2_1,14000,train
2_1_0391.jpg,2_1,35141,train
2_1_0392.jpg,2_1,26789,train
2_1_0393.jpg,2_1,56002,train
2_1_0394.jpg,2_1,35760,train
2_1_0395.jpg,2_1,35293,train
2_1_0397.jpg,2_1,24608,train
2_1_0398.jpg,2_1,42235,train
2_1_0400.jpg,2_1,54058,train
2_1_0403.jpg,2_1,8475,train
2_1_0404.jpg,2_1,41781,train
2_1_0406.jpg,2_1,37194,train
2_1_0407.jpg,2_1,13300,train
2_1_0408.jpg,2_1,15771,train
2_1_0410.jpg,2_1,3762,train
2_1_0412.jpg,2_1,44613,train
2_1_0413.jpg,2_1,13107,train
2_1_0414.jpg,2_1,11616,train
2_1_0415.jpg,2_1,50734,train
2_1_0418.jpg,2_1,41085,train
2_1_0419.jpg,2_1,35216,train
2_1_0420.jpg,2_1,50993,train
2_1_0422.jpg,2_1,56192,train
2_1_0423.jpg,2_1,17552,train
2_1_0425.jpg,2_1,11798,train
2_1_0427.jpg,2_1,37191,train
2_1_0428.jpg,2_1,27762,train
2_1_0431.jpg,2_1,23346,train
2_1_0432.jpg,2_1,40488,train
2_1_0434.jpg,2_1,24698,train
2_1_0438.jpg,2_1,51363,train
2_1_0439.jpg,2_1,34112,train
2_1_0440.jpg,2_1,8310,train
2_1_0441.jpg,2_1,36636,train
2_1_0442.jpg,2_1,27640,train
2_1_0443.jpg,2_1,20781,train
2_1_0444.jpg,2_1,13742,train
2_1_0445.jpg,2_1,41196,train
2_1_0446.jpg,2_1,11352,train
2_1_0448.jpg,2_1,57299,train
2_1_0449.jpg,2_1,2315,train
2_1_0450.jpg,2_1,4984,train
2_1_0451.jpg,2_1,31434,train
2_1_0452.jpg,2_1,25208,train
2_1_0453.jpg,2_1,14519,train
2_1_0454.jpg,2_1,54225,train
2_1_0455.jpg,2_1,22075,train
2_1_0458.jpg,2_1,22256,train
2_1_0459.jpg,2_1,56145,train
2_1_0463.jpg,2_1,57050,train
2_1_0464.jpg,2_1,336,train
2_1_0465.jpg,2_1,27681,train
2_1_0467.jpg,2_1,14842,train
2_1_0468.jpg,2_1,18941,train
2_1_0469.jpg,2_1,12559,train
2_1_0470.jpg,2_1,2649,train
2_1_0471.jpg,2_1,15202,train
2_1_0472.jpg,2_1,1517,train
2_1_0474.jpg,2_1,24775,train
2_1_0476.jpg,2_1,30327,train
2_1_0477.jpg,2_1,1587,train
2_1_0479.jpg,2_1,27056,train
2_1_0480.jpg,2_1,6642,train
2_1_0481.jpg,2_1,14616,train
2_1_0483.jpg,2_1,48601,train
2_1_0484.jpg,2_1,12809,train
2_1_0487.jpg,2_1,40770,train
2_1_0488.jpg,2_1,34363,train
2_1_0490.jpg,2_1,56768,train
2_1_0493.jpg,2_1,45793,train
2_1_0495.jpg,2_1,4281,train
2_1_0498.jpg,2_1,41526,train
2_1_0500.jpg,2_1,8314,train
2_1_0502.jpg,2_1,36884,train
2_1_0503.jpg,2_1,39109,train
2_1_0505.jpg,2_1,44441,train
2_1_0507.jpg,2_1,9659,train
2_1_0508.jpg,2_1,10562,train
2_1_0509.jpg,2_1,30231,train
2_1_0510.jpg,2_1,59126,train
2_1_0513.jpg,2_1,14523,train
2_1_0517.jpg,2_1,35758,train
2_1_0518.jpg,2_1,57314,train
2_1_0520.jpg,2_1,28501,train
2_1_0521.jpg,2_1,41087,train
2_1_0522.jpg,2_1,46078,train
2_1_0524.jpg,2_1,39387,train
2_1_0525.jpg,2_1,11800,train
2_1_0526.jpg,2_1,12823,train
2_1_0528.jpg,2_1,23151,train
2_1_0529.jpg,2_1,39385,train
2_1_0530.jpg,2_1,40973,train
2_1_0531.jpg,2_1,24346,train
2_1_0532.jpg,2_1,37729,train
2_1_0533.jpg,2_1,31606,train
2_1_0535.jpg,2_1,36669,train
2_1_0536.jpg,2_1,38124,train
2_1_0539.jpg,2_1,39164,train
2_1_0540.jpg,2_1,26107,train
2_1_0542.jpg,2_1,17097,train
2_1_0543.jpg,2_1,42445,train
2_1_0544.jpg,2_1,8947,train
2_1_0545.jpg,2_1,10916,train
2_1_0546.jpg,2_1,39465,train
2_1_0547.jpg,2_1,11594,train
2_1_0548.jpg,2_1,35395,train
2_1_0549.jpg,2_1,15036,train
2_1_0550.jpg,2_1,53807,train
2_1_0551.jpg,2_1,8165,train
2_1_0552.jpg,2_1,56146,train
2_1_0553.jpg,2_1,54061,train
2_1_0554.jpg,2_1,54062,train
2_1_0555.jpg,2_1,30884,train
2_1_0556.jpg,2_1,13750,train
2_1_0557.jpg,2_1,33743,train
2_1_0558.jpg,2_1,38870,train
2_1_0559.jpg,2_1,5751,train
2_1_0560.jpg,2_1,57577,train
2_1_0561.jpg,2_1,29863,train
2_1_0562.jpg,2_1,33436,train
2_1_0563.jpg,2_1,12101,train
2_1_0564.jpg,2_1,55120,train
2_1_0565.jpg,2_1,46449,train
2_1_0566.jpg,2_1,22852,train
2_1_0568.jpg,2_1,43477,train
2_1_0569.jpg,2_1,24004,train
2_1_0570.jpg,2_1,12374,train
2_1_0572.jpg,2_1,53805,train
2_1_0573.jpg,2_1,34759,train
2_1_0574.jpg,2_1,12843,train
2_1_0576.jpg,2_1,55011,train
2_1_0578.jpg,2_1,39329,train
2_1_0579.jpg,2_1,54050,train
2_1_0582.jpg,2_1,59180,train
2_1_0586.jpg,2_1,29544,train
2_1_0587.jpg,2_1,31711,train
2_1_0588.jpg,2_1,33414,train
2_1_0590.jpg,2_1,19593,train
2_1_0592.jpg,2_1,54513,train
2_1_0593.jpg,2_1,36832,train
2_1_0594.jpg,2_1,9226,train
2_1_0595.jpg,2_1,15821,train
2_1_0596.jpg,2_1,3067,train
2_1_0601.jpg,2_1,38643,train
2_1_0605.jpg,2_1,29695,train
2_1_0606.jpg,2_1,54561,train
2_1_0608.jpg,2_1,10894,train
2_1_0609.jpg,2_1,6645,train
2_1_0610.jpg,2_1,17604,train
2_1_0612.jpg,2_1,4864,train
2_1_0614.jpg,2_1,27488,train
2_1_0615.jpg,2_1,40483,train
2_1_0617.jpg,2_1,43906,train
2_1_0620.jpg,2_1,23222,train
2_1_0621.jpg,2_1,47093,train
2_1_0623.jpg,2_1,32658,train
2_1_0624.jpg,2_1,39382,train
2_1_0625.jpg,2_1,12630,train
2_1_0627.jpg,2_1,56749,train
2_1_0630.jpg,2_1,29535,train
2_1_0632.jpg,2_1,23690,train
2_1_0633.jpg,2_1,36540,train
2_1_0634.jpg,2_1,57436,train
2_1_0635.jpg,2_1,6797,train
2_1_0637.jpg,2_1,21987,train
2_1_0638.jpg,2_1,28926,train
2_1_0640.jpg,2_1,15699,train
2_1_0641.jpg,2_1,26168,train
2_1_0642.jpg,2_1,28208,train
2_1_0643.jpg,2_1,30775,train
2_1_0644.jpg,2_1,13453,train
2_1_0645.jpg,2_1,611,train
2_1_0646.jpg,2_1,44872,train
2_1_0649.jpg,2_1,14775,train
2_1_0650.jpg,2_1,35724,train
2_1_0651.jpg,2_1,50159,train
2_1_0652.jpg,2_1,45014,train
2_1_0653.jpg,2_1,53959,train
2_1_0654.jpg,2_1,33836,train
2_1_0656.jpg,2_1,36618,train
2_1_0657.jpg,2_1,4240,train
2_1_0658.jpg,2_1,39872,train
2_1_0659.jpg,2_1,2007,train
2_1_0661.jpg,2_1,10277,train
2_1_0662.jpg,2_1,29882,train
2_1_0663.jpg,2_1,55072,train
2_1_0665.jpg,2_1,54887,train
2_1_0666.jpg,2_1,36991,train
2_1_0668.jpg,2_1,28209,train
2_1_0669.jpg,2_1,12956,train
2_1_0671.jpg,2_1,2215,train
2_1_0672.jpg,2_1,30370,train
2_1_0673.jpg,2_1,18804,train
2_1_0677.jpg,2_1,39880,train
2_1_0678.jpg,2_1,12172,train
2_1_0679.jpg,2_1,25204,train
2_1_0680.jpg,2_1,39862,train
2_1_0681.jpg,2_1,56288,train
2_1_0682.jpg,2_1,36791,train
2_1_0683.jpg,2_1,48540,train
2_1_0684.jpg,2_1,10346,train
2_1_0685.jpg,2_1,29665,train
2_1_0686.jpg,2_1,31705,train
2_1_0687.jpg,2_1,23739,train
2_1_0690.jpg,2_1,10125,train
2_1_0691.jpg,2_1,46974,train
2_1_0692.jpg,2_1,12816,train
2_1_0694.jpg,2_1,46771,train
2_1_0695.jpg,2_1,21209,train
2_1_0698.jpg,2_1,16354,train
2_1_0700.jpg,2_1,12027,train
2_1_0701.jpg,2_1,16092,train
2_1_0704.jpg,2_1,18896,train
2_1_0705.jpg,2_1,57800,train
2_1_0707.jpg,2_1,10013,train
2_1_0709.jpg,2_1,44655,train
2_1_0711.jpg,2_1,54179,train
2_1_0712.jpg,2_1,55304,train
2_1_0713.jpg,2_1,40780,train
2_1_0714.jpg,2_1,54223,train
2_1_0716.jpg,2_1,29957,train
2_1_0717.jpg,2_1,16863,train
2_1_0719.jpg,2_1,9101,train
2_1_0720.jpg,2_1,42136,train
2_1_0721.jpg,2_1,29110,train
2_1_0722.jpg,2_1,27567,train
2_1_0724.jpg,2_1,6985,train
2_1_0726.jpg,2_1,46439,train
2_1_0728.jpg,2_1,29667,train
2_1_0729.jpg,2_1,41670,train
2_1_0730.jpg,2_1,40979,train
2_1_0731.jpg,2_1,3769,train
2_1_0732.jpg,2_1,7086,train
2_1_0733.jpg,2_1,35145,train
2_1_0734.jpg,2_1,28152,train
2_1_0738.jpg,2_1,35891,train
2_1_0739.jpg,2_1,41697,train
2_1_0740.jpg,2_1,55342,train
2_1_0741.jpg,2_1,53300,train
2_1_0742.jpg,2_1,4041,train
2_1_0743.jpg,2_1,40812,train
2_1_0746.jpg,2_1,30200,train
2_1_0747.jpg,2_1,58516,train
2_1_0750.jpg,2_1,16861,train
2_1_0754.jpg,2_1,10867,train
2_1_0755.jpg,2_1,45948,train
2_1_0756.jpg,2_1,18828,train
2_1_0757.jpg,2_1,3815,train
2_1_0758.jpg,2_1,25448,train
2_1_0759.jpg,2_1,40217,train
2_1_0760.jpg,2_1,48542,train
2_1_0761.jpg,2_1,48455,train
2_1_0762.jpg,2_1,17766,train
2_1_0763.jpg,2_1,34410,train
2_1_0765.jpg,2_1,36126,train
2_1_0766.jpg,2_1,37210,train
2_1_0767.jpg,2_1,31547,train
2_1_0768.jpg,2_1,57342,train
2_1_0769.jpg,2_1,6641,train
2_1_0770.jpg,2_1,31454,train
2_1_0771.jpg,2_1,8602,train
2_1_0773.jpg,2_1,11502,train
2_1_0776.jpg,2_1,28076,train
2_1_0777.jpg,2_1,25784,train
2_1_0778.jpg,2_1,57881,train
2_1_0779.jpg,2_1,16826,train
2_1_0780.jpg,2_1,31430,train
2_1_0781.jpg,2_1,10599,train
2_1_0782.jpg,2_1,55863,train
2_1_0783.jpg,2_1,15812,train
2_1_0784.jpg,2_1,33343,train
2_1_0785.jpg,2_1,29664,train
2_1_0786.jpg,2_1,36395,train
2_1_0787.jpg,2_1,14687,train
2_1_0788.jpg,2_1,10891,train
2_1_0790.jpg,2_1,53962,train
2_1_0793.jpg,2_1,14634,train
2_1_0794.jpg,2_1,48608,train
2_1_0795.jpg,2_1,11472,train
2_1_0796.jpg,2_1,38879,train
2_1_0798.jpg,2_1,1943,train
2_1_0800.jpg,2_1,29542,train
2_1_0802.jpg,2_1,23022,train
2_1_0803.jpg,2_1,31820,train
2_1_0804.jpg,2_1,43955,train
2_1_0806.jpg,2_1,24168,train
2_1_0808.jpg,2_1,17570,train
2_1_0810.jpg,2_1,28542,train
2_1_0812.jpg,2_1,46457,train
2_1_0814.jpg,2_1,48610,train
2_1_0815.jpg,2_1,3771,train
2_1_0816.jpg,2_1,31517,train
2_1_0817.jpg,2_1,15089,train
2_1_0818.jpg,2_1,57301,train
2_1_0819.jpg,2_1,35548,train
2_1_0820.jpg,2_1,17541,train
2_1_0821.jpg,2_1,18032,train
2_1_0822.jpg,2_1,19556,train
2_1_0823.jpg,2_1,18206,train
2_1_0824.jpg,2_1,40046,train
2_1_0825.jpg,2_1,37360,train
2_1_0826.jpg,2_1,34428,train
2_1_0827.jpg,2_1,24746,train
2_1_0828.jpg,2_1,40527,train
2_1_0829.jpg,2_1,28111,train
2_1_0830.jpg,2_1,40781,train
2_1_0832.jpg,2_1,50226,train
2_1_0833.jpg,2_1,24853,train
2_1_0834.jpg,2_1,29618,train
2_1_0835.jpg,2_1,42138,train
2_1_0837.jpg,2_1,35054,train
2_1_0838.jpg,2_1,54679,train
2_1_0839.jpg,2_1,40263,train
2_1_0840.jpg,2_1,41669,train
2_1_0842.jpg,2_1,35804,train
2_1_0843.jpg,2_1,45497,train
2_1_0844.jpg,2_1,48715,train
2_1_0846.jpg,2_1,18028,train
2_1_0847.jpg,2_1,21617,train
2_1_0848.jpg,2_1,58297,train
2_1_0849.jpg,2_1,15741,train
2_1_0852.jpg,2_1,43201,train
2_1_0853.jpg,2_1,35219,train
2_1_0854.jpg,2_1,53343,train
2_1_0855.jpg,2_1,47914,train
2_1_0856.jpg,2_1,14431,train
2_1_0858.jpg,2_1,10859,train
2_1_0859.jpg,2_1,17929,train
2_1_0860.jpg,2_1,27514,train
2_1_0861.jpg,2_1,40805,train
2_1_0862.jpg,2_1,47133,train
2_1_0863.jpg,2_1,16349,train
2_1_0864.jpg,2_1,40043,train
2_1_0865.jpg,2_1,11353,train
2_1_0866.jpg,2_1,23746,train
2_1_0867.jpg,2_1,40918,train
2_1_0868.jpg,2_1,33338,train
2_1_0870.jpg,2_1,6662,train
2_1_0872.jpg,2_1,45254,train
2_1_0873.jpg,2_1,35416,train
2_1_0874.jpg,2_1,24687,train
2_1_0875.jpg,2_1,35998,train
2_1_0876.jpg,2_1,10601,train
2_1_0877.jpg,2_1,35446,train
2_1_0879.jpg,2_1,2787,train
2_1_0880.jpg,2_1,30044,train
2_1_0881.jpg,2_1,11799,train
2_1_0882.jpg,2_1,31473,train
2_1_0883.jpg,2_1,16002,train
2_1_0884.jpg,2_1,15717,train
2_1_0885.jpg,2_1,3781,train
2_1_0887.jpg,2_1,42267,train
2_1_0889.jpg,2_1,42139,train
2_1_0890.jpg,2_1,40775,train
2_1_0892.jpg,2_1,10379,train
2_1_0893.jpg,2_1,2011,train
2_1_0895.jpg,2_1,16729,train
2_1_0896.jpg,2_1,51851,train
2_1_0898.jpg,2_1,38876,train
2_1_0900.jpg,2_1,24748,train
2_1_0901.jpg,2_1,28709,train
2_1_0902.jpg,2_1,13737,train
2_1_0903.jpg,2_1,4728,train
2_1_0906.jpg,2_1,8454,train
2_1_0907.jpg,2_1,44991,train
2_1_0908.jpg,2_1,57147,train
2_1_0910.jpg,2_1,1694,train
2_1_0911.jpg,2_1,47891,train
2_1_0914.jpg,2_1,15907,train
2_1_0915.jpg,2_1,28296,train
2_1_0916.jpg,2_1,39354,train
2_1_0917.jpg,2_1,135,train
2_1_0918.jpg,2_1,33720,train
2_1_0920.jpg,2_1,54683,train
2_1_0921.jpg,2_1,38136,train
2_1_0922.jpg,2_1,20522,train
2_1_0923.jpg,2_1,10921,train
2_1_0924.jpg,2_1,48526,train
2_1_0925.jpg,2_1,34340,train
2_1_0926.jpg,2_1,9038,train
2_1_0927.jpg,2_1,48599,train
2_1_0928.jpg,2_1,51355,train
2_1_0930.jpg,2_1,53298,train
2_1_0932.jpg,2_1,36306,train
2_1_0933.jpg,2_1,42183,train
2_1_0934.jpg,2_1,4344,train
2_1_0935.jpg,2_1,36116,train
2_1_0936.jpg,2_1,35406,train
2_1_0937.jpg,2_1,25932,train
2_1_0938.jpg,2_1,1632,train
2_1_0939.jpg,2_1,34024,train
2_1_0940.jpg,2_1,8962,train
2_1_0941.jpg,2_1,32292,train
2_1_0944.jpg,2_1,55784,train
2_1_0946.jpg,2_1,15281,train
2_1_0947.jpg,2_1,4440,train
2_1_0948.jpg,2_1,51706,train
2_1_0950.jpg,2_1,42937,train
2_1_0954.jpg,2_1,41313,train
2_1_0955.jpg,2_1,3758,train
2_1_0956.jpg,2_1,28420,train
2_1_0957.jpg,2_1,21823,train
2_1_0959.jpg,2_1,21586,train
2_1_0964.jpg,2_1,36637,train
2_1_0966.jpg,2_1,42366,train
2_1_0967.jpg,2_1,25914,train
2_1_0968.jpg,2_1,3711,train
2_1_0969.jpg,2_1,20904,train
2_1_0971.jpg,2_1,34022,train
2_1_0974.jpg,2_1,27521,train
2_1_0975.jpg,2_1,14228,train
2_1_0976.jpg,2_1,35057,train
2_1_0977.jpg,2_1,39885,train
2_1_0978.jpg,2_1,36771,train
2_1_0981.jpg,2_1,31607,train
2_1_0982.jpg,2_1,20331,train
2_1_0984.jpg,2_1,44886,train
2_1_0985.jpg,2_1,48041,train
2_1_0987.jpg,2_1,10694,train
2_1_0988.jpg,2_1,38976,train
2_1_0990.jpg,2_1,19548,train
2_1_0992.jpg,2_1,28463,train
2_1_0994.jpg,2_1,10512,train
2_1_0995.jpg,2_1,30772,train
2_1_0996.jpg,2_1,28539,train
2_1_0997.jpg,2_1,29442,train
2_1_0999.jpg,2_1,57876,train
5_16_0000.jpg,5_16,44192,train
5_16_0001.jpg,5_16,19147,train
5_16_0002.jpg,5_16,45987,train
5_16_0003.jpg,5_16,33245,train
5_16_0004.jpg,5_16,46730,train
5_16_0005.jpg,5_16,6852,train
5_16_0006.jpg,5_16,33291,train
5_16_0007.jpg,5_16,44915,train
5_16_0008.jpg,5_16,27443,train
5_16_0009.jpg,5_16,9301,train
5_16_0010.jpg,5_16,11659,train
5_16_0012.jpg,5_16,35044,train
5_16_0013.jpg,5_16,53675,train
5_16_0014.jpg,5_16,18575,train
5_16_0015.jpg,5_16,4259,train
5_16_0016.jpg,5_16,17492,train
5_16_0017.jpg,5_16,45072,train
5_16_0019.jpg,5_16,16167,train
5_16_0020.jpg,5_16,11094,train
5_16_0022.jpg,5_16,35232,train
5_16_0023.jpg,5_16,34792,train
5_16_0025.jpg,5_16,4447,train
5_16_0026.jpg,5_16,18087,train
5_16_0031.jpg,5_16,17249,train
5_16_0032.jpg,5_16,54793,train
5_16_0033.jpg,5_16,35238,train
5_16_0035.jpg,5_16,30795,train
5_16_0036.jpg,5_16,27696,train
5_16_0037.jpg,5_16,25565,train
5_16_0040.jpg,5_16,20106,train
5_16_0041.jpg,5_16,53276,train
5_16_0042.jpg,5_16,54011,train
5_16_0044.jpg,5_16,15459,train
5_16_0046.jpg,5_16,26430,train
5_16_0047.jpg,5_16,46616,train
5_16_0049.jpg,5_16,28139,train
5_16_0050.jpg,5_16,52346,train
5_16_0051.jpg,5_16,20797,train
5_16_0052.jpg,5_16,16022,train
5_16_0053.jpg,5_16,17163,train
5_16_0054.jpg,5_16,11593,train
5_16_0056.jpg,5_16,19621,train
5_16_0057.jpg,5_16,46561,train
5_16_0058.jpg,5_16,13075,train
5_16_0059.jpg,5_16,31280,train
5_16_0060.jpg,5_16,33032,train
5_16_0061.jpg,5_16,10679,train
5_16_0062.jpg,5_16,57350,train
5_16_0065.jpg,5_16,29140,train
5_16_0068.jpg,5_16,34786,train
5_16_0069.jpg,5_16,53532,train
5_16_0070.jpg,5_16,23085,train
5_16_0071.jpg,5_16,15857,train
5_16_0072.jpg,5_16,20812,train
5_16_0073.jpg,5_16,17301,train
5_16_0074.jpg,5_16,23863,train
5_16_0075.jpg,5_16,52421,train
5_16_0077.jpg,5_16,34781,train
5_16_0079.jpg,5_16,35736,train
5_16_0080.jpg,5_16,50099,train
5_16_0081.jpg,5_16,57767,train
5_16_0082.jpg,5_16,16937,train
5_16_0083.jpg,5_16,12939,train
5_16_0085.jpg,5_16,30348,train
5_16_0086.jpg,5_16,42595,train
5_16_0087.jpg,5_16,51271,train
5_16_0088.jpg,5_16,54554,train
5_16_0089.jpg,5_16,43290,train
5_16_0091.jpg,5_16,11575,train
5_16_0092.jpg,5_16,16081,train
5_16_0093.jpg,5_16,30927,train
5_16_0094.jpg,5_16,11594,train
5_16_0096.jpg,5_16,49909,train
5_16_0100.jpg,5_16,57570,train
5_16_0102.jpg,5_16,16762,train
5_16_0103.jpg,5_16,44784,train
5_16_0106.jpg,5_16,16051,train
5_16_0107.jpg,5_16,54099,train
5_16_0108.jpg,5_16,18084,train
5_16_0110.jpg,5_16,18989,train
5_16_0111.jpg,5_16,18752,train
5_16_0113.jpg,5_16,23295,train
5_16_0114.jpg,5_16,33011,train
5_16_0115.jpg,5_16,54105,train
5_16_0116.jpg,5_16,28050,train
5_16_0117.jpg,5_16,12330,train
5_16_0120.jpg,5_16,57473,train
5_16_0121.jpg,5_16,27442,train
5_16_0122.jpg,5_16,16080,train
5_16_0123.jpg,5_16,29897,train
5_16_0124.jpg,5_16,54931,train
5_16_0125.jpg,5_16,13546,train
5_16_0126.jpg,5_16,53357,train
5_16_0127.jpg,5_16,19271,train
5_16_0129.jpg,5_16,19444,train
5_16_0130.jpg,5_16,32522,train
5_16_0132.jpg,5_16,3863,train
5_16_0133.jpg,5_16,12375,train
5_16_0135.jpg,5_16,26681,train
5_16_0137.jpg,5_16,43579,train
5_16_0138.jpg,5_16,4126,train
5_16_0141.jpg,5_16,28326,train
5_16_0142.jpg,5_16,29792,train
5_16_0143.jpg,5_16,51449,train
5_16_0144.jpg,5_16,24916,train
5_16_0146.jpg,5_16,28761,train
5_16_0147.jpg,5_16,47682,train
5_16_0148.jpg,5_16,11544,train
5_16_0149.jpg,5_16,9598,train
5_16_0150.jpg,5_16,18369,train
5_16_0151.jpg,5_16,45176,train
5_16_0153.jpg,5_16,51490,train
5_16_0155.jpg,5_16,21021,train
5_16_0158.jpg,5_16,30529,train
5_16_0159.jpg,5_16,31107,train
5_16_0160.jpg,5_16,33006,train
5_16_0161.jpg,5_16,42601,train
5_16_0163.jpg,5_16,36100,train
5_16_0164.jpg,5_16,53775,train
5_16_0165.jpg,5_16,14608,train
5_16_0167.jpg,5_16,23980,train
5_16_0168.jpg,5_16,49954,train
5_16_0170.jpg,5_16,27039,train
5_16_0171.jpg,5_16,47332,train
5_16_0172.jpg,5_16,25197,train
5_16_0173.jpg,5_16,17358,train
5_16_0174.jpg,5_16,13793,train
5_16_0175.jpg,5_16,7994,train
5_16_0176.jpg,5_16,28338,train
5_16_0177.jpg,5_16,39362,train
5_16_0178.jpg,5_16,43671,train
5_16_0181.jpg,5_16,31901,train
5_16_0182.jpg,5_16,30530,train
5_16_0183.jpg,5_16,20295,train
5_16_0184.jpg,5_16,18569,train
5_16_0185.jpg,5_16,53246,train
5_16_0186.jpg,5_16,53764,train
5_16_0187.jpg,5_16,49964,train
5_16_0189.jpg,5_16,30338,train
5_16_0190.jpg,5_16,53203,train
5_16_0192.jpg,5_16,13212,train
5_16_0193.jpg,5_16,40941,train
5_16_0194.jpg,5_16,53461,train
5_16_0195.jpg,5_16,48084,train
5_16_0196.jpg,5_16,23971,train
5_16_0200.jpg,5_16,27784,train
5_16_0202.jpg,5_16,50418,train
5_16_0203.jpg,5_16,28177,train
5_16_0205.jpg,5_16,743,train
5_16_0206.jpg,5_16,14666,train
5_16_0207.jpg,5_16,44596,train
5_16_0208.jpg,5_16,17114,train
5_16_0209.jpg,5_16,26612,train
5_16_0210.jpg,5_16,35228,train
5_16_0211.jpg,5_16,42919,train
5_16_0212.jpg,5_16,35229,train
5_16_0213.jpg,5_16,7161,train
5_16_0214.jpg,5_16,42791,train
5_16_0215.jpg,5_16,8050,train
5_16_0217.jpg,5_16,35036,train
5_16_0218.jpg,5_16,58946,train
5_16_0219.jpg,5_16,28238,train
5_16_0220.jpg,5_16,11573,train
5_16_0222.jpg,5_16,53410,train
5_16_0223.jpg,5_16,47341,train
5_16_0224.jpg,5_16,57254,train
5_16_0226.jpg,5_16,15624,train
5_16_0227.jpg,5_16,16730,train
5_16_0228.jpg,5_16,13792,train
5_16_0232.jpg,5_16,35227,train
5_16_0233.jpg,5_16,17528,train
5_16_0235.jpg,5_16,53578,train
5_16_0236.jpg,5_16,42798,train
5_16_0238.jpg,5_16,6683,train
5_16_0239.jpg,5_16,7162,train
5_16_0240.jpg,5_16,5841,train
5_16_0241.jpg,5_16,17244,train
5_16_0242.jpg,5_16,32285,train
5_16_0244.jpg,5_16,54109,train
5_16_0245.jpg,5_16,48082,train
5_16_0246.jpg,5_16,17724,train
5_16_0250.jpg,5_16,31100,train
5_16_0251.jpg,5_16,18777,train
5_16_0252.jpg,5_16,40877,train
5_16_0254.jpg,5_16,32356,train
5_16_0257.jpg,5_16,54841,train
5_16_0258.jpg,5_16,52292,train
5_16_0259.jpg,5_16,29137,train
5_16_0260.jpg,5_16,50824,train
5_16_0261.jpg,5_16,2018,train
5_16_0263.jpg,5_16,32161,train
5_16_0264.jpg,5_16,14717,train
5_16_0265.jpg,5_16,30270,train
5_16_0266.jpg,5_16,3025,train
5_16_0268.jpg,5_16,26732,train
5_16_0270.jpg,5_16,8051,train
5_16_0271.jpg,5_16,51355,train
5_16_0273.jpg,5_16,54473,train
5_16_0274.jpg,5_16,37570,train
5_16_0275.jpg,5_16,17699,train
5_16_0276.jpg,5_16,24025,train
5_16_0277.jpg,5_16,4440,train
5_16_0278.jpg,5_16,14721,train
5_16_0279.jpg,5_16,20310,train
5_16_0280.jpg,5_16,2445,train
5_16_0281.jpg,5_16,45528,train
5_16_0282.jpg,5_16,30548,train
5_16_0284.jpg,5_16,17994,train
5_16_0285.jpg,5_16,43361,train
5_16_0287.jpg,5_16,43252,train
5_16_0288.jpg,5_16,53348,train
5_16_0291.jpg,5_16,17275,train
5_16_0292.jpg,5_16,54104,train
5_16_0293.jpg,5_16,21218,train
5_16_0294.jpg,5_16,31789,train
5_16_0295.jpg,5_16,51268,train
5_16_0296.jpg,5_16,54552,train
5_16_0297.jpg,5_16,36817,train
5_16_0298.jpg,5_16,30776,train
5_16_0299.jpg,5_16,19625,train
5_16_0300.jpg,5_16,48386,train
5_16_0301.jpg,5_16,54928,train
5_16_0302.jpg,5_16,32869,train
5_16_0303.jpg,5_16,56578,train
5_16_0304.jpg,5_16,33371,train
5_16_0308.jpg,5_16,27698,train
5_16_0310.jpg,5_16,23167,train
5_16_0311.jpg,5_16,28763,train
5_16_0313.jpg,5_16,52143,train
5_16_0314.jpg,5_16,51302,train
5_16_0315.jpg,5_16,33060,train
5_16_0316.jpg,5_16,27384,train
5_16_0317.jpg,5_16,28230,train
5_16_0318.jpg,5_16,15919,train
5_16_0319.jpg,5_16,55972,train
5_16_0320.jpg,5_16,37124,train
5_16_0322.jpg,5_16,33004,train
5_16_0325.jpg,5_16,6850,train
5_16_0326.jpg,5_16,28229,train
5_16_0327.jpg,5_16,12331,train
5_16_0329.jpg,5_16,45593,train
5_16_0331.jpg,5_16,51296,train
5_16_0333.jpg,5_16,20859,train
5_16_0334.jpg,5_16,55320,train
5_16_0338.jpg,5_16,14714,train
5_16_0342.jpg,5_16,54829,train
5_16_0343.jpg,5_16,23296,train
5_16_0345.jpg,5_16,8258,train
5_16_0347.jpg,5_16,43364,train
5_16_0348.jpg,5_16,32039,train
5_16_0350.jpg,5_16,13937,train
5_16_0351.jpg,5_16,17248,train
5_16_0352.jpg,5_16,376,train
5_16_0353.jpg,5_16,57439,train
5_16_0357.jpg,5_16,51223,train
5_16_0359.jpg,5_16,28201,train
5_16_0360.jpg,5_16,31395,train
5_16_0362.jpg,5_16,9573,train
5_16_0364.jpg,5_16,23702,train
5_16_0366.jpg,5_16,5441,train
5_16_0367.jpg,5_16,19668,train
5_16_0370.jpg,5_16,5000,train
5_16_0371.jpg,5_16,42585,train
5_16_0373.jpg,5_16,20108,train
5_16_0374.jpg,5_16,28300,train
5_16_0375.jpg,5_16,5442,train
5_16_0376.jpg,5_16,807,train
5_16_0377.jpg,5_16,28898,train
5_16_0378.jpg,5_16,14665,train
5_16_0380.jpg,5_16,28094,train
5_16_0381.jpg,5_16,47742,train
5_16_0383.jpg,5_16,54474,train
5_16_0384.jpg,5_16,52410,train
5_16_0385.jpg,5_16,17117,train
5_16_0386.jpg,5_16,50142,train
5_16_0387.jpg,5_16,27379,train
5_16_0388.jpg,5_16,20549,train
5_16_0390.jpg,5_16,32046,train
5_16_0391.jpg,5_16,48270,train
5_16_0392.jpg,5_16,26067,train
5_16_0393.jpg,5_16,20107,train
5_16_0394.jpg,5_16,1572,train
5_16_0397.jpg,5_16,20553,train
5_16_0398.jpg,5_16,19695,train
5_16_0400.jpg,5_16,44225,train
5_16_0402.jpg,5_16,12988,train
5_16_0403.jpg,5_16,42793,train
5_16_0405.jpg,5_16,20072,train
5_16_0406.jpg,5_16,17343,train
5_16_0407.jpg,5_16,31763,train
5_16_0408.jpg,5_16,25199,train
5_16_0409.jpg,5_16,508,train
5_16_0410.jpg,5_16,26434,train
5_16_0411.jpg,5_16,39356,train
5_16_0417.jpg,5_16,1282,train
5_16_0418.jpg,5_16,26504,train
5_16_0419.jpg,5_16,34161,train
5_16_0420.jpg,5_16,23859,train
5_16_0421.jpg,5_16,9688,train
5_16_0422.jpg,5_16,15464,train
5_16_0423.jpg,5_16,49457,train
5_16_0425.jpg,5_16,53356,train
5_16_0426.jpg,5_16,30403,train
5_16_0427.jpg,5_16,15456,train
5_16_0432.jpg,5_16,51267,train
5_16_0433.jpg,5_16,18085,train
5_16_0434.jpg,5_16,47796,train
5_16_0435.jpg,5_16,36377,train
5_16_0437.jpg,5_16,57156,train
5_16_0438.jpg,5_16,50420,train
5_16_0439.jpg,5_16,55078,train
5_16_0440.jpg,5_16,22533,train
5_16_0442.jpg,5_16,12605,train
5_16_0443.jpg,5_16,54782,train
5_16_0445.jpg,5_16,12249,train
5_16_0447.jpg,5_16,9685,train
5_16_0448.jpg,5_16,56724,train
5_16_0450.jpg,5_16,17843,train
5_16_0451.jpg,5_16,18928,train
5_16_0452.jpg,5_16,31995,train
5_16_0453.jpg,5_16,54259,train
5_16_0454.jpg,5_16,45563,train
5_16_0455.jpg,5_16,15207,train
5_16_0456.jpg,5_16,21093,train
5_16_0457.jpg,5_16,52142,train
5_16_0458.jpg,5_16,13224,train
5_16_0460.jpg,5_16,46609,train
5_16_0461.jpg,5_16,8913,train
5_16_0462.jpg,5_16,47681,train
5_16_0463.jpg,5_16,17021,train
5_16_0465.jpg,5_16,43469,train
5_16_0466.jpg,5_16,48081,train
5_16_0468.jpg,5_16,48510,train
5_16_0470.jpg,5_16,2710,train
5_16_0471.jpg,5_16,42538,train
5_16_0474.jpg,5_16,22441,train
5_16_0476.jpg,5_16,44082,train
5_16_0479.jpg,5_16,9601,train
5_16_0485.jpg,5_16,19879,train
5_16_0486.jpg,5_16,17161,train
5_16_0487.jpg,5_16,43864,train
5_16_0488.jpg,5_16,36556,train
5_16_0490.jpg,5_16,47155,train
5_16_0491.jpg,5_16,36859,train
5_16_0492.jpg,5_16,36808,train
5_16_0493.jpg,5_16,12352,train
5_16_0494.jpg,5_16,55438,train
5_16_0497.jpg,5_16,15622,train
5_16_0500.jpg,5_16,54788,train
5_16_0501.jpg,5_16,16241,train
5_16_0504.jpg,5_16,2863,train
5_16_0505.jpg,5_16,48552,train
5_16_0506.jpg,5_16,56452,train
5_16_0507.jpg,5_16,44086,train
5_16_0511.jpg,5_16,48394,train
5_16_0512.jpg,5_16,33012,train
5_16_0514.jpg,5_16,27526,train
5_16_0515.jpg,5_16,20247,train
5_16_0516.jpg,5_16,14807,train
5_16_0517.jpg,5_16,4445,train
5_16_0518.jpg,5_16,43728,train
5_16_0519.jpg,5_16,1861,train
5_16_0520.jpg,5_16,23969,train
5_16_0522.jpg,5_16,11095,train
5_16_0523.jpg,5_16,13940,train
5_16_0525.jpg,5_16,46696,train
5_16_0526.jpg,5_16,24914,train
5_16_0528.jpg,5_16,42858,train
5_16_0529.jpg,5_16,45146,train
5_16_0530.jpg,5_16,23799,train
5_16_0531.jpg,5_16,55442,train
5_16_0532.jpg,5_16,22364,train
5_16_0534.jpg,5_16,17328,train
5_16_0535.jpg,5_16,53399,train
5_16_0536.jpg,5_16,28297,train
5_16_0537.jpg,5_16,23798,train
5_16_0539.jpg,5_16,31288,train
5_16_0540.jpg,5_16,23864,train
5_16_0541.jpg,5_16,29790,train
5_16_0542.jpg,5_16,17498,train
5_16_0544.jpg,5_16,22686,train
5_16_0547.jpg,5_16,27477,train
5_16_0548.jpg,5_16,9650,train
5_16_0550.jpg,5_16,52478,train
5_16_0551.jpg,5_16,7573,train
5_16_0553.jpg,5_16,39299,train
5_16_0555.jpg,5_16,31102,train
5_16_0556.jpg,5_16,43554,train
5_16_0557.jpg,5_16,43189,train
5_16_0559.jpg,5_16,29138,train
5_16_0560.jpg,5_16,36814,train
5_16_0561.jpg,5_16,20040,train
5_16_0563.jpg,5_16,50582,train
5_16_0565.jpg,5_16,23294,train
5_16_0566.jpg,5_16,29584,train
5_16_0567.jpg,5_16,17564,train
5_16_0569.jpg,5_16,43349,train
5_16_0570.jpg,5_16,54809,train
5_16_0572.jpg,5_16,39958,train
5_16_0573.jpg,5_16,24243,train
5_16_0575.jpg,5_16,20993,train
5_16_0576.jpg,5_16,47333,train
5_16_0577.jpg,5_16,36104,train
5_16_0578.jpg,5_16,13359,train
5_16_0579.jpg,5_16,55017,train
5_16_0580.jpg,5_16,20300,train
5_16_0581.jpg,5_16,8150,train
5_16_0583.jpg,5_16,36856,train
5_16_0584.jpg,5_16,5989,train
5_16_0585.jpg,5_16,11543,train
5_16_0586.jpg,5_16,20244,train
5_16_0588.jpg,5_16,51299,train
5_16_0589.jpg,5_16,21381,train
5_16_0590.jpg,5_16,32282,train
5_16_0591.jpg,5_16,29900,train
5_16_0592.jpg,5_16,1851,train
5_16_0594.jpg,5_16,20296,train
5_16_0595.jpg,5_16,51295,train
5_16_0596.jpg,5_16,24241,train
5_16_0597.jpg,5_16,21026,train
5_16_0598.jpg,5_16,42581,train
5_16_0599.jpg,5_16,57914,train
5_16_0600.jpg,5_16,31398,train
5_16_0601.jpg,5_16,27987,train
5_16_0602.jpg,5_16,37574,train
5_16_0603.jpg,5_16,49912,train
5_16_0604.jpg,5_16,54932,train
5_16_0606.jpg,5_16,30337,train
5_16_0608.jpg,5_16,53659,train
5_16_0609.jpg,5_16,53201,train
5_16_0610.jpg,5_16,49910,train
5_16_0612.jpg,5_16,50239,train
5_16_0613.jpg,5_16,31285,train
5_16_0616.jpg,5_16,30532,train
5_16_0619.jpg,5_16,22689,train
5_16_0620.jpg,5_16,17593,train
5_16_0621.jpg,5_16,1963,train
5_16_0622.jpg,5_16,43641,train
5_16_0623.jpg,5_16,28499,train
5_16_0624.jpg,5_16,18004,train
5_16_0627.jpg,5_16,23490,train
5_16_0628.jpg,5_16,37125,train
5_16_0629.jpg,5_16,25004,train
5_16_0630.jpg,5_16,53279,train
5_16_0631.jpg,5_16,57441,train
5_16_0632.jpg,5_16,26068,train
5_16_0633.jpg,5_16,52140,train
5_16_0634.jpg,5_16,52305,train
5_16_0635.jpg,5_16,48396,train
5_16_0636.jpg,5_16,19253,train
5_16_0637.jpg,5_16,33288,train
5_16_0640.jpg,5_16,56612,train
5_16_0642.jpg,5_16,20041,train
5_16_0647.jpg,5_16,7812,train
5_16_0648.jpg,5_16,473,train
5_16_0649.jpg,5_16,43346,train
5_16_0652.jpg,5_16,17954,train
5_16_0653.jpg,5_16,806,train
5_16_0654.jpg,5_16,22594,train
5_16_0655.jpg,5_16,53463,train
5_16_0656.jpg,5_16,47944,train
5_16_0661.jpg,5_16,54840,train
5_16_0663.jpg,5_16,1298,train
5_16_0665.jpg,5_16,54792,train
5_16_0666.jpg,5_16,27444,train
5_16_0667.jpg,5_16,55018,train
5_16_0668.jpg,5_16,28194,train
5_16_0670.jpg,5_16,53352,train
5_16_0671.jpg,5_16,44367,train
5_16_0672.jpg,5_16,19852,train
5_16_0673.jpg,5_16,14615,train
5_16_0674.jpg,5_16,13745,train
5_16_0675.jpg,5_16,17723,train
5_16_0676.jpg,5_16,20413,train
5_16_0677.jpg,5_16,54612,train
5_16_0678.jpg,5_16,25644,train
5_16_0680.jpg,5_16,27037,train
5_16_0681.jpg,5_16,42584,train
5_16_0682.jpg,5_16,36373,train
5_16_0683.jpg,5_16,48271,train
5_16_0684.jpg,5_16,24551,train
5_16_0685.jpg,5_16,23298,train
5_16_0688.jpg,5_16,37105,train
5_16_0689.jpg,5_16,58454,train
5_16_0690.jpg,5_16,51018,train
5_16_0691.jpg,5_16,8939,train
5_16_0692.jpg,5_16,844,train
5_16_0694.jpg,5_16,12624,train
5_16_0696.jpg,5_16,44819,train
5_16_0698.jpg,5_16,23488,train
5_16_0699.jpg,5_16,21950,train
5_16_0700.jpg,5_16,50932,train
5_16_0701.jpg,5_16,27309,train
5_16_0702.jpg,5_16,7570,train
5_16_0703.jpg,5_16,11622,train
5_16_0705.jpg,5_16,55971,train
5_16_0710.jpg,5_16,42596,train
5_16_0712.jpg,5_16,18776,train
5_16_0713.jpg,5_16,23967,train
5_16_0714.jpg,5_16,39973,train
5_16_0717.jpg,5_16,39360,train
5_16_0718.jpg,5_16,12303,train
5_16_0720.jpg,5_16,33010,train
5_16_0721.jpg,5_16,8751,train
5_16_0722.jpg,5_16,13815,train
5_16_0724.jpg,5_16,23701,train
5_16_0725.jpg,5_16,11708,train
5_16_0726.jpg,5_16,32770,train
5_16_0727.jpg,5_16,31827,train
5_16_0728.jpg,5_16,3964,train
5_16_0731.jpg,5_16,52306,train
5_16_0732.jpg,5_16,23442,train
5_16_0734.jpg,5_16,58868,train
5_16_0735.jpg,5_16,36596,train
5_16_0737.jpg,5_16,20103,train
5_16_0738.jpg,5_16,37569,train
5_16_0739.jpg,5_16,12913,train
5_16_0740.jpg,5_16,28500,train
5_16_0741.jpg,5_16,25076,train
5_16_0742.jpg,5_16,12610,train
5_16_0743.jpg,5_16,27043,train
5_16_0744.jpg,5_16,37126,train
5_16_0745.jpg,5_16,40145,train
5_16_0748.jpg,5_16,14611,train
5_16_0749.jpg,5_16,13285,train
5_16_0750.jpg,5_16,30336,train
5_16_0751.jpg,5_16,46362,train
5_16_0752.jpg,5_16,34165,train
5_16_0753.jpg,5_16,27266,train
5_16_0754.jpg,5_16,14147,train
5_16_0755.jpg,5_16,17027,train
5_16_0756.jpg,5_16,13007,train
5_16_0757.jpg,5_16,20159,train
5_16_0758.jpg,5_16,47270,train
5_16_0759.jpg,5_16,53656,train
5_16_0761.jpg,5_16,14180,train
5_16_0762.jpg,5_16,13137,train
5_16_0763.jpg,5_16,33304,train
5_16_0764.jpg,5_16,13419,train
5_16_0766.jpg,5_16,39551,train
5_16_0767.jpg,5_16,1391,train
5_16_0768.jpg,5_16,28353,train
5_16_0769.jpg,5_16,43369,train
5_16_0770.jpg,5_16,39676,train
5_16_0771.jpg,5_16,12834,train
5_16_0772.jpg,5_16,24242,train
5_16_0773.jpg,5_16,54265,train
5_16_0774.jpg,5_16,19291,train
5_16_0776.jpg,5_16,27112,train
5_16_0777.jpg,5_16,29587,train
5_16_0778.jpg,5_16,27108,train
5_16_0780.jpg,5_16,10589,train
5_16_0781.jpg,5_16,19153,train
5_16_0782.jpg,5_16,44884,train
5_16_0783.jpg,5_16,27529,train
5_16_0785.jpg,5_16,34783,train
5_16_0788.jpg,5_16,52479,train
5_16_0789.jpg,5_16,20618,train
5_16_0790.jpg,5_16,48089,train
5_16_0791.jpg,5_16,30115,train
5_16_0792.jpg,5_16,42536,train
5_16_0794.jpg,5_16,32033,train
5_16_0795.jpg,5_16,45451,train
5_16_0796.jpg,5_16,32318,train
5_16_0798.jpg,5_16,20811,train
5_16_0800.jpg,5_16,19785,train
5_16_0801.jpg,5_16,28349,train
5_16_0803.jpg,5_16,24026,train
5_16_0805.jpg,5_16,36811,train
5_16_0806.jpg,5_16,40876,train
5_16_0807.jpg,5_16,35143,train
5_16_0808.jpg,5_16,14851,train
5_16_0809.jpg,5_16,20793,train
5_16_0811.jpg,5_16,57351,train
5_16_0812.jpg,5_16,3622,train
5_16_0813.jpg,5_16,48465,train
5_16_0815.jpg,5_16,45074,train
5_16_0816.jpg,5_16,28347,train
5_16_0817.jpg,5_16,11415,train
5_16_0818.jpg,5_16,43224,train
5_16_0819.jpg,5_16,17319,train
5_16_0820.jpg,5_16,23982,train
5_16_0822.jpg,5_16,18127,train
5_16_0823.jpg,5_16,44030,train
5_16_0825.jpg,5_16,11577,train
5_16_0826.jpg,5_16,47276,train
5_16_0827.jpg,5_16,51297,train
5_16_0828.jpg,5_16,54951,train
5_16_0830.jpg,5_16,43672,train
5_16_0832.jpg,5_16,5069,train
5_16_0833.jpg,5_16,55072,train
5_16_0834.jpg,5_16,12897,train
5_16_0837.jpg,5_16,19134,train
5_16_0838.jpg,5_16,42776,train
5_16_0840.jpg,5_16,44366,train
5_16_0842.jpg,5_16,1226,train
5_16_0843.jpg,5_16,26243,train
5_16_0844.jpg,5_16,22799,train
5_16_0846.jpg,5_16,46611,train
5_16_0847.jpg,5_16,36447,train
5_16_0849.jpg,5_16,53308,train
5_16_0850.jpg,5_16,17951,train
5_16_0852.jpg,5_16,2917,train
5_16_0854.jpg,5_16,14392,train
5_16_0855.jpg,5_16,28501,train
5_16_0857.jpg,5_16,12935,train
5_16_0858.jpg,5_16,14959,train
5_16_0859.jpg,5_16,17401,train
5_16_0860.jpg,5_16,33056,train
5_16_0861.jpg,5_16,30416,train
5_16_0863.jpg,5_16,47800,train
5_16_0864.jpg,5_16,21199,train
5_16_0866.jpg,5_16,13814,train
5_16_0867.jpg,5_16,47617,train
5_16_0868.jpg,5_16,29580,train
5_16_0869.jpg,5_16,6985,train
5_16_0870.jpg,5_16,14917,train
5_16_0871.jpg,5_16,2862,train
5_16_0872.jpg,5_16,18927,train
5_16_0873.jpg,5_16,24833,train
5_16_0875.jpg,5_16,19663,train
5_16_0876.jpg,5_16,57769,train
5_16_0878.jpg,5_16,32159,train
5_16_0879.jpg,5_16,44206,train
5_16_0880.jpg,5_16,48507,train
5_16_0881.jpg,5_16,23699,train
5_16_0882.jpg,5_16,43056,train
5_16_0883.jpg,5_16,20045,train
5_16_0884.jpg,5_16,44773,train
5_16_0886.jpg,5_16,3961,train
5_16_0887.jpg,5_16,20715,train
5_16_0888.jpg,5_16,47331,train
5_16_0889.jpg,5_16,44309,train
5_16_0890.jpg,5_16,39971,train
5_16_0891.jpg,5_16,177,train
5_16_0892.jpg,5_16,22133,train
5_16_0894.jpg,5_16,27693,train
5_16_0897.jpg,5_16,20155,train
5_16_0899.jpg,5_16,20690,train
5_16_0900.jpg,5_16,48087,train
5_16_0903.jpg,5_16,52275,train
5_16_0904.jpg,5_16,54741,train
5_16_0905.jpg,5_16,30546,train
5_16_0906.jpg,5_16,39960,train
5_16_0907.jpg,5_16,40872,train
5_16_0908.jpg,5_16,14854,train
5_16_0909.jpg,5_16,33052,train
5_16_0910.jpg,5_16,33286,train
5_16_0912.jpg,5_16,12835,train
5_16_0914.jpg,5_16,15460,train
5_16_0915.jpg,5_16,23928,train
5_16_0917.jpg,5_16,15311,train
5_16_0918.jpg,5_16,20032,train
5_16_0920.jpg,5_16,17380,train
5_16_0922.jpg,5_16,39959,train
5_16_0923.jpg,5_16,17272,train
5_16_0924.jpg,5_16,39359,train
5_16_0925.jpg,5_16,44029,train
5_16_0926.jpg,5_16,51572,train
5_16_0927.jpg,5_16,55076,train
5_16_0928.jpg,5_16,19626,train
5_16_0929.jpg,5_16,19148,train
5_16_0932.jpg,5_16,17341,train
5_16_0934.jpg,5_16,30797,train
5_16_0935.jpg,5_16,47441,train
5_16_0936.jpg,5_16,34117,train
5_16_0940.jpg,5_16,20591,train
5_16_0941.jpg,5_16,39361,train
5_16_0942.jpg,5_16,52366,train
5_16_0943.jpg,5_16,52141,train
5_16_0945.jpg,5_16,4256,train
5_16_0946.jpg,5_16,22658,train
5_16_0949.jpg,5_16,27474,train
5_16_0950.jpg,5_16,23166,train
5_16_0952.jpg,5_16,19231,train
5_16_0953.jpg,5_16,48085,train
5_16_0954.jpg,5_16,52432,train
5_16_0955.jpg,5_16,57253,train
5_16_0956.jpg,5_16,14810,train
5_16_0958.jpg,5_16,35237,train
5_16_0959.jpg,5_16,55824,train
5_16_0961.jpg,5_16,45531,train
5_16_0963.jpg,5_16,44117,train
5_16_0964.jpg,5_16,14148,train
5_16_0968.jpg,5_16,12991,train
5_16_0969.jpg,5_16,45147,train
5_16_0971.jpg,5_16,21800,train
5_16_0972.jpg,5_16,33145,train
5_16_0974.jpg,5_16,19128,train
5_16_0976.jpg,5_16,21200,train
5_16_0977.jpg,5_16,9575,train
5_16_0978.jpg,5_16,33146,train
5_16_0979.jpg,5_16,27781,train
5_16_0980.jpg,5_16,55321,train
5_16_0982.jpg,5_16,31764,train
5_16_0983.jpg,5_16,28404,train
5_16_0984.jpg,5_16,28298,train
5_16_0985.jpg,5_16,27038,train
5_16_0987.jpg,5_16,13670,train
5_16_0988.jpg,5_16,17162,train
5_16_0989.jpg,5_16,43297,train
5_16_0991.jpg,5_16,27637,train
5_16_0994.jpg,5_16,25573,train
5_16_0996.jpg,5_16,31413,train
5_16_0997.jpg,5_16,40874,train
5_16_0998.jpg,5_16,17405,train
5_16_0999.jpg,5_16,27111,train
5_15_2_0000.jpg,5_15_2,54676,train
5_15_2_0002.jpg,5_15_2,39741,train
5_15_2_0003.jpg,5_15_2,42207,train
5_15_2_0005.jpg,5_15_2,54688,train
5_15_2_0007.jpg,5_15_2,40070,train
5_15_2_0008.jpg,5_15_2,44532,train
5_15_2_0009.jpg,5_15_2,36039,train
5_15_2_0010.jpg,5_15_2,39727,train
5_15_2_0013.jpg,5_15_2,36515,train
5_15_2_0014.jpg,5_15_2,46080,train
5_15_2_0015.jpg,5_15_2,439,train
5_15_2_0016.jpg,5_15_2,58936,train
5_15_2_0017.jpg,5_15_2,42523,train
5_15_2_0021.jpg,5_15_2,3661,train
5_15_2_0023.jpg,5_15_2,40058,train
5_15_2_0025.jpg,5_15_2,40799,train
5_15_2_0026.jpg,5_15_2,21762,train
5_15_2_0028.jpg,5_15_2,35857,train
5_15_2_0029.jpg,5_15_2,36386,train
5_15_2_0033.jpg,5_15_2,46047,train
5_15_2_0036.jpg,5_15_2,42920,train
5_15_2_0038.jpg,5_15_2,3314,train
5_15_2_0040.jpg,5_15_2,4381,train
5_15_2_0041.jpg,5_15_2,54441,train
5_15_2_0042.jpg,5_15_2,42526,train
5_15_2_0043.jpg,5_15_2,2806,train
5_15_2_0044.jpg,5_15_2,4487,train
5_15_2_0046.jpg,5_15_2,41959,train
5_15_2_0047.jpg,5_15_2,42518,train
5_15_2_0048.jpg,5_15_2,390,train
5_15_2_0049.jpg,5_15_2,40796,train
5_15_2_0051.jpg,5_15_2,14946,train
5_15_2_0052.jpg,5_15_2,56192,train
5_15_2_0058.jpg,5_15_2,35672,train
5_15_2_0059.jpg,5_15_2,3988,train
5_15_2_0060.jpg,5_15_2,39734,train
5_15_2_0061.jpg,5_15_2,56188,train
5_15_2_0063.jpg,5_15_2,3487,train
5_15_2_0064.jpg,5_15_2,40055,train
5_15_2_0069.jpg,5_15_2,4062,train
5_15_2_0070.jpg,5_15_2,4291,train
5_15_2_0071.jpg,5_15_2,392,train
5_15_2_0073.jpg,5_15_2,42769,train
5_15_2_0075.jpg,5_15_2,14947,train
5_15_2_0077.jpg,5_15_2,21991,train
5_15_2_0080.jpg,5_15_2,2749,train
5_15_2_0081.jpg,5_15_2,2746,train
5_15_2_0082.jpg,5_15_2,56282,train
5_15_2_0083.jpg,5_15_2,4461,train
5_15_2_0085.jpg,5_15_2,56242,train
5_15_2_0087.jpg,5_15_2,3811,train
5_15_2_0088.jpg,5_15_2,21997,train
5_15_2_0089.jpg,5_15_2,39768,train
5_15_2_0090.jpg,5_15_2,4057,train
5_15_2_0091.jpg,5_15_2,4389,train
5_15_2_0092.jpg,5_15_2,4391,train
5_15_2_0093.jpg,5_15_2,36208,train
5_15_2_0094.jpg,5_15_2,39724,train
5_15_2_0095.jpg,5_15_2,36164,train
5_15_2_0096.jpg,5_15_2,14971,train
5_15_2_0097.jpg,5_15_2,39756,train
5_15_2_0098.jpg,5_15_2,14950,train
5_15_2_0102.jpg,5_15_2,45795,train
5_15_2_0103.jpg,5_15_2,2747,train
5_15_2_0105.jpg,5_15_2,18614,train
5_15_2_0107.jpg,5_15_2,36669,train
5_15_2_0108.jpg,5_15_2,21765,train
5_15_2_0109.jpg,5_15_2,54677,train
5_15_2_0113.jpg,5_15_2,41967,train
5_15_2_0114.jpg,5_15_2,21827,train
5_15_2_0115.jpg,5_15_2,4049,train
5_15_2_0116.jpg,5_15_2,4384,train
5_15_2_0117.jpg,5_15_2,17985,train
5_15_2_0120.jpg,5_15_2,39770,train
5_15_2_0123.jpg,5_15_2,36239,train
5_15_2_0125.jpg,5_15_2,35661,train
5_15_2_0126.jpg,5_15_2,36036,train
5_15_2_0127.jpg,5_15_2,3992,train
5_15_2_0128.jpg,5_15_2,35663,train
5_15_2_0129.jpg,5_15_2,44898,train
5_15_2_0131.jpg,5_15_2,46194,train
5_15_2_0133.jpg,5_15_2,36069,train
5_15_2_0134.jpg,5_15_2,2831,train
5_15_2_0135.jpg,5_15_2,36169,train
5_15_2_0137.jpg,5_15_2,44600,train
5_15_2_0138.jpg,5_15_2,46428,train
5_15_2_0139.jpg,5_15_2,44304,train
5_15_2_0141.jpg,5_15_2,40032,train
5_15_2_0144.jpg,5_15_2,35566,train
5_15_2_0145.jpg,5_15_2,56293,train
5_15_2_0146.jpg,5_15_2,39774,train
5_15_2_0148.jpg,5_15_2,35575,train
5_15_2_0150.jpg,5_15_2,46154,train
5_15_2_0151.jpg,5_15_2,54700,train
5_15_2_0152.jpg,5_15_2,44634,train
5_15_2_0154.jpg,5_15_2,37079,train
5_15_2_0155.jpg,5_15_2,36253,train
5_15_2_0156.jpg,5_15_2,54702,train
5_15_2_0159.jpg,5_15_2,40779,train
5_15_2_0161.jpg,5_15_2,44758,train
5_15_2_0163.jpg,5_15_2,42682,train
5_15_2_0164.jpg,5_15_2,3816,train
5_15_2_0165.jpg,5_15_2,2807,train
5_15_2_0166.jpg,5_15_2,46112,train
5_15_2_0167.jpg,5_15_2,3725,train
5_15_2_0168.jpg,5_15_2,2801,train
5_15_2_0169.jpg,5_15_2,35802,train
5_15_2_0172.jpg,5_15_2,3634,train
5_15_2_0176.jpg,5_15_2,43199,train
5_15_2_0177.jpg,5_15_2,40752,train
5_15_2_0178.jpg,5_15_2,40787,train
5_15_2_0179.jpg,5_15_2,40067,train
5_15_2_0180.jpg,5_15_2,56209,train
5_15_2_0181.jpg,5_15_2,44666,train
5_15_2_0182.jpg,5_15_2,44669,train
5_15_2_0183.jpg,5_15_2,18381,train
5_15_2_0184.jpg,5_15_2,36038,train
5_15_2_0185.jpg,5_15_2,3991,train
5_15_2_0187.jpg,5_15_2,3969,train
5_15_2_0188.jpg,5_15_2,44524,train
5_15_2_0190.jpg,5_15_2,18387,train
5_15_2_0191.jpg,5_15_2,54714,train
5_15_2_0192.jpg,5_15_2,36513,train
5_15_2_0193.jpg,5_15_2,40029,train
5_15_2_0194.jpg,5_15_2,46110,train
5_15_2_0195.jpg,5_15_2,3722,train
5_15_2_0196.jpg,5_15_2,36202,train
5_15_2_0198.jpg,5_15_2,35564,train
5_15_2_0199.jpg,5_15_2,3628,train
5_15_2_0200.jpg,5_15_2,35611,train
5_15_2_0201.jpg,5_15_2,4048,train
5_15_2_0202.jpg,5_15_2,41732,train
5_15_2_0204.jpg,5_15_2,42512,train
5_15_2_0205.jpg,5_15_2,3496,train
5_15_2_0206.jpg,5_15_2,36200,train
5_15_2_0207.jpg,5_15_2,18770,train
5_15_2_0208.jpg,5_15_2,4459,train
5_15_2_0210.jpg,5_15_2,17980,train
5_15_2_0211.jpg,5_15_2,2796,train
5_15_2_0213.jpg,5_15_2,43140,train
5_15_2_0214.jpg,5_15_2,36660,train
5_15_2_0215.jpg,5_15_2,44621,train
5_15_2_0216.jpg,5_15_2,44599,train
5_15_2_0217.jpg,5_15_2,35750,train
5_15_2_0218.jpg,5_15_2,18621,train
5_15_2_0219.jpg,5_15_2,56208,train
5_15_2_0220.jpg,5_15_2,4589,train
5_15_2_0221.jpg,5_15_2,35858,train
5_15_2_0222.jpg,5_15_2,4455,train
5_15_2_0223.jpg,5_15_2,2837,train
5_15_2_0224.jpg,5_15_2,36533,train
5_15_2_0225.jpg,5_15_2,54429,train
5_15_2_0226.jpg,5_15_2,35930,train
5_15_2_0228.jpg,5_15_2,3662,train
5_15_2_0229.jpg,5_15_2,35818,train
5_15_2_0231.jpg,5_15_2,56286,train
5_15_2_0232.jpg,5_15_2,42516,train
5_15_2_0233.jpg,5_15_2,44307,train
5_15_2_0234.jpg,5_15_2,37077,train
5_15_2_0235.jpg,5_15_2,3497,train
5_15_2_0238.jpg,5_15_2,39725,train
5_15_2_0239.jpg,5_15_2,18525,train
5_15_2_0240.jpg,5_15_2,35698,train
5_15_2_0241.jpg,5_15_2,4390,train
5_15_2_0242.jpg,5_15_2,4435,train
5_15_2_0243.jpg,5_15_2,21996,train
5_15_2_0244.jpg,5_15_2,44303,train
5_15_2_0245.jpg,5_15_2,58902,train
5_15_2_0246.jpg,5_15_2,3301,train
5_15_2_0248.jpg,5_15_2,46085,train
5_15_2_0252.jpg,5_15_2,54698,train
5_15_2_0254.jpg,5_15_2,18801,train
5_15_2_0255.jpg,5_15_2,2851,train
5_15_2_0258.jpg,5_15_2,21921,train
5_15_2_0259.jpg,5_15_2,36383,train
5_15_2_0260.jpg,5_15_2,49799,train
5_15_2_0261.jpg,5_15_2,40770,train
5_15_2_0262.jpg,5_15_2,36379,train
5_15_2_0264.jpg,5_15_2,54718,train
5_15_2_0267.jpg,5_15_2,43201,train
5_15_2_0268.jpg,5_15_2,3488,train
5_15_2_0269.jpg,5_15_2,19983,train
5_15_2_0270.jpg,5_15_2,21919,train
5_15_2_0271.jpg,5_15_2,44534,train
5_15_2_0272.jpg,5_15_2,45789,train
5_15_2_0273.jpg,5_15_2,40065,train
5_15_2_0274.jpg,5_15_2,3728,train
5_15_2_0275.jpg,5_15_2,42669,train
5_15_2_0277.jpg,5_15_2,36203,train
5_15_2_0279.jpg,5_15_2,46084,train
5_15_2_0280.jpg,5_15_2,42519,train
5_15_2_0281.jpg,5_15_2,54706,train
5_15_2_0282.jpg,5_15_2,58907,train
5_15_2_0283.jpg,5_15_2,21691,train
5_15_2_0284.jpg,5_15_2,36118,train
5_15_2_0285.jpg,5_15_2,36175,train
5_15_2_0286.jpg,5_15_2,35583,train
5_15_2_0287.jpg,5_15_2,42667,train
5_15_2_0288.jpg,5_15_2,39726,train
5_15_2_0290.jpg,5_15_2,21670,train
5_15_2_0291.jpg,5_15_2,35613,train
5_15_2_0292.jpg,5_15_2,18377,train
5_15_2_0293.jpg,5_15_2,2712,train
5_15_2_0294.jpg,5_15_2,40740,train
5_15_2_0295.jpg,5_15_2,2824,train
5_15_2_0298.jpg,5_15_2,54708,train
5_15_2_0299.jpg,5_15_2,45906,train
5_15_2_0301.jpg,5_15_2,39743,train
5_15_2_0302.jpg,5_15_2,36194,train
5_15_2_0303.jpg,5_15_2,4392,train
5_15_2_0304.jpg,5_15_2,48926,train
5_15_2_0305.jpg,5_15_2,44643,train
5_15_2_0306.jpg,5_15_2,35549,train
5_15_2_0307.jpg,5_15_2,40777,train
5_15_2_0308.jpg,5_15_2,42995,train
5_15_2_0309.jpg,5_15_2,3633,train
5_15_2_0310.jpg,5_15_2,17990,train
5_15_2_0312.jpg,5_15_2,58901,train
5_15_2_0313.jpg,5_15_2,3300,train
5_15_2_0315.jpg,5_15_2,44606,train
5_15_2_0316.jpg,5_15_2,40747,train
5_15_2_0317.jpg,5_15_2,39735,train
5_15_2_0318.jpg,5_15_2,58128,train
5_15_2_0319.jpg,5_15_2,4045,train
5_15_2_0322.jpg,5_15_2,14951,train
5_15_2_0323.jpg,5_15_2,40037,train
5_15_2_0324.jpg,5_15_2,3826,train
5_15_2_0325.jpg,5_15_2,3659,train
5_15_2_0326.jpg,5_15_2,41913,train
5_15_2_0327.jpg,5_15_2,56285,train
5_15_2_0329.jpg,5_15_2,44680,train
5_15_2_0330.jpg,5_15_2,35800,train
5_15_2_0331.jpg,5_15_2,36240,train
5_15_2_0332.jpg,5_15_2,40034,train
5_15_2_0333.jpg,5_15_2,36511,train
5_15_2_0337.jpg,5_15_2,35540,train
5_15_2_0338.jpg,5_15_2,3825,train
5_15_2_0339.jpg,5_15_2,21696,train
5_15_2_0340.jpg,5_15_2,14969,train
5_15_2_0341.jpg,5_15_2,4404,train
5_15_2_0343.jpg,5_15_2,4397,train
5_15_2_0345.jpg,5_15_2,42202,train
5_15_2_0347.jpg,5_15_2,36236,train
5_15_2_0348.jpg,5_15_2,40725,train
5_15_2_0349.jpg,5_15_2,4462,train
5_15_2_0350.jpg,5_15_2,58125,train
5_15_2_0351.jpg,5_15_2,21731,train
5_15_2_0353.jpg,5_15_2,36196,train
5_15_2_0355.jpg,5_15_2,35838,train
5_15_2_0356.jpg,5_15_2,4460,train
5_15_2_0357.jpg,5_15_2,4061,train
5_15_2_0358.jpg,5_15_2,45862,train
5_15_2_0360.jpg,5_15_2,3293,train
5_15_2_0361.jpg,5_15_2,21823,train
5_15_2_0365.jpg,5_15_2,44901,train
5_15_2_0366.jpg,5_15_2,36947,train
5_15_2_0367.jpg,5_15_2,56202,train
5_15_2_0368.jpg,5_15_2,3481,train
5_15_2_0369.jpg,5_15_2,54692,train
5_15_2_0370.jpg,5_15_2,35798,train
5_15_2_0372.jpg,5_15_2,2841,train
5_15_2_0374.jpg,5_15_2,40795,train
5_15_2_0375.jpg,5_15_2,54712,train
5_15_2_0377.jpg,5_15_2,39739,train
5_15_2_0378.jpg,5_15_2,35994,train
5_15_2_0379.jpg,5_15_2,4488,train
5_15_2_0380.jpg,5_15_2,3311,train
5_15_2_0381.jpg,5_15_2,35535,train
5_15_2_0383.jpg,5_15_2,46159,train
5_15_2_0384.jpg,5_15_2,40056,train
5_15_2_0385.jpg,5_15_2,3809,train
5_15_2_0386.jpg,5_15_2,3636,train
5_15_2_0387.jpg,5_15_2,2711,train
5_15_2_0388.jpg,5_15_2,43197,train
5_15_2_0390.jpg,5_15_2,40028,train
5_15_2_0391.jpg,5_15_2,4426,train
5_15_2_0393.jpg,5_15_2,4380,train
5_15_2_0394.jpg,5_15_2,58942,train
5_15_2_0395.jpg,5_15_2,44681,train
5_15_2_0396.jpg,5_15_2,21324,train
5_15_2_0397.jpg,5_15_2,36651,train
5_15_2_0398.jpg,5_15_2,44607,train
5_15_2_0400.jpg,5_15_2,36385,train
5_15_2_0402.jpg,5_15_2,36117,train
5_15_2_0404.jpg,5_15_2,4595,train
5_15_2_0405.jpg,5_15_2,42524,train
5_15_2_0406.jpg,5_15_2,44525,train
5_15_2_0407.jpg,5_15_2,3053,train
5_15_2_0408.jpg,5_15_2,2795,train
5_15_2_0409.jpg,5_15_2,2844,train
5_15_2_0410.jpg,5_15_2,42991,train
5_15_2_0411.jpg,5_15_2,42206,train
5_15_2_0412.jpg,5_15_2,56291,train
5_15_2_0413.jpg,5_15_2,21852,train
5_15_2_0415.jpg,5_15_2,3663,train
5_15_2_0416.jpg,5_15_2,44765,train
5_15_2_0418.jpg,5_15_2,46160,train
5_15_2_0421.jpg,5_15_2,18618,train
5_15_2_0422.jpg,5_15_2,3657,train
5_15_2_0424.jpg,5_15_2,46199,train
5_15_2_0425.jpg,5_15_2,22001,train
5_15_2_0428.jpg,5_15_2,42531,train
5_15_2_0429.jpg,5_15_2,36074,train
5_15_2_0430.jpg,5_15_2,21826,train
5_15_2_0431.jpg,5_15_2,40742,train
5_15_2_0432.jpg,5_15_2,37082,train
5_15_2_0433.jpg,5_15_2,21674,train
5_15_2_0436.jpg,5_15_2,21399,train
5_15_2_0437.jpg,5_15_2,36627,train
5_15_2_0438.jpg,5_15_2,54679,train
5_15_2_0439.jpg,5_15_2,44756,train
5_15_2_0440.jpg,5_15_2,18797,train
5_15_2_0441.jpg,5_15_2,4400,train
5_15_2_0443.jpg,5_15_2,56213,train
5_15_2_0444.jpg,5_15_2,46070,train
5_15_2_0445.jpg,5_15_2,49805,train
5_15_2_0446.jpg,5_15_2,21917,train
5_15_2_0447.jpg,5_15_2,41960,train
5_15_2_0449.jpg,5_15_2,2808,train
5_15_2_0450.jpg,5_15_2,36193,train
5_15_2_0451.jpg,5_15_2,46128,train
5_15_2_0452.jpg,5_15_2,48328,train
5_15_2_0455.jpg,5_15_2,18345,train
5_15_2_0456.jpg,5_15_2,35670,train
5_15_2_0457.jpg,5_15_2,21702,train
5_15_2_0458.jpg,5_15_2,56263,train
5_15_2_0460.jpg,5_15_2,48323,train
5_15_2_0462.jpg,5_15_2,44641,train
5_15_2_0464.jpg,5_15_2,21625,train
5_15_2_0465.jpg,5_15_2,54687,train
5_15_2_0466.jpg,5_15_2,21758,train
5_15_2_0467.jpg,5_15_2,4382,train
5_15_2_0469.jpg,5_15_2,41965,train
5_15_2_0470.jpg,5_15_2,40060,train
5_15_2_0473.jpg,5_15_2,42925,train
5_15_2_0476.jpg,5_15_2,40057,train
5_15_2_0477.jpg,5_15_2,46122,train
5_15_2_0478.jpg,5_15_2,42924,train
5_15_2_0480.jpg,5_15_2,36949,train
5_15_2_0481.jpg,5_15_2,44768,train
5_15_2_0482.jpg,5_15_2,35567,train
5_15_2_0485.jpg,5_15_2,44678,train
5_15_2_0486.jpg,5_15_2,18733,train
5_15_2_0488.jpg,5_15_2,35674,train
5_15_2_0489.jpg,5_15_2,18534,train
5_15_2_0490.jpg,5_15_2,21631,train
5_15_2_0492.jpg,5_15_2,4059,train
5_15_2_0493.jpg,5_15_2,2799,train
5_15_2_0494.jpg,5_15_2,18531,train
5_15_2_0496.jpg,5_15_2,4405,train
5_15_2_0500.jpg,5_15_2,17986,train
5_15_2_0501.jpg,5_15_2,2836,train
5_15_2_0502.jpg,5_15_2,54719,train
5_15_2_0503.jpg,5_15_2,35545,train
5_15_2_0504.jpg,5_15_2,44302,train
5_15_2_0506.jpg,5_15_2,39769,train
5_15_2_0507.jpg,5_15_2,36119,train
5_15_2_0508.jpg,5_15_2,4452,train
5_15_2_0509.jpg,5_15_2,3974,train
5_15_2_0510.jpg,5_15_2,3483,train
5_15_2_0512.jpg,5_15_2,36517,train
5_15_2_0514.jpg,5_15_2,54689,train
5_15_2_0516.jpg,5_15_2,40728,train
5_15_2_0521.jpg,5_15_2,41925,train
5_15_2_0522.jpg,5_15_2,36076,train
5_15_2_0523.jpg,5_15_2,40785,train
5_15_2_0525.jpg,5_15_2,54442,train
5_15_2_0526.jpg,5_15_2,18798,train
5_15_2_0529.jpg,5_15_2,56241,train
5_15_2_0531.jpg,5_15_2,4456,train
5_15_2_0533.jpg,5_15_2,56239,train
5_15_2_0534.jpg,5_15_2,58935,train
5_15_2_0536.jpg,5_15_2,36664,train
5_15_2_0539.jpg,5_15_2,49796,train
5_15_2_0540.jpg,5_15_2,36670,train
5_15_2_0541.jpg,5_15_2,36667,train
5_15_2_0543.jpg,5_15_2,36067,train
5_15_2_0544.jpg,5_15_2,36060,train
5_15_2_0546.jpg,5_15_2,36059,train
5_15_2_0547.jpg,5_15_2,4289,train
5_15_2_0548.jpg,5_15_2,40721,train
5_15_2_0550.jpg,5_15_2,49798,train
5_15_2_0552.jpg,5_15_2,4051,train
5_15_2_0553.jpg,5_15_2,44673,train
5_15_2_0554.jpg,5_15_2,2813,train
5_15_2_0555.jpg,5_15_2,3307,train
5_15_2_0556.jpg,5_15_2,40797,train
5_15_2_0557.jpg,5_15_2,41731,train
5_15_2_0560.jpg,5_15_2,2750,train
5_15_2_0561.jpg,5_15_2,35819,train
5_15_2_0562.jpg,5_15_2,35565,train
5_15_2_0563.jpg,5_15_2,389,train
5_15_2_0564.jpg,5_15_2,42768,train
5_15_2_0565.jpg,5_15_2,42687,train
5_15_2_0566.jpg,5_15_2,4385,train
5_15_2_0567.jpg,5_15_2,40780,train
5_15_2_0568.jpg,5_15_2,42992,train
5_15_2_0569.jpg,5_15_2,18651,train
5_15_2_0572.jpg,5_15_2,42204,train
5_15_2_0574.jpg,5_15_2,46036,train
5_15_2_0575.jpg,5_15_2,42883,train
5_15_2_0576.jpg,5_15_2,3818,train
5_15_2_0580.jpg,5_15_2,46420,train
5_15_2_0581.jpg,5_15_2,45866,train
5_15_2_0582.jpg,5_15_2,44305,train
5_15_2_0584.jpg,5_15_2,2853,train
5_15_2_0585.jpg,5_15_2,21325,train
5_15_2_0586.jpg,5_15_2,40062,train
5_15_2_0587.jpg,5_15_2,36523,train
5_15_2_0588.jpg,5_15_2,21686,train
5_15_2_0589.jpg,5_15_2,40063,train
5_15_2_0590.jpg,5_15_2,3484,train
5_15_2_0592.jpg,5_15_2,18378,train
5_15_2_0594.jpg,5_15_2,3726,train
5_15_2_0595.jpg,5_15_2,46127,train
5_15_2_0599.jpg,5_15_2,35609,train
5_15_2_0600.jpg,5_15_2,36506,train
5_15_2_0602.jpg,5_15_2,4050,train
5_15_2_0603.jpg,5_15_2,36822,train
5_15_2_0604.jpg,5_15_2,36058,train
5_15_2_0605.jpg,5_15_2,46046,train
5_15_2_0606.jpg,5_15_2,40723,train
5_15_2_0607.jpg,5_15_2,18800,train
5_15_2_0608.jpg,5_15_2,4427,train
5_15_2_0610.jpg,5_15_2,36125,train
5_15_2_0612.jpg,5_15_2,21395,train
5_15_2_0613.jpg,5_15_2,18383,train
5_15_2_0616.jpg,5_15_2,18344,train
5_15_2_0617.jpg,5_15_2,45901,train
5_15_2_0618.jpg,5_15_2,58941,train
5_15_2_0619.jpg,5_15_2,37113,train
5_15_2_0620.jpg,5_15_2,56245,train
5_15_2_0621.jpg,5_15_2,36668,train
5_15_2_0622.jpg,5_15_2,46174,train
5_15_2_0625.jpg,5_15_2,56266,train
5_15_2_0628.jpg,5_15_2,40781,train
5_15_2_0629.jpg,5_15_2,36191,train
5_15_2_0631.jpg,5_15_2,40026,train
5_15_2_0633.jpg,5_15_2,56203,train
5_15_2_0634.jpg,5_15_2,42680,train
5_15_2_0635.jpg,5_15_2,3810,train
5_15_2_0636.jpg,5_15_2,42885,train
5_15_2_0637.jpg,5_15_2,3071,train
5_15_2_0638.jpg,5_15_2,4458,train
5_15_2_0640.jpg,5_15_2,18532,train
5_15_2_0641.jpg,5_15_2,46129,train
5_15_2_0642.jpg,5_15_2,44602,train
5_15_2_0643.jpg,5_15_2,45792,train
5_15_2_0644.jpg,5_15_2,36944,train
5_15_2_0645.jpg,5_15_2,44665,train
5_15_2_0647.jpg,5_15_2,39750,train
5_15_2_0648.jpg,5_15_2,18645,train
5_15_2_0650.jpg,5_15_2,879,train
5_15_2_0651.jpg,5_15_2,54717,train
5_15_2_0652.jpg,5_15_2,4394,train
5_15_2_0654.jpg,5_15_2,44667,train
5_15_2_0656.jpg,5_15_2,18768,train
5_15_2_0657.jpg,5_15_2,4592,train
5_15_2_0658.jpg,5_15_2,3491,train
5_15_2_0659.jpg,5_15_2,45867,train
5_15_2_0660.jpg,5_15_2,39749,train
5_15_2_0661.jpg,5_15_2,2825,train
5_15_2_0663.jpg,5_15_2,21845,train
5_15_2_0664.jpg,5_15_2,44527,train
5_15_2_0666.jpg,5_15_2,21704,train
5_15_2_0669.jpg,5_15_2,46078,train
5_15_2_0673.jpg,5_15_2,42521,train
5_15_2_0674.jpg,5_15_2,36078,train
5_15_2_0675.jpg,5_15_2,36508,train
5_15_2_0676.jpg,5_15_2,54705,train
5_15_2_0677.jpg,5_15_2,54683,train
5_15_2_0678.jpg,5_15_2,3977,train
5_15_2_0680.jpg,5_15_2,2854,train
5_15_2_0681.jpg,5_15_2,46197,train
5_15_2_0682.jpg,5_15_2,39753,train
5_15_2_0683.jpg,5_15_2,40729,train
5_15_2_0684.jpg,5_15_2,41957,train
5_15_2_0685.jpg,5_15_2,44611,train
5_15_2_0686.jpg,5_15_2,44770,train
5_15_2_0687.jpg,5_15_2,36666,train
5_15_2_0688.jpg,5_15_2,18655,train
5_15_2_0689.jpg,5_15_2,4046,train
5_15_2_0690.jpg,5_15_2,54693,train
5_15_2_0692.jpg,5_15_2,42884,train
5_15_2_0693.jpg,5_15_2,35987,train
5_15_2_0694.jpg,5_15_2,3310,train
5_15_2_0695.jpg,5_15_2,18649,train
5_15_2_0696.jpg,5_15_2,36156,train
5_15_2_0697.jpg,5_15_2,46438,train
5_15_2_0698.jpg,5_15_2,35580,train
5_15_2_0700.jpg,5_15_2,46181,train
5_15_2_0701.jpg,5_15_2,46115,train
5_15_2_0704.jpg,5_15_2,56276,train
5_15_2_0705.jpg,5_15_2,3968,train
5_15_2_0706.jpg,5_15_2,49793,train
5_15_2_0709.jpg,5_15_2,45798,train
5_15_2_0710.jpg,5_15_2,56157,train
5_15_2_0711.jpg,5_15_2,21700,train
5_15_2_0713.jpg,5_15_2,35926,train
5_15_2_0715.jpg,5_15_2,36521,train
5_15_2_0717.jpg,5_15_2,18373,train
5_15_2_0718.jpg,5_15_2,39730,train
5_15_2_0719.jpg,5_15_2,3313,train
5_15_2_0720.jpg,5_15_2,2827,train
5_15_2_0721.jpg,5_15_2,21672,train
5_15_2_0723.jpg,5_15_2,35993,train
5_15_2_0724.jpg,5_15_2,42990,train
5_15_2_0727.jpg,5_15_2,19985,train
5_15_2_0728.jpg,5_15_2,393,train
5_15_2_0729.jpg,5_15_2,54720,train
5_15_2_0730.jpg,5_15_2,56246,train
5_15_2_0731.jpg,5_15_2,40778,train
5_15_2_0732.jpg,5_15_2,36207,train
5_15_2_0733.jpg,5_15_2,36166,train
5_15_2_0734.jpg,5_15_2,42196,train
5_15_2_0738.jpg,5_15_2,54695,train
5_15_2_0739.jpg,5_15_2,36656,train
5_15_2_0740.jpg,5_15_2,36258,train
5_15_2_0742.jpg,5_15_2,3294,train
5_15_2_0743.jpg,5_15_2,44610,train
5_15_2_0744.jpg,5_15_2,46086,train
5_15_2_0745.jpg,5_15_2,18384,train
5_15_2_0747.jpg,5_15_2,35544,train
5_15_2_0752.jpg,5_15_2,21630,train
5_15_2_0753.jpg,5_15_2,4065,train
5_15_2_0754.jpg,5_15_2,21322,train
5_15_2_0756.jpg,5_15_2,21321,train
5_15_2_0757.jpg,5_15_2,42670,train
5_15_2_0758.jpg,5_15_2,44677,train
5_15_2_0767.jpg,5_15_2,42996,train
5_15_2_0769.jpg,5_15_2,42923,train
5_15_2_0770.jpg,5_15_2,3298,train
5_15_2_0771.jpg,5_15_2,41972,train
5_15_2_0772.jpg,5_15_2,35927,train
5_15_2_0773.jpg,5_15_2,42198,train
5_15_2_0774.jpg,5_15_2,54435,train
5_15_2_0777.jpg,5_15_2,44684,train
5_15_2_0778.jpg,5_15_2,54428,train
5_15_2_0779.jpg,5_15_2,35801,train
5_15_2_0781.jpg,5_15_2,35853,train
5_15_2_0782.jpg,5_15_2,35548,train
5_15_2_0783.jpg,5_15_2,39747,train
5_15_2_0785.jpg,5_15_2,44651,train
5_15_2_0786.jpg,5_15_2,18375,train
5_15_2_0787.jpg,5_15_2,3072,train
5_15_2_0789.jpg,5_15_2,42663,train
5_15_2_0790.jpg,5_15_2,41969,train
5_15_2_0792.jpg,5_15_2,35749,train
5_15_2_0793.jpg,5_15_2,36519,train
5_15_2_0794.jpg,5_15_2,3817,train
5_15_2_0795.jpg,5_15_2,46179,train
5_15_2_0796.jpg,5_15_2,45776,train
5_15_2_0797.jpg,5_15_2,54701,train
5_15_2_0798.jpg,5_15_2,46418,train
5_15_2_0799.jpg,5_15_2,44530,train
5_15_2_0800.jpg,5_15_2,4294,train
5_15_2_0801.jpg,5_15_2,58124,train
5_15_2_0802.jpg,5_15_2,42766,train
5_15_2_0803.jpg,5_15_2,56303,train
5_15_2_0804.jpg,5_15_2,36161,train
5_15_2_0805.jpg,5_15_2,21828,train
5_15_2_0808.jpg,5_15_2,4594,train
5_15_2_0809.jpg,5_15_2,39728,train
5_15_2_0810.jpg,5_15_2,2846,train
5_15_2_0811.jpg,5_15_2,45905,train
5_15_2_0815.jpg,5_15_2,35996,train
5_15_2_0817.jpg,5_15_2,17981,train
5_15_2_0818.jpg,5_15_2,46173,train
5_15_2_0819.jpg,5_15_2,21998,train
5_15_2_0820.jpg,5_15_2,42997,train
5_15_2_0821.jpg,5_15_2,54444,train
5_15_2_0822.jpg,5_15_2,36951,train
5_15_2_0823.jpg,5_15_2,3499,train
5_15_2_0824.jpg,5_15_2,21706,train
5_15_2_0825.jpg,5_15_2,45903,train
5_15_2_0826.jpg,5_15_2,40794,train
5_15_2_0827.jpg,5_15_2,41729,train
5_15_2_0828.jpg,5_15_2,3489,train
5_15_2_0829.jpg,5_15_2,36537,train
5_15_2_0830.jpg,5_15_2,58937,train
5_15_2_0831.jpg,5_15_2,36167,train
5_15_2_0832.jpg,5_15_2,56190,train
5_15_2_0835.jpg,5_15_2,46419,train
5_15_2_0836.jpg,5_15_2,35584,train
5_15_2_0838.jpg,5_15_2,40743,train
5_15_2_0839.jpg,5_15_2,42674,train
5_15_2_0840.jpg,5_15_2,39737,train
5_15_2_0843.jpg,5_15_2,21692,train
5_15_2_0844.jpg,5_15_2,2814,train
5_15_2_0847.jpg,5_15_2,40040,train
5_15_2_0848.jpg,5_15_2,39771,train
5_15_2_0849.jpg,5_15_2,36505,train
5_15_2_0850.jpg,5_15_2,42529,train
5_15_2_0851.jpg,5_15_2,42987,train
5_15_2_0852.jpg,5_15_2,36663,train
5_15_2_0853.jpg,5_15_2,18647,train
5_15_2_0854.jpg,5_15_2,54678,train
5_15_2_0856.jpg,5_15_2,41920,train
5_15_2_0857.jpg,5_15_2,35614,train
5_15_2_0858.jpg,5_15_2,44771,train
5_15_2_0860.jpg,5_15_2,3724,train
5_15_2_0862.jpg,5_15_2,21851,train
5_15_2_0863.jpg,5_15_2,18533,train
5_15_2_0864.jpg,5_15_2,40801,train
5_15_2_0866.jpg,5_15_2,3302,train
5_15_2_0867.jpg,5_15_2,42770,train
5_15_2_0868.jpg,5_15_2,21850,train
5_15_2_0869.jpg,5_15_2,44609,train
5_15_2_0870.jpg,5_15_2,54436,train
5_15_2_0871.jpg,5_15_2,54709,train
5_15_2_0872.jpg,5_15_2,43202,train
5_15_2_0873.jpg,5_15_2,40741,train
5_15_2_0875.jpg,5_15_2,2845,train
5_15_2_0876.jpg,5_15_2,35821,train
5_15_2_0877.jpg,5_15_2,35694,train
5_15_2_0879.jpg,5_15_2,46195,train
5_15_2_0881.jpg,5_15_2,36120,train
5_15_2_0882.jpg,5_15_2,42921,train
5_15_2_0885.jpg,5_15_2,37110,train
5_15_2_0886.jpg,5_15_2,44683,train
5_15_2_0887.jpg,5_15_2,35803,train
5_15_2_0888.jpg,5_15_2,45791,train
5_15_2_0890.jpg,5_15_2,42665,train
5_15_2_0891.jpg,5_15_2,40772,train
5_15_2_0892.jpg,5_15_2,3482,train
5_15_2_0893.jpg,5_15_2,58906,train
5_15_2_0894.jpg,5_15_2,4064,train
5_15_2_0897.jpg,5_15_2,4588,train
5_15_2_0898.jpg,5_15_2,56277,train
5_15_2_0901.jpg,5_15_2,56307,train
5_15_2_0902.jpg,5_15_2,40718,train
5_15_2_0903.jpg,5_15_2,2714,train
5_15_2_0905.jpg,5_15_2,44642,train
5_15_2_0907.jpg,5_15_2,36525,train
5_15_2_0909.jpg,5_15_2,45863,train
5_15_2_0910.jpg,5_15_2,36820,train
5_15_2_0911.jpg,5_15_2,40788,train
5_15_2_0912.jpg,5_15_2,18343,train
5_15_2_0915.jpg,5_15_2,42205,train
5_15_2_0916.jpg,5_15_2,37117,train
5_15_2_0918.jpg,5_15_2,37114,train
5_15_2_0923.jpg,5_15_2,2822,train
5_15_2_0924.jpg,5_15_2,40061,train
5_15_2_0925.jpg,5_15_2,2713,train
5_15_2_0926.jpg,5_15_2,54703,train
5_15_2_0927.jpg,5_15_2,44632,train
5_15_2_0928.jpg,5_15_2,35542,train
5_15_2_0929.jpg,5_15_2,36510,train
5_15_2_0930.jpg,5_15_2,36172,train
5_15_2_0931.jpg,5_15_2,21669,train
5_15_2_0932.jpg,5_15_2,3490,train
5_15_2_0933.jpg,5_15_2,21821,train
5_15_2_0936.jpg,5_15_2,44652,train
5_15_2_0937.jpg,5_15_2,36650,train
5_15_2_0938.jpg,5_15_2,3486,train
5_15_2_0940.jpg,5_15_2,56290,train
5_15_2_0941.jpg,5_15_2,54696,train
5_15_2_0942.jpg,5_15_2,48924,train
5_15_2_0944.jpg,5_15_2,21825,train
5_15_2_0945.jpg,5_15_2,21993,train
5_15_2_0947.jpg,5_15_2,18654,train
5_15_2_0951.jpg,5_15_2,21923,train
5_15_2_0953.jpg,5_15_2,40792,train
5_15_2_0955.jpg,5_15_2,45868,train
5_15_2_0956.jpg,5_15_2,3498,train
5_15_2_0957.jpg,5_15_2,36116,train
5_15_2_0959.jpg,5_15_2,40748,train
5_15_2_0960.jpg,5_15_2,3829,train
5_15_2_0961.jpg,5_15_2,18799,train
5_15_2_0963.jpg,5_15_2,41968,train
5_15_2_0964.jpg,5_15_2,40800,train
5_15_2_0965.jpg,5_15_2,35747,train
5_15_2_0966.jpg,5_15_2,36126,train
5_15_2_0968.jpg,5_15_2,4434,train
5_15_2_0969.jpg,5_15_2,21822,train
5_15_2_0970.jpg,5_15_2,48324,train
5_15_2_0971.jpg,5_15_2,44670,train
5_15_2_0972.jpg,5_15_2,42677,train
5_15_2_0973.jpg,5_15_2,44625,train
5_15_2_0976.jpg,5_15_2,41921,train
5_15_2_0978.jpg,5_15_2,2829,train
5_15_2_0979.jpg,5_15_2,54711,train
5_15_2_0980.jpg,5_15_2,4591,train
5_15_2_0981.jpg,5_15_2,46038,train
5_15_2_0982.jpg,5_15_2,36206,train
5_15_2_0983.jpg,5_15_2,35820,train
5_15_2_0985.jpg,5_15_2,40727,train
5_15_2_0987.jpg,5_15_2,46041,train
5_15_2_0988.jpg,5_15_2,45794,train
5_15_2_0989.jpg,5_15_2,36657,train
5_15_2_0990.jpg,5_15_2,46415,train
5_15_2_0991.jpg,5_15_2,40803,train
5_15_2_0992.jpg,5_15_2,2805,train
5_15_2_0993.jpg,5_15_2,42688,train
5_15_2_0994.jpg,5_15_2,44763,train
5_15_2_0995.jpg,5_15_2,42686,train
5_15_2_0997.jpg,5_15_2,36520,train
5_15_2_0998.jpg,5_15_2,41917,train
5_15_2_0999.jpg,5_15_2,46049,train
3_24_0000.jpg,3_24,44478,train
3_24_0001.jpg,3_24,40096,train
3_24_0002.jpg,3_24,20633,train
3_24_0004.jpg,3_24,9331,train
3_24_0005.jpg,3_24,32198,train
3_24_0008.jpg,3_24,2895,train
3_24_0010.jpg,3_24,52649,train
3_24_0012.jpg,3_24,37606,train
3_24_0014.jpg,3_24,41631,train
3_24_0016.jpg,3_24,42915,train
3_24_0017.jpg,3_24,8571,train
3_24_0018.jpg,3_24,45134,train
3_24_0021.jpg,3_24,31639,train
3_24_0022.jpg,3_24,20213,train
3_24_0024.jpg,3_24,27917,train
3_24_0025.jpg,3_24,27551,train
3_24_0026.jpg,3_24,27125,train
3_24_0027.jpg,3_24,47197,train
3_24_0029.jpg,3_24,35111,train
3_24_0030.jpg,3_24,44184,train
3_24_0031.jpg,3_24,33631,train
3_24_0032.jpg,3_24,52912,train
3_24_0033.jpg,3_24,12803,train
3_24_0034.jpg,3_24,23963,train
3_24_0035.jpg,3_24,45356,train
3_24_0037.jpg,3_24,14704,train
3_24_0038.jpg,3_24,43353,train
3_24_0039.jpg,3_24,32463,train
3_24_0041.jpg,3_24,51838,train
3_24_0042.jpg,3_24,29732,train
3_24_0044.jpg,3_24,25170,train
3_24_0046.jpg,3_24,20680,train
3_24_0047.jpg,3_24,12395,train
3_24_0048.jpg,3_24,56065,train
3_24_0050.jpg,3_24,33053,train
3_24_0051.jpg,3_24,12500,train
3_24_0052.jpg,3_24,20189,train
3_24_0055.jpg,3_24,8187,train
3_24_0057.jpg,3_24,16479,train
3_24_0058.jpg,3_24,45219,train
3_24_0059.jpg,3_24,52689,train
3_24_0063.jpg,3_24,42876,train
3_24_0064.jpg,3_24,23618,train
3_24_0065.jpg,3_24,40229,train
3_24_0066.jpg,3_24,4522,train
3_24_0067.jpg,3_24,56209,train
3_24_0068.jpg,3_24,24737,train
3_24_0071.jpg,3_24,22966,train
3_24_0072.jpg,3_24,27964,train
3_24_0073.jpg,3_24,51901,train
3_24_0074.jpg,3_24,23599,train
3_24_0075.jpg,3_24,26606,train
3_24_0077.jpg,3_24,35122,train
3_24_0080.jpg,3_24,7708,train
3_24_0081.jpg,3_24,29544,train
3_24_0083.jpg,3_24,38938,train
3_24_0084.jpg,3_24,35113,train
3_24_0085.jpg,3_24,34913,train
3_24_0087.jpg,3_24,4095,train
3_24_0088.jpg,3_24,29551,train
3_24_0089.jpg,3_24,12872,train
3_24_0090.jpg,3_24,31709,train
3_24_0092.jpg,3_24,57667,train
3_24_0094.jpg,3_24,32418,train
3_24_0097.jpg,3_24,2208,train
3_24_0099.jpg,3_24,8522,train
3_24_0100.jpg,3_24,13597,train
3_24_0101.jpg,3_24,23961,train
3_24_0103.jpg,3_24,33492,train
3_24_0104.jpg,3_24,29089,train
3_24_0105.jpg,3_24,8705,train
3_24_0106.jpg,3_24,23162,train
3_24_0108.jpg,3_24,12497,train
3_24_0109.jpg,3_24,51740,train
3_24_0111.jpg,3_24,31462,train
3_24_0115.jpg,3_24,23113,train
3_24_0116.jpg,3_24,54259,train
3_24_0118.jpg,3_24,958,train
3_24_0119.jpg,3_24,28642,train
3_24_0120.jpg,3_24,17681,train
3_24_0121.jpg,3_24,14085,train
3_24_0123.jpg,3_24,51681,train
3_24_0124.jpg,3_24,12299,train
3_24_0125.jpg,3_24,34702,train
3_24_0128.jpg,3_24,31471,train
3_24_0129.jpg,3_24,51840,train
3_24_0130.jpg,3_24,51033,train
3_24_0132.jpg,3_24,4517,train
3_24_0134.jpg,3_24,37895,train
3_24_0135.jpg,3_24,28243,train
3_24_0136.jpg,3_24,38934,train
3_24_0137.jpg,3_24,28094,train
3_24_0138.jpg,3_24,27497,train
3_24_0140.jpg,3_24,30847,train
3_24_0141.jpg,3_24,27021,train
3_24_0142.jpg,3_24,53148,train
3_24_0146.jpg,3_24,45514,train
3_24_0147.jpg,3_24,26612,train
3_24_0149.jpg,3_24,23315,train
3_24_0150.jpg,3_24,50378,train
3_24_0151.jpg,3_24,32423,train
3_24_0153.jpg,3_24,1208,train
3_24_0154.jpg,3_24,42464,train
3_24_0156.jpg,3_24,38821,train
3_24_0157.jpg,3_24,46719,train
3_24_0158.jpg,3_24,15972,train
3_24_0159.jpg,3_24,14731,train
3_24_0162.jpg,3_24,23032,train
3_24_0167.jpg,3_24,35318,train
3_24_0175.jpg,3_24,45400,train
3_24_0179.jpg,3_24,23909,train
3_24_0180.jpg,3_24,52939,train
3_24_0181.jpg,3_24,43355,train
3_24_0185.jpg,3_24,25173,train
3_24_0186.jpg,3_24,50001,train
3_24_0188.jpg,3_24,12283,train
3_24_0189.jpg,3_24,52935,train
3_24_0192.jpg,3_24,14723,train
3_24_0193.jpg,3_24,45359,train
3_24_0196.jpg,3_24,46721,train
3_24_0198.jpg,3_24,35322,train
3_24_0202.jpg,3_24,26142,train
3_24_0203.jpg,3_24,57825,train
3_24_0204.jpg,3_24,40053,train
3_24_0205.jpg,3_24,52087,train
3_24_0206.jpg,3_24,1770,train
3_24_0207.jpg,3_24,26799,train
3_24_0208.jpg,3_24,39094,train
3_24_0209.jpg,3_24,16112,train
3_24_0210.jpg,3_24,51670,train
3_24_0212.jpg,3_24,38567,train
3_24_0213.jpg,3_24,2048,train
3_24_0214.jpg,3_24,37229,train
3_24_0215.jpg,3_24,2044,train
3_24_0216.jpg,3_24,41637,train
3_24_0217.jpg,3_24,7217,train
3_24_0218.jpg,3_24,40226,train
3_24_0222.jpg,3_24,7699,train
3_24_0223.jpg,3_24,27909,train
3_24_0224.jpg,3_24,28420,train
3_24_0225.jpg,3_24,26976,train
3_24_0226.jpg,3_24,7734,train
3_24_0227.jpg,3_24,32840,train
3_24_0228.jpg,3_24,15991,train
3_24_0230.jpg,3_24,43828,train
3_24_0231.jpg,3_24,10171,train
3_24_0232.jpg,3_24,13973,train
3_24_0233.jpg,3_24,43688,train
3_24_0234.jpg,3_24,43350,train
3_24_0236.jpg,3_24,1053,train
3_24_0237.jpg,3_24,20744,train
3_24_0239.jpg,3_24,41636,train
3_24_0240.jpg,3_24,6598,train
3_24_0242.jpg,3_24,52702,train
3_24_0244.jpg,3_24,38463,train
3_24_0245.jpg,3_24,37749,train
3_24_0246.jpg,3_24,43824,train
3_24_0247.jpg,3_24,8521,train
3_24_0248.jpg,3_24,27918,train
3_24_0250.jpg,3_24,32151,train
3_24_0251.jpg,3_24,45113,train
3_24_0252.jpg,3_24,37947,train
3_24_0253.jpg,3_24,54894,train
3_24_0254.jpg,3_24,19707,train
3_24_0255.jpg,3_24,7421,train
3_24_0256.jpg,3_24,56204,train
3_24_0258.jpg,3_24,31640,train
3_24_0259.jpg,3_24,13269,train
3_24_0260.jpg,3_24,37794,train
3_24_0261.jpg,3_24,13331,train
3_24_0268.jpg,3_24,27603,train
3_24_0269.jpg,3_24,20212,train
3_24_0270.jpg,3_24,10936,train
3_24_0271.jpg,3_24,1778,train
3_24_0272.jpg,3_24,32844,train
3_24_0273.jpg,3_24,31635,train
3_24_0276.jpg,3_24,31072,train
3_24_0277.jpg,3_24,23553,train
3_24_0278.jpg,3_24,15157,train
3_24_0279.jpg,3_24,831,train
3_24_0280.jpg,3_24,1125,train
3_24_0281.jpg,3_24,56202,train
3_24_0282.jpg,3_24,4521,train
3_24_0284.jpg,3_24,34347,train
3_24_0285.jpg,3_24,41947,train
3_24_0286.jpg,3_24,31566,train
3_24_0287.jpg,3_24,9326,train
3_24_0288.jpg,3_24,4548,train
3_24_0292.jpg,3_24,45184,train
3_24_0295.jpg,3_24,16113,train
3_24_0296.jpg,3_24,39181,train
3_24_0297.jpg,3_24,14829,train
3_24_0298.jpg,3_24,29085,train
3_24_0299.jpg,3_24,20215,train
3_24_0301.jpg,3_24,29206,train
3_24_0302.jpg,3_24,2110,train
3_24_0303.jpg,3_24,5737,train
3_24_0304.jpg,3_24,12440,train
3_24_0306.jpg,3_24,20127,train
3_24_0308.jpg,3_24,42465,train
3_24_0309.jpg,3_24,23109,train
3_24_0310.jpg,3_24,28040,train
3_24_0313.jpg,3_24,5196,train
3_24_0314.jpg,3_24,50406,train
3_24_0315.jpg,3_24,52798,train
3_24_0316.jpg,3_24,1054,train
3_24_0317.jpg,3_24,8526,train
3_24_0321.jpg,3_24,23545,train
3_24_0322.jpg,3_24,25165,train
3_24_0323.jpg,3_24,28326,train
3_24_0324.jpg,3_24,38457,train
3_24_0326.jpg,3_24,45819,train
3_24_0327.jpg,3_24,4610,train
3_24_0328.jpg,3_24,26610,train
3_24_0329.jpg,3_24,52690,train
3_24_0330.jpg,3_24,55626,train
3_24_0333.jpg,3_24,27340,train
3_24_0334.jpg,3_24,29084,train
3_24_0335.jpg,3_24,17673,train
3_24_0336.jpg,3_24,27048,train
3_24_0337.jpg,3_24,52181,train
3_24_0338.jpg,3_24,30850,train
3_24_0339.jpg,3_24,27969,train
3_24_0341.jpg,3_24,12292,train
3_24_0342.jpg,3_24,7414,train
3_24_0343.jpg,3_24,8227,train
3_24_0344.jpg,3_24,43694,train
3_24_0346.jpg,3_24,2904,train
3_24_0348.jpg,3_24,7198,train
3_24_0349.jpg,3_24,27905,train
3_24_0350.jpg,3_24,35973,train
3_24_0351.jpg,3_24,31082,train
3_24_0352.jpg,3_24,33489,train
3_24_0353.jpg,3_24,42870,train
3_24_0354.jpg,3_24,28328,train
3_24_0355.jpg,3_24,12517,train
3_24_0356.jpg,3_24,37881,train
3_24_0357.jpg,3_24,26974,train
3_24_0358.jpg,3_24,56073,train
3_24_0359.jpg,3_24,37882,train
3_24_0360.jpg,3_24,1564,train
3_24_0361.jpg,3_24,43258,train
3_24_0362.jpg,3_24,52678,train
3_24_0363.jpg,3_24,8200,train
3_24_0364.jpg,3_24,31083,train
3_24_0366.jpg,3_24,7413,train
3_24_0367.jpg,3_24,27834,train
3_24_0370.jpg,3_24,3108,train
3_24_0371.jpg,3_24,16622,train
3_24_0374.jpg,3_24,1118,train
3_24_0375.jpg,3_24,44048,train
3_24_0377.jpg,3_24,32335,train
3_24_0379.jpg,3_24,34703,train
3_24_0381.jpg,3_24,33179,train
3_24_0382.jpg,3_24,14722,train
3_24_0383.jpg,3_24,42087,train
3_24_0384.jpg,3_24,23911,train
3_24_0386.jpg,3_24,51903,train
3_24_0387.jpg,3_24,43412,train
3_24_0388.jpg,3_24,43757,train
3_24_0389.jpg,3_24,37949,train
3_24_0391.jpg,3_24,28239,train
3_24_0392.jpg,3_24,52162,train
3_24_0394.jpg,3_24,15971,train
3_24_0395.jpg,3_24,31077,train
3_24_0396.jpg,3_24,24424,train
3_24_0397.jpg,3_24,41816,train
3_24_0398.jpg,3_24,42463,train
3_24_0399.jpg,3_24,39169,train
3_24_0400.jpg,3_24,27045,train
3_24_0401.jpg,3_24,9324,train
3_24_0402.jpg,3_24,56066,train
3_24_0404.jpg,3_24,2228,train
3_24_0405.jpg,3_24,1105,train
3_24_0408.jpg,3_24,31962,train
3_24_0409.jpg,3_24,29305,train
3_24_0410.jpg,3_24,31573,train
3_24_0412.jpg,3_24,4278,train
3_24_0413.jpg,3_24,50316,train
3_24_0414.jpg,3_24,31550,train
3_24_0418.jpg,3_24,18421,train
3_24_0419.jpg,3_24,2111,train
3_24_0422.jpg,3_24,32853,train
3_24_0424.jpg,3_24,26884,train
3_24_0425.jpg,3_24,27496,train
3_24_0428.jpg,3_24,29096,train
3_24_0429.jpg,3_24,52178,train
3_24_0433.jpg,3_24,31643,train
3_24_0435.jpg,3_24,23161,train
3_24_0436.jpg,3_24,7712,train
3_24_0437.jpg,3_24,57603,train
3_24_0439.jpg,3_24,40225,train
3_24_0440.jpg,3_24,1207,train
3_24_0441.jpg,3_24,52829,train
3_24_0442.jpg,3_24,52683,train
3_24_0443.jpg,3_24,27838,train
3_24_0445.jpg,3_24,32942,train
3_24_0447.jpg,3_24,8,train
3_24_0448.jpg,3_24,4552,train
3_24_0449.jpg,3_24,37716,train
3_24_0450.jpg,3_24,37952,train
3_24_0451.jpg,3_24,39082,train
3_24_0452.jpg,3_24,21065,train
3_24_0455.jpg,3_24,13979,train
3_24_0456.jpg,3_24,40376,train
3_24_0457.jpg,3_24,42097,train
3_24_0458.jpg,3_24,29000,train
3_24_0459.jpg,3_24,23923,train
3_24_0460.jpg,3_24,25526,train
3_24_0462.jpg,3_24,14717,train
3_24_0463.jpg,3_24,28993,train
3_24_0464.jpg,3_24,23601,train
3_24_0465.jpg,3_24,33065,train
3_24_0466.jpg,3_24,38378,train
3_24_0468.jpg,3_24,29554,train
3_24_0469.jpg,3_24,45088,train
3_24_0470.jpg,3_24,41164,train
3_24_0471.jpg,3_24,55755,train
3_24_0476.jpg,3_24,41180,train
3_24_0479.jpg,3_24,23925,train
3_24_0482.jpg,3_24,20146,train
3_24_0485.jpg,3_24,26667,train
3_24_0486.jpg,3_24,43829,train
3_24_0488.jpg,3_24,51726,train
3_24_0489.jpg,3_24,11452,train
3_24_0494.jpg,3_24,53865,train
3_24_0496.jpg,3_24,16106,train
3_24_0497.jpg,3_24,37802,train
3_24_0498.jpg,3_24,12965,train
3_24_0499.jpg,3_24,12570,train
3_24_0500.jpg,3_24,7722,train
3_24_0502.jpg,3_24,14658,train
3_24_0503.jpg,3_24,29087,train
3_24_0504.jpg,3_24,56219,train
3_24_0505.jpg,3_24,51730,train
3_24_0506.jpg,3_24,23910,train
3_24_0507.jpg,3_24,7216,train
3_24_0508.jpg,3_24,27872,train
3_24_0509.jpg,3_24,1997,train
3_24_0511.jpg,3_24,42100,train
3_24_0512.jpg,3_24,52826,train
3_24_0513.jpg,3_24,52656,train
3_24_0514.jpg,3_24,28534,train
3_24_0515.jpg,3_24,29088,train
3_24_0516.jpg,3_24,41179,train
3_24_0518.jpg,3_24,31923,train
3_24_0520.jpg,3_24,31645,train
3_24_0521.jpg,3_24,916,train
3_24_0524.jpg,3_24,32925,train
3_24_0525.jpg,3_24,50381,train
3_24_0526.jpg,3_24,35120,train
3_24_0527.jpg,3_24,51321,train
3_24_0529.jpg,3_24,12452,train
3_24_0530.jpg,3_24,43632,train
3_24_0532.jpg,3_24,12436,train
3_24_0533.jpg,3_24,8188,train
3_24_0534.jpg,3_24,51653,train
3_24_0537.jpg,3_24,37608,train
3_24_0539.jpg,3_24,23314,train
3_24_0541.jpg,3_24,27044,train
3_24_0542.jpg,3_24,56460,train
3_24_0546.jpg,3_24,53146,train
3_24_0547.jpg,3_24,27263,train
3_24_0549.jpg,3_24,54896,train
3_24_0550.jpg,3_24,28646,train
3_24_0551.jpg,3_24,8231,train
3_24_0552.jpg,3_24,8525,train
3_24_0553.jpg,3_24,27840,train
3_24_0554.jpg,3_24,37616,train
3_24_0555.jpg,3_24,43754,train
3_24_0556.jpg,3_24,32154,train
3_24_0558.jpg,3_24,43827,train
3_24_0560.jpg,3_24,23115,train
3_24_0561.jpg,3_24,44852,train
3_24_0562.jpg,3_24,32926,train
3_24_0563.jpg,3_24,38931,train
3_24_0564.jpg,3_24,14665,train
3_24_0565.jpg,3_24,13599,train
3_24_0566.jpg,3_24,14086,train
3_24_0568.jpg,3_24,45078,train
3_24_0569.jpg,3_24,51736,train
3_24_0570.jpg,3_24,43354,train
3_24_0571.jpg,3_24,24171,train
3_24_0573.jpg,3_24,8228,train
3_24_0574.jpg,3_24,44475,train
3_24_0575.jpg,3_24,40051,train
3_24_0576.jpg,3_24,12455,train
3_24_0577.jpg,3_24,31921,train
3_24_0578.jpg,3_24,32770,train
3_24_0579.jpg,3_24,43652,train
3_24_0580.jpg,3_24,39062,train
3_24_0581.jpg,3_24,23316,train
3_24_0582.jpg,3_24,44857,train
3_24_0583.jpg,3_24,7427,train
3_24_0584.jpg,3_24,24597,train
3_24_0587.jpg,3_24,35110,train
3_24_0589.jpg,3_24,41894,train
3_24_0591.jpg,3_24,42168,train
3_24_0592.jpg,3_24,52925,train
3_24_0594.jpg,3_24,27972,train
3_24_0595.jpg,3_24,52034,train
3_24_0596.jpg,3_24,32261,train
3_24_0598.jpg,3_24,1418,train
3_24_0599.jpg,3_24,26980,train
3_24_0600.jpg,3_24,8994,train
3_24_0601.jpg,3_24,2196,train
3_24_0602.jpg,3_24,42089,train
3_24_0605.jpg,3_24,16998,train
3_24_0606.jpg,3_24,10939,train
3_24_0607.jpg,3_24,19926,train
3_24_0608.jpg,3_24,43254,train
3_24_0609.jpg,3_24,15980,train
3_24_0612.jpg,3_24,43510,train
3_24_0613.jpg,3_24,20211,train
3_24_0614.jpg,3_24,13952,train
3_24_0615.jpg,3_24,32717,train
3_24_0616.jpg,3_24,1680,train
3_24_0618.jpg,3_24,47295,train
3_24_0619.jpg,3_24,6606,train
3_24_0621.jpg,3_24,42458,train
3_24_0622.jpg,3_24,33073,train
3_24_0623.jpg,3_24,52679,train
3_24_0625.jpg,3_24,33069,train
3_24_0626.jpg,3_24,27134,train
3_24_0627.jpg,3_24,15328,train
3_24_0628.jpg,3_24,32148,train
3_24_0629.jpg,3_24,51658,train
3_24_0630.jpg,3_24,19957,train
3_24_0631.jpg,3_24,43637,train
3_24_0632.jpg,3_24,41839,train
3_24_0634.jpg,3_24,26982,train
3_24_0635.jpg,3_24,27121,train
3_24_0636.jpg,3_24,27908,train
3_24_0638.jpg,3_24,51733,train
3_24_0639.jpg,3_24,32889,train
3_24_0641.jpg,3_24,1126,train
3_24_0642.jpg,3_24,15984,train
3_24_0643.jpg,3_24,13930,train
3_24_0647.jpg,3_24,46909,train
3_24_0648.jpg,3_24,39562,train
3_24_0649.jpg,3_24,26147,train
3_24_0650.jpg,3_24,35316,train
3_24_0651.jpg,3_24,32837,train
3_24_0652.jpg,3_24,37620,train
3_24_0653.jpg,3_24,12967,train
3_24_0654.jpg,3_24,12868,train
3_24_0655.jpg,3_24,45114,train
3_24_0656.jpg,3_24,28526,train
3_24_0657.jpg,3_24,12453,train
3_24_0658.jpg,3_24,43163,train
3_24_0659.jpg,3_24,4277,train
3_24_0660.jpg,3_24,12546,train
3_24_0661.jpg,3_24,45167,train
3_24_0662.jpg,3_24,32160,train
3_24_0663.jpg,3_24,7715,train
3_24_0664.jpg,3_24,26878,train
3_24_0665.jpg,3_24,1818,train
3_24_0666.jpg,3_24,28052,train
3_24_0668.jpg,3_24,32938,train
3_24_0669.jpg,3_24,16751,train
3_24_0670.jpg,3_24,8197,train
3_24_0671.jpg,3_24,44051,train
3_24_0672.jpg,3_24,35115,train
3_24_0673.jpg,3_24,16109,train
3_24_0674.jpg,3_24,968,train
3_24_0676.jpg,3_24,29291,train
3_24_0677.jpg,3_24,10178,train
3_24_0678.jpg,3_24,1794,train
3_24_0679.jpg,3_24,10173,train
3_24_0680.jpg,3_24,23318,train
3_24_0681.jpg,3_24,37316,train
3_24_0682.jpg,3_24,2137,train
3_24_0683.jpg,3_24,38816,train
3_24_0684.jpg,3_24,37938,train
3_24_0686.jpg,3_24,52164,train
3_24_0688.jpg,3_24,34341,train
3_24_0692.jpg,3_24,23184,train
3_24_0695.jpg,3_24,12529,train
3_24_0696.jpg,3_24,32252,train
3_24_0697.jpg,3_24,3212,train
3_24_0698.jpg,3_24,31961,train
3_24_0700.jpg,3_24,27904,train
3_24_0701.jpg,3_24,32772,train
3_24_0704.jpg,3_24,4606,train
3_24_0705.jpg,3_24,24486,train
3_24_0706.jpg,3_24,14700,train
3_24_0708.jpg,3_24,51723,train
3_24_0709.jpg,3_24,48016,train
3_24_0710.jpg,3_24,23555,train
3_24_0711.jpg,3_24,25515,train
3_24_0712.jpg,3_24,20188,train
3_24_0713.jpg,3_24,14672,train
3_24_0715.jpg,3_24,45221,train
3_24_0716.jpg,3_24,29729,train
3_24_0717.jpg,3_24,33071,train
3_24_0718.jpg,3_24,40048,train
3_24_0719.jpg,3_24,1045,train
3_24_0721.jpg,3_24,41946,train
3_24_0722.jpg,3_24,24427,train
3_24_0723.jpg,3_24,28435,train
3_24_0728.jpg,3_24,15685,train
3_24_0731.jpg,3_24,43705,train
3_24_0732.jpg,3_24,7415,train
3_24_0733.jpg,3_24,27049,train
3_24_0734.jpg,3_24,16115,train
3_24_0735.jpg,3_24,32712,train
3_24_0737.jpg,3_24,1366,train
3_24_0738.jpg,3_24,32197,train
3_24_0739.jpg,3_24,26798,train
3_24_0741.jpg,3_24,31976,train
3_24_0742.jpg,3_24,52883,train
3_24_0743.jpg,3_24,31261,train
3_24_0744.jpg,3_24,1889,train
3_24_0745.jpg,3_24,20218,train
3_24_0748.jpg,3_24,23246,train
3_24_0749.jpg,3_24,43631,train
3_24_0753.jpg,3_24,32687,train
3_24_0755.jpg,3_24,980,train
3_24_0756.jpg,3_24,38822,train
3_24_0757.jpg,3_24,3139,train
3_24_0760.jpg,3_24,42914,train
3_24_0761.jpg,3_24,28011,train
3_24_0762.jpg,3_24,7199,train
3_24_0763.jpg,3_24,13974,train
3_24_0764.jpg,3_24,32686,train
3_24_0765.jpg,3_24,28249,train
3_24_0767.jpg,3_24,4099,train
3_24_0768.jpg,3_24,43407,train
3_24_0770.jpg,3_24,49495,train
3_24_0772.jpg,3_24,1772,train
3_24_0773.jpg,3_24,4515,train
3_24_0774.jpg,3_24,4250,train
3_24_0776.jpg,3_24,12457,train
3_24_0777.jpg,3_24,15986,train
3_24_0778.jpg,3_24,33052,train
3_24_0780.jpg,3_24,34446,train
3_24_0782.jpg,3_24,55754,train
3_24_0785.jpg,3_24,28638,train
3_24_0786.jpg,3_24,52166,train
3_24_0787.jpg,3_24,27550,train
3_24_0788.jpg,3_24,28240,train
3_24_0791.jpg,3_24,27137,train
3_24_0792.jpg,3_24,7710,train
3_24_0795.jpg,3_24,50354,train
3_24_0797.jpg,3_24,55627,train
3_24_0798.jpg,3_24,54897,train
3_24_0799.jpg,3_24,1948,train
3_24_0800.jpg,3_24,4115,train
3_24_0801.jpg,3_24,25167,train
3_24_0802.jpg,3_24,31917,train
3_24_0804.jpg,3_24,20094,train
3_24_0805.jpg,3_24,20745,train
3_24_0806.jpg,3_24,37753,train
3_24_0807.jpg,3_24,4511,train
3_24_0808.jpg,3_24,18788,train
3_24_0811.jpg,3_24,27243,train
3_24_0812.jpg,3_24,1628,train
3_24_0813.jpg,3_24,29725,train
3_24_0814.jpg,3_24,10185,train
3_24_0815.jpg,3_24,32459,train
3_24_0816.jpg,3_24,43255,train
3_24_0817.jpg,3_24,8249,train
3_24_0818.jpg,3_24,27156,train
3_24_0819.jpg,3_24,32802,train
3_24_0822.jpg,3_24,8989,train
3_24_0823.jpg,3_24,20391,train
3_24_0824.jpg,3_24,39563,train
3_24_0825.jpg,3_24,52921,train
3_24_0826.jpg,3_24,1098,train
3_24_0827.jpg,3_24,47296,train
3_24_0831.jpg,3_24,1836,train
3_24_0832.jpg,3_24,959,train
3_24_0833.jpg,3_24,43701,train
3_24_0834.jpg,3_24,37315,train
3_24_0838.jpg,3_24,4351,train
3_24_0839.jpg,3_24,21066,train
3_24_0842.jpg,3_24,14158,train
3_24_0843.jpg,3_24,45110,train
3_24_0846.jpg,3_24,8702,train
3_24_0847.jpg,3_24,43505,train
3_24_0848.jpg,3_24,44049,train
3_24_0850.jpg,3_24,37943,train
3_24_0851.jpg,3_24,52173,train
3_24_0852.jpg,3_24,12871,train
3_24_0853.jpg,3_24,42866,train
3_24_0855.jpg,3_24,33481,train
3_24_0856.jpg,3_24,41817,train
3_24_0859.jpg,3_24,32850,train
3_24_0860.jpg,3_24,4249,train
3_24_0861.jpg,3_24,44962,train
3_24_0863.jpg,3_24,50837,train
3_24_0864.jpg,3_24,5213,train
3_24_0865.jpg,3_24,13028,train
3_24_0866.jpg,3_24,34915,train
3_24_0867.jpg,3_24,31263,train
3_24_0868.jpg,3_24,50320,train
3_24_0870.jpg,3_24,45166,train
3_24_0871.jpg,3_24,53055,train
3_24_0872.jpg,3_24,5858,train
3_24_0874.jpg,3_24,38377,train
3_24_0877.jpg,3_24,43257,train
3_24_0878.jpg,3_24,31258,train
3_24_0880.jpg,3_24,23519,train
3_24_0882.jpg,3_24,22775,train
3_24_0884.jpg,3_24,10168,train
3_24_0885.jpg,3_24,33206,train
3_24_0886.jpg,3_24,33211,train
3_24_0887.jpg,3_24,25816,train
3_24_0888.jpg,3_24,57676,train
3_24_0889.jpg,3_24,28051,train
3_24_0890.jpg,3_24,53060,train
3_24_0893.jpg,3_24,15961,train
3_24_0894.jpg,3_24,14701,train
3_24_0895.jpg,3_24,28320,train
3_24_0896.jpg,3_24,17750,train
3_24_0898.jpg,3_24,8236,train
3_24_0899.jpg,3_24,41842,train
3_24_0900.jpg,3_24,31068,train
3_24_0901.jpg,3_24,29193,train
3_24_0902.jpg,3_24,28433,train
3_24_0903.jpg,3_24,43831,train
3_24_0905.jpg,3_24,31262,train
3_24_0907.jpg,3_24,7220,train
3_24_0908.jpg,3_24,12444,train
3_24_0910.jpg,3_24,4331,train
3_24_0911.jpg,3_24,18542,train
3_24_0913.jpg,3_24,32690,train
3_24_0914.jpg,3_24,43650,train
3_24_0915.jpg,3_24,16740,train
3_24_0917.jpg,3_24,4295,train
3_24_0921.jpg,3_24,1632,train
3_24_0922.jpg,3_24,34921,train
3_24_0924.jpg,3_24,27555,train
3_24_0926.jpg,3_24,14399,train
3_24_0927.jpg,3_24,1767,train
3_24_0928.jpg,3_24,38853,train
3_24_0930.jpg,3_24,32774,train
3_24_0931.jpg,3_24,32709,train
3_24_0932.jpg,3_24,29550,train
3_24_0933.jpg,3_24,50352,train
3_24_0935.jpg,3_24,27163,train
3_24_0936.jpg,3_24,55255,train
3_24_0937.jpg,3_24,52672,train
3_24_0938.jpg,3_24,52796,train
3_24_0939.jpg,3_24,52691,train
3_24_0940.jpg,3_24,29208,train
3_24_0943.jpg,3_24,4550,train
3_24_0944.jpg,3_24,27258,train
3_24_0945.jpg,3_24,25814,train
3_24_0946.jpg,3_24,31717,train
3_24_0947.jpg,3_24,1096,train
3_24_0948.jpg,3_24,15442,train
3_24_0949.jpg,3_24,37894,train
3_24_0950.jpg,3_24,12287,train
3_24_0951.jpg,3_24,32161,train
3_24_0956.jpg,3_24,33209,train
3_24_0957.jpg,3_24,33207,train
3_24_0958.jpg,3_24,8997,train
3_24_0959.jpg,3_24,31085,train
3_24_0960.jpg,3_24,53165,train
3_24_0961.jpg,3_24,1806,train
3_24_0965.jpg,3_24,3106,train
3_24_0967.jpg,3_24,26156,train
3_24_0968.jpg,3_24,15155,train
3_24_0969.jpg,3_24,1885,train
3_24_0972.jpg,3_24,25517,train
3_24_0974.jpg,3_24,29540,train
3_24_0975.jpg,3_24,28994,train
3_24_0976.jpg,3_24,45507,train
3_24_0979.jpg,3_24,7131,train
3_24_0980.jpg,3_24,32255,train
3_24_0981.jpg,3_24,45118,train
3_24_0983.jpg,3_24,34714,train
3_24_0984.jpg,3_24,32778,train
3_24_0985.jpg,3_24,33623,train
3_24_0986.jpg,3_24,12437,train
3_24_0988.jpg,3_24,49832,train
3_24_0990.jpg,3_24,35163,train
3_24_0991.jpg,3_24,4300,train
3_24_0992.jpg,3_24,32196,train
3_24_0995.jpg,3_24,50002,train
3_24_0997.jpg,3_24,27558,train
3_24_0999.jpg,3_24,24170,train
2_4_0000.jpg,2_4,29777,train
2_4_0001.jpg,2_4,45631,train
2_4_0002.jpg,2_4,29560,train
2_4_0003.jpg,2_4,55145,train
2_4_0004.jpg,2_4,35109,train
2_4_0005.jpg,2_4,121,train
2_4_0006.jpg,2_4,30684,train
2_4_0007.jpg,2_4,54864,train
2_4_0008.jpg,2_4,9470,train
2_4_0009.jpg,2_4,26595,train
2_4_0010.jpg,2_4,10734,train
2_4_0013.jpg,2_4,31310,train
2_4_0015.jpg,2_4,16234,train
2_4_0018.jpg,2_4,11399,train
2_4_0019.jpg,2_4,10119,train
2_4_0021.jpg,2_4,35099,train
2_4_0022.jpg,2_4,41708,train
2_4_0023.jpg,2_4,48369,train
2_4_0024.jpg,2_4,7578,train
2_4_0025.jpg,2_4,38244,train
2_4_0026.jpg,2_4,14045,train
2_4_0027.jpg,2_4,25408,train
2_4_0028.jpg,2_4,47923,train
2_4_0029.jpg,2_4,18345,train
2_4_0030.jpg,2_4,41726,train
2_4_0031.jpg,2_4,7448,train
2_4_0033.jpg,2_4,38437,train
2_4_0034.jpg,2_4,29412,train
2_4_0035.jpg,2_4,29413,train
2_4_0036.jpg,2_4,12223,train
2_4_0037.jpg,2_4,34616,train
2_4_0038.jpg,2_4,10210,train
2_4_0039.jpg,2_4,37744,train
2_4_0040.jpg,2_4,50647,train
2_4_0041.jpg,2_4,25064,train
2_4_0042.jpg,2_4,774,train
2_4_0047.jpg,2_4,34666,train
2_4_0051.jpg,2_4,31015,train
2_4_0052.jpg,2_4,1725,train
2_4_0053.jpg,2_4,34205,train
2_4_0054.jpg,2_4,9833,train
2_4_0056.jpg,2_4,10737,train
2_4_0058.jpg,2_4,11115,train
2_4_0060.jpg,2_4,24751,train
2_4_0062.jpg,2_4,33670,train
2_4_0064.jpg,2_4,758,train
2_4_0065.jpg,2_4,41723,train
2_4_0066.jpg,2_4,42008,train
2_4_0067.jpg,2_4,38247,train
2_4_0068.jpg,2_4,48842,train
2_4_0069.jpg,2_4,16333,train
2_4_0071.jpg,2_4,12553,train
2_4_0073.jpg,2_4,35286,train
2_4_0074.jpg,2_4,29343,train
2_4_0075.jpg,2_4,52889,train
2_4_0077.jpg,2_4,10812,train
2_4_0078.jpg,2_4,12586,train
2_4_0079.jpg,2_4,50185,train
2_4_0083.jpg,2_4,45675,train
2_4_0084.jpg,2_4,34484,train
2_4_0085.jpg,2_4,48645,train
2_4_0086.jpg,2_4,44742,train
2_4_0088.jpg,2_4,37024,train
2_4_0090.jpg,2_4,31008,train
2_4_0092.jpg,2_4,10765,train
2_4_0093.jpg,2_4,41952,train
2_4_0094.jpg,2_4,38690,train
2_4_0095.jpg,2_4,19809,train
2_4_0096.jpg,2_4,28732,train
2_4_0097.jpg,2_4,34890,train
2_4_0098.jpg,2_4,54865,train
2_4_0099.jpg,2_4,3586,train
2_4_0101.jpg,2_4,23207,train
2_4_0102.jpg,2_4,23656,train
2_4_0103.jpg,2_4,9391,train
2_4_0104.jpg,2_4,6560,train
2_4_0105.jpg,2_4,749,train
2_4_0107.jpg,2_4,31693,train
2_4_0109.jpg,2_4,30694,train
2_4_0110.jpg,2_4,38683,train
2_4_0111.jpg,2_4,25872,train
2_4_0112.jpg,2_4,49858,train
2_4_0113.jpg,2_4,9925,train
2_4_0114.jpg,2_4,35282,train
2_4_0115.jpg,2_4,5645,train
2_4_0116.jpg,2_4,11104,train
2_4_0117.jpg,2_4,29390,train
2_4_0118.jpg,2_4,35493,train
2_4_0119.jpg,2_4,35002,train
2_4_0120.jpg,2_4,1724,train
2_4_0121.jpg,2_4,45266,train
2_4_0124.jpg,2_4,44375,train
2_4_0126.jpg,2_4,5296,train
2_4_0127.jpg,2_4,29561,train
2_4_0129.jpg,2_4,9197,train
2_4_0131.jpg,2_4,32784,train
2_4_0133.jpg,2_4,64,train
2_4_0134.jpg,2_4,44968,train
2_4_0136.jpg,2_4,38093,train
2_4_0137.jpg,2_4,26378,train
2_4_0138.jpg,2_4,31689,train
2_4_0140.jpg,2_4,22375,train
2_4_0142.jpg,2_4,39350,train
2_4_0144.jpg,2_4,26184,train
2_4_0146.jpg,2_4,45807,train
2_4_0148.jpg,2_4,45434,train
2_4_0149.jpg,2_4,44847,train
2_4_0150.jpg,2_4,23275,train
2_4_0151.jpg,2_4,20368,train
2_4_0153.jpg,2_4,45871,train
2_4_0154.jpg,2_4,43396,train
2_4_0155.jpg,2_4,44515,train
2_4_0156.jpg,2_4,51566,train
2_4_0157.jpg,2_4,39346,train
2_4_0158.jpg,2_4,34253,train
2_4_0159.jpg,2_4,5866,train
2_4_0161.jpg,2_4,9435,train
2_4_0162.jpg,2_4,15272,train
2_4_0165.jpg,2_4,14185,train
2_4_0166.jpg,2_4,4071,train
2_4_0167.jpg,2_4,16332,train
2_4_0168.jpg,2_4,34996,train
2_4_0170.jpg,2_4,25054,train
2_4_0171.jpg,2_4,15427,train
2_4_0172.jpg,2_4,11485,train
2_4_0175.jpg,2_4,43571,train
2_4_0176.jpg,2_4,45431,train
2_4_0177.jpg,2_4,125,train
2_4_0178.jpg,2_4,34265,train
2_4_0180.jpg,2_4,7555,train
2_4_0181.jpg,2_4,31619,train
2_4_0183.jpg,2_4,22786,train
2_4_0184.jpg,2_4,38176,train
2_4_0186.jpg,2_4,38748,train
2_4_0187.jpg,2_4,45870,train
2_4_0188.jpg,2_4,17861,train
2_4_0189.jpg,2_4,25055,train
2_4_0190.jpg,2_4,55137,train
2_4_0191.jpg,2_4,6382,train
2_4_0192.jpg,2_4,10097,train
2_4_0194.jpg,2_4,38152,train
2_4_0195.jpg,2_4,34496,train
2_4_0196.jpg,2_4,15266,train
2_4_0197.jpg,2_4,15575,train
2_4_0198.jpg,2_4,32728,train
2_4_0199.jpg,2_4,25987,train
2_4_0200.jpg,2_4,33753,train
2_4_0201.jpg,2_4,21226,train
2_4_0204.jpg,2_4,38611,train
2_4_0205.jpg,2_4,24060,train
2_4_0206.jpg,2_4,44456,train
2_4_0207.jpg,2_4,12071,train
2_4_0208.jpg,2_4,25305,train
2_4_0209.jpg,2_4,33195,train
2_4_0210.jpg,2_4,52815,train
2_4_0211.jpg,2_4,33540,train
2_4_0212.jpg,2_4,29562,train
2_4_0213.jpg,2_4,11110,train
2_4_0214.jpg,2_4,22374,train
2_4_0215.jpg,2_4,33591,train
2_4_0216.jpg,2_4,33279,train
2_4_0217.jpg,2_4,29567,train
2_4_0219.jpg,2_4,16859,train
2_4_0220.jpg,2_4,34264,train
2_4_0222.jpg,2_4,44962,train
2_4_0224.jpg,2_4,24064,train
2_4_0225.jpg,2_4,42763,train
2_4_0226.jpg,2_4,9465,train
2_4_0227.jpg,2_4,52217,train
2_4_0228.jpg,2_4,7581,train
2_4_0229.jpg,2_4,44121,train
2_4_0231.jpg,2_4,26748,train
2_4_0232.jpg,2_4,45263,train
2_4_0236.jpg,2_4,12343,train
2_4_0237.jpg,2_4,30752,train
2_4_0238.jpg,2_4,24149,train
2_4_0239.jpg,2_4,45283,train
2_4_0240.jpg,2_4,19608,train
2_4_0241.jpg,2_4,45749,train
2_4_0242.jpg,2_4,33189,train
2_4_0243.jpg,2_4,35490,train
2_4_0244.jpg,2_4,39348,train
2_4_0246.jpg,2_4,39623,train
2_4_0247.jpg,2_4,2996,train
2_4_0248.jpg,2_4,10208,train
2_4_0249.jpg,2_4,23720,train
2_4_0252.jpg,2_4,51797,train
2_4_0254.jpg,2_4,48939,train
2_4_0255.jpg,2_4,9753,train
2_4_0256.jpg,2_4,29344,train
2_4_0258.jpg,2_4,26406,train
2_4_0259.jpg,2_4,4527,train
2_4_0262.jpg,2_4,12649,train
2_4_0263.jpg,2_4,22376,train
2_4_0264.jpg,2_4,4017,train
2_4_0265.jpg,2_4,35409,train
2_4_0266.jpg,2_4,1719,train
2_4_0267.jpg,2_4,41954,train
2_4_0269.jpg,2_4,24150,train
2_4_0270.jpg,2_4,35489,train
2_4_0271.jpg,2_4,38183,train
2_4_0272.jpg,2_4,31625,train
2_4_0273.jpg,2_4,16369,train
2_4_0276.jpg,2_4,3240,train
2_4_0277.jpg,2_4,44959,train
2_4_0278.jpg,2_4,48644,train
2_4_0281.jpg,2_4,30454,train
2_4_0282.jpg,2_4,26424,train
2_4_0283.jpg,2_4,499,train
2_4_0284.jpg,2_4,12000,train
2_4_0285.jpg,2_4,38186,train
2_4_0286.jpg,2_4,45868,train
2_4_0289.jpg,2_4,11742,train
2_4_0291.jpg,2_4,45267,train
2_4_0292.jpg,2_4,35001,train
2_4_0295.jpg,2_4,39522,train
2_4_0296.jpg,2_4,14050,train
2_4_0297.jpg,2_4,35494,train
2_4_0298.jpg,2_4,10807,train
2_4_0299.jpg,2_4,38431,train
2_4_0300.jpg,2_4,1585,train
2_4_0301.jpg,2_4,20845,train
2_4_0302.jpg,2_4,14496,train
2_4_0305.jpg,2_4,55138,train
2_4_0306.jpg,2_4,4503,train
2_4_0307.jpg,2_4,16125,train
2_4_0308.jpg,2_4,45191,train
2_4_0309.jpg,2_4,24145,train
2_4_0311.jpg,2_4,38357,train
2_4_0312.jpg,2_4,23948,train
2_4_0313.jpg,2_4,53807,train
2_4_0314.jpg,2_4,34556,train
2_4_0317.jpg,2_4,721,train
2_4_0318.jpg,2_4,42768,train
2_4_0319.jpg,2_4,39609,train
2_4_0320.jpg,2_4,52888,train
2_4_0321.jpg,2_4,4569,train
2_4_0322.jpg,2_4,33185,train
2_4_0324.jpg,2_4,42000,train
2_4_0325.jpg,2_4,51743,train
2_4_0326.jpg,2_4,34485,train
2_4_0327.jpg,2_4,20212,train
2_4_0329.jpg,2_4,16127,train
2_4_0330.jpg,2_4,12847,train
2_4_0334.jpg,2_4,24537,train
2_4_0335.jpg,2_4,34216,train
2_4_0338.jpg,2_4,11075,train
2_4_0339.jpg,2_4,24758,train
2_4_0340.jpg,2_4,30742,train
2_4_0341.jpg,2_4,51793,train
2_4_0342.jpg,2_4,33589,train
2_4_0343.jpg,2_4,3804,train
2_4_0344.jpg,2_4,30689,train
2_4_0345.jpg,2_4,16588,train
2_4_0347.jpg,2_4,7552,train
2_4_0348.jpg,2_4,45809,train
2_4_0349.jpg,2_4,31018,train
2_4_0350.jpg,2_4,52038,train
2_4_0352.jpg,2_4,45670,train
2_4_0353.jpg,2_4,47083,train
2_4_0354.jpg,2_4,15089,train
2_4_0355.jpg,2_4,39241,train
2_4_0357.jpg,2_4,22813,train
2_4_0358.jpg,2_4,33668,train
2_4_0361.jpg,2_4,14614,train
2_4_0362.jpg,2_4,44468,train
2_4_0363.jpg,2_4,19613,train
2_4_0365.jpg,2_4,29053,train
2_4_0366.jpg,2_4,38616,train
2_4_0367.jpg,2_4,29061,train
2_4_0368.jpg,2_4,34559,train
2_4_0369.jpg,2_4,923,train
2_4_0370.jpg,2_4,52119,train
2_4_0371.jpg,2_4,7549,train
2_4_0372.jpg,2_4,15428,train
2_4_0373.jpg,2_4,3539,train
2_4_0375.jpg,2_4,37450,train
2_4_0377.jpg,2_4,12590,train
2_4_0380.jpg,2_4,51089,train
2_4_0381.jpg,2_4,51796,train
2_4_0383.jpg,2_4,48218,train
2_4_0384.jpg,2_4,31371,train
2_4_0387.jpg,2_4,39533,train
2_4_0389.jpg,2_4,14876,train
2_4_0390.jpg,2_4,16455,train
2_4_0391.jpg,2_4,5295,train
2_4_0392.jpg,2_4,24142,train
2_4_0394.jpg,2_4,44125,train
2_4_0396.jpg,2_4,3926,train
2_4_0397.jpg,2_4,33278,train
2_4_0398.jpg,2_4,11109,train
2_4_0399.jpg,2_4,29392,train
2_4_0401.jpg,2_4,20484,train
2_4_0403.jpg,2_4,54441,train
2_4_0404.jpg,2_4,15673,train
2_4_0405.jpg,2_4,11235,train
2_4_0406.jpg,2_4,43682,train
2_4_0408.jpg,2_4,11489,train
2_4_0410.jpg,2_4,42769,train
2_4_0411.jpg,2_4,11990,train
2_4_0413.jpg,2_4,42762,train
2_4_0414.jpg,2_4,14609,train
2_4_0415.jpg,2_4,15620,train
2_4_0416.jpg,2_4,12109,train
2_4_0417.jpg,2_4,14040,train
2_4_0418.jpg,2_4,12067,train
2_4_0419.jpg,2_4,15022,train
2_4_0420.jpg,2_4,36407,train
2_4_0421.jpg,2_4,20628,train
2_4_0422.jpg,2_4,10104,train
2_4_0423.jpg,2_4,45171,train
2_4_0425.jpg,2_4,7928,train
2_4_0426.jpg,2_4,4011,train
2_4_0428.jpg,2_4,38313,train
2_4_0429.jpg,2_4,29812,train
2_4_0431.jpg,2_4,58211,train
2_4_0432.jpg,2_4,44609,train
2_4_0433.jpg,2_4,32793,train
2_4_0434.jpg,2_4,2155,train
2_4_0435.jpg,2_4,52218,train
2_4_0436.jpg,2_4,22621,train
2_4_0438.jpg,2_4,17859,train
2_4_0439.jpg,2_4,29811,train
2_4_0440.jpg,2_4,34215,train
2_4_0441.jpg,2_4,15796,train
2_4_0442.jpg,2_4,29804,train
2_4_0444.jpg,2_4,45281,train
2_4_0445.jpg,2_4,31009,train
2_4_0448.jpg,2_4,12650,train
2_4_0449.jpg,2_4,44139,train
2_4_0450.jpg,2_4,34256,train
2_4_0451.jpg,2_4,9188,train
2_4_0453.jpg,2_4,31732,train
2_4_0454.jpg,2_4,25986,train
2_4_0455.jpg,2_4,29410,train
2_4_0456.jpg,2_4,32790,train
2_4_0457.jpg,2_4,1355,train
2_4_0459.jpg,2_4,20209,train
2_4_0460.jpg,2_4,23942,train
2_4_0461.jpg,2_4,38694,train
2_4_0462.jpg,2_4,45030,train
2_4_0464.jpg,2_4,28875,train
2_4_0465.jpg,2_4,7962,train
2_4_0466.jpg,2_4,48378,train
2_4_0467.jpg,2_4,48841,train
2_4_0469.jpg,2_4,17860,train
2_4_0470.jpg,2_4,38860,train
2_4_0471.jpg,2_4,166,train
2_4_0474.jpg,2_4,54866,train
2_4_0475.jpg,2_4,23213,train
2_4_0477.jpg,2_4,6030,train
2_4_0479.jpg,2_4,20854,train
2_4_0481.jpg,2_4,15435,train
2_4_0484.jpg,2_4,15583,train
2_4_0485.jpg,2_4,14330,train
2_4_0486.jpg,2_4,15674,train
2_4_0487.jpg,2_4,53045,train
2_4_0489.jpg,2_4,19811,train
2_4_0492.jpg,2_4,30550,train
2_4_0493.jpg,2_4,25989,train
2_4_0496.jpg,2_4,45684,train
2_4_0497.jpg,2_4,44374,train
2_4_0502.jpg,2_4,27826,train
2_4_0506.jpg,2_4,34251,train
2_4_0507.jpg,2_4,38692,train
2_4_0508.jpg,2_4,14038,train
2_4_0509.jpg,2_4,5993,train
2_4_0510.jpg,2_4,41768,train
2_4_0511.jpg,2_4,15676,train
2_4_0512.jpg,2_4,14221,train
2_4_0513.jpg,2_4,33281,train
2_4_0514.jpg,2_4,26381,train
2_4_0515.jpg,2_4,23274,train
2_4_0518.jpg,2_4,42954,train
2_4_0521.jpg,2_4,45685,train
2_4_0522.jpg,2_4,11082,train
2_4_0524.jpg,2_4,30554,train
2_4_0526.jpg,2_4,37427,train
2_4_0528.jpg,2_4,32489,train
2_4_0529.jpg,2_4,41767,train
2_4_0530.jpg,2_4,45690,train
2_4_0532.jpg,2_4,16752,train
2_4_0533.jpg,2_4,15092,train
2_4_0535.jpg,2_4,33838,train
2_4_0536.jpg,2_4,2382,train
2_4_0537.jpg,2_4,24065,train
2_4_0538.jpg,2_4,5872,train
2_4_0539.jpg,2_4,38865,train
2_4_0540.jpg,2_4,10643,train
2_4_0541.jpg,2_4,3273,train
2_4_0542.jpg,2_4,12429,train
2_4_0543.jpg,2_4,15271,train
2_4_0545.jpg,2_4,37423,train
2_4_0546.jpg,2_4,52821,train
2_4_0548.jpg,2_4,43576,train
2_4_0549.jpg,2_4,18470,train
2_4_0550.jpg,2_4,15436,train
2_4_0553.jpg,2_4,33596,train
2_4_0554.jpg,2_4,51747,train
2_4_0556.jpg,2_4,19817,train
2_4_0559.jpg,2_4,8062,train
2_4_0560.jpg,2_4,20379,train
2_4_0562.jpg,2_4,52822,train
2_4_0563.jpg,2_4,11986,train
2_4_0564.jpg,2_4,45236,train
2_4_0567.jpg,2_4,38092,train
2_4_0568.jpg,2_4,32781,train
2_4_0569.jpg,2_4,11073,train
2_4_0570.jpg,2_4,48032,train
2_4_0571.jpg,2_4,20604,train
2_4_0572.jpg,2_4,18255,train
2_4_0573.jpg,2_4,38428,train
2_4_0574.jpg,2_4,31005,train
2_4_0576.jpg,2_4,42766,train
2_4_0577.jpg,2_4,26749,train
2_4_0578.jpg,2_4,45288,train
2_4_0580.jpg,2_4,35488,train
2_4_0581.jpg,2_4,49499,train
2_4_0584.jpg,2_4,9750,train
2_4_0585.jpg,2_4,52895,train
2_4_0586.jpg,2_4,37538,train
2_4_0589.jpg,2_4,37429,train
2_4_0590.jpg,2_4,35483,train
2_4_0591.jpg,2_4,33859,train
2_4_0592.jpg,2_4,24748,train
2_4_0594.jpg,2_4,4014,train
2_4_0595.jpg,2_4,10636,train
2_4_0596.jpg,2_4,19814,train
2_4_0597.jpg,2_4,13933,train
2_4_0598.jpg,2_4,17253,train
2_4_0600.jpg,2_4,38158,train
2_4_0601.jpg,2_4,16566,train
2_4_0605.jpg,2_4,37557,train
2_4_0606.jpg,2_4,23950,train
2_4_0607.jpg,2_4,15722,train
2_4_0609.jpg,2_4,20978,train
2_4_0610.jpg,2_4,34560,train
2_4_0611.jpg,2_4,31624,train
2_4_0612.jpg,2_4,27824,train
2_4_0613.jpg,2_4,25405,train
2_4_0615.jpg,2_4,44933,train
2_4_0616.jpg,2_4,777,train
2_4_0617.jpg,2_4,8422,train
2_4_0618.jpg,2_4,42007,train
2_4_0620.jpg,2_4,38248,train
2_4_0622.jpg,2_4,44877,train
2_4_0623.jpg,2_4,49944,train
2_4_0624.jpg,2_4,44879,train
2_4_0626.jpg,2_4,24059,train
2_4_0627.jpg,2_4,6087,train
2_4_0630.jpg,2_4,29361,train
2_4_0632.jpg,2_4,3013,train
2_4_0633.jpg,2_4,790,train
2_4_0635.jpg,2_4,31698,train
2_4_0636.jpg,2_4,4068,train
2_4_0641.jpg,2_4,4102,train
2_4_0642.jpg,2_4,48370,train
2_4_0643.jpg,2_4,23724,train
2_4_0644.jpg,2_4,17134,train
2_4_0646.jpg,2_4,14873,train
2_4_0647.jpg,2_4,16335,train
2_4_0648.jpg,2_4,26709,train
2_4_0649.jpg,2_4,37071,train
2_4_0650.jpg,2_4,9074,train
2_4_0651.jpg,2_4,44844,train
2_4_0652.jpg,2_4,31737,train
2_4_0655.jpg,2_4,1501,train
2_4_0656.jpg,2_4,45286,train
2_4_0658.jpg,2_4,44967,train
2_4_0659.jpg,2_4,29391,train
2_4_0660.jpg,2_4,29167,train
2_4_0661.jpg,2_4,45192,train
2_4_0662.jpg,2_4,15746,train
2_4_0665.jpg,2_4,9453,train
2_4_0666.jpg,2_4,52126,train
2_4_0667.jpg,2_4,52214,train
2_4_0668.jpg,2_4,11103,train
2_4_0669.jpg,2_4,34617,train
2_4_0670.jpg,2_4,49338,train
2_4_0671.jpg,2_4,28873,train
2_4_0672.jpg,2_4,37428,train
2_4_0674.jpg,2_4,33672,train
2_4_0676.jpg,2_4,31696,train
2_4_0677.jpg,2_4,37535,train
2_4_0678.jpg,2_4,37534,train
2_4_0681.jpg,2_4,45172,train
2_4_0683.jpg,2_4,32786,train
2_4_0684.jpg,2_4,12851,train
2_4_0686.jpg,2_4,26631,train
2_4_0687.jpg,2_4,17128,train
2_4_0688.jpg,2_4,44934,train
2_4_0691.jpg,2_4,10103,train
2_4_0693.jpg,2_4,48845,train
2_4_0694.jpg,2_4,60,train
2_4_0695.jpg,2_4,31695,train
2_4_0696.jpg,2_4,9458,train
2_4_0697.jpg,2_4,19815,train
2_4_0698.jpg,2_4,16370,train
2_4_0699.jpg,2_4,29254,train
2_4_0700.jpg,2_4,32724,train
2_4_0701.jpg,2_4,45031,train
2_4_0703.jpg,2_4,29808,train
2_4_0704.jpg,2_4,52047,train
2_4_0706.jpg,2_4,214,train
2_4_0707.jpg,2_4,26193,train
2_4_0709.jpg,2_4,34991,train
2_4_0710.jpg,2_4,14049,train
2_4_0711.jpg,2_4,51996,train
2_4_0713.jpg,2_4,22779,train
2_4_0714.jpg,2_4,11406,train
2_4_0715.jpg,2_4,51752,train
2_4_0716.jpg,2_4,33597,train
2_4_0717.jpg,2_4,26414,train
2_4_0718.jpg,2_4,23946,train
2_4_0720.jpg,2_4,10642,train
2_4_0721.jpg,2_4,41597,train
2_4_0722.jpg,2_4,37737,train
2_4_0724.jpg,2_4,52886,train
2_4_0726.jpg,2_4,52203,train
2_4_0727.jpg,2_4,45629,train
2_4_0728.jpg,2_4,25959,train
2_4_0730.jpg,2_4,14499,train
2_4_0731.jpg,2_4,54428,train
2_4_0732.jpg,2_4,44936,train
2_4_0733.jpg,2_4,39240,train
2_4_0735.jpg,2_4,15724,train
2_4_0736.jpg,2_4,16361,train
2_4_0737.jpg,2_4,38090,train
2_4_0740.jpg,2_4,25304,train
2_4_0741.jpg,2_4,11404,train
2_4_0744.jpg,2_4,9459,train
2_4_0745.jpg,2_4,16514,train
2_4_0747.jpg,2_4,37522,train
2_4_0748.jpg,2_4,28868,train
2_4_0750.jpg,2_4,28729,train
2_4_0751.jpg,2_4,15744,train
2_4_0752.jpg,2_4,39532,train
2_4_0753.jpg,2_4,37021,train
2_4_0754.jpg,2_4,29809,train
2_4_0755.jpg,2_4,11403,train
2_4_0756.jpg,2_4,17889,train
2_4_0757.jpg,2_4,761,train
2_4_0758.jpg,2_4,9936,train
2_4_0759.jpg,2_4,2521,train
2_4_0760.jpg,2_4,55001,train
2_4_0761.jpg,2_4,773,train
2_4_0762.jpg,2_4,11257,train
2_4_0763.jpg,2_4,6058,train
2_4_0765.jpg,2_4,59144,train
2_4_0766.jpg,2_4,43328,train
2_4_0767.jpg,2_4,26421,train
2_4_0770.jpg,2_4,48034,train
2_4_0773.jpg,2_4,30451,train
2_4_0774.jpg,2_4,12555,train
2_4_0776.jpg,2_4,25874,train
2_4_0777.jpg,2_4,17192,train
2_4_0778.jpg,2_4,30549,train
2_4_0779.jpg,2_4,22622,train
2_4_0780.jpg,2_4,44127,train
2_4_0781.jpg,2_4,39347,train
2_4_0783.jpg,2_4,55002,train
2_4_0784.jpg,2_4,4018,train
2_4_0785.jpg,2_4,9756,train
2_4_0787.jpg,2_4,15660,train
2_4_0788.jpg,2_4,23766,train
2_4_0789.jpg,2_4,43683,train
2_4_0790.jpg,2_4,32951,train
2_4_0791.jpg,2_4,29337,train
2_4_0792.jpg,2_4,11229,train
2_4_0795.jpg,2_4,23277,train
2_4_0797.jpg,2_4,8076,train
2_4_0798.jpg,2_4,15019,train
2_4_0799.jpg,2_4,23602,train
2_4_0800.jpg,2_4,26636,train
2_4_0801.jpg,2_4,14872,train
2_4_0802.jpg,2_4,53013,train
2_4_0803.jpg,2_4,11987,train
2_4_0804.jpg,2_4,45804,train
2_4_0805.jpg,2_4,5341,train
2_4_0808.jpg,2_4,12212,train
2_4_0809.jpg,2_4,29358,train
2_4_0811.jpg,2_4,45805,train
2_4_0812.jpg,2_4,17194,train
2_4_0814.jpg,2_4,10199,train
2_4_0815.jpg,2_4,37421,train
2_4_0819.jpg,2_4,8077,train
2_4_0820.jpg,2_4,15200,train
2_4_0822.jpg,2_4,37530,train
2_4_0823.jpg,2_4,16689,train
2_4_0824.jpg,2_4,11985,train
2_4_0825.jpg,2_4,20849,train
2_4_0827.jpg,2_4,38345,train
2_4_0828.jpg,2_4,12580,train
2_4_0829.jpg,2_4,7435,train
2_4_0831.jpg,2_4,37447,train
2_4_0833.jpg,2_4,18252,train
2_4_0834.jpg,2_4,720,train
2_4_0835.jpg,2_4,52077,train
2_4_0836.jpg,2_4,48221,train
2_4_0837.jpg,2_4,34493,train
2_4_0838.jpg,2_4,7927,train
2_4_0839.jpg,2_4,23952,train
2_4_0840.jpg,2_4,14613,train
2_4_0843.jpg,2_4,34478,train
2_4_0844.jpg,2_4,29386,train
2_4_0847.jpg,2_4,39534,train
2_4_0848.jpg,2_4,41905,train
2_4_0850.jpg,2_4,10120,train
2_4_0851.jpg,2_4,30555,train
2_4_0852.jpg,2_4,4574,train
2_4_0854.jpg,2_4,50517,train
2_4_0856.jpg,2_4,44482,train
2_4_0858.jpg,2_4,20607,train
2_4_0859.jpg,2_4,52004,train
2_4_0860.jpg,2_4,10094,train
2_4_0861.jpg,2_4,32729,train
2_4_0862.jpg,2_4,6492,train
2_4_0864.jpg,2_4,29781,train
2_4_0865.jpg,2_4,39608,train
2_4_0866.jpg,2_4,43677,train
2_4_0867.jpg,2_4,33588,train
2_4_0868.jpg,2_4,39237,train
2_4_0869.jpg,2_4,41993,train
2_4_0870.jpg,2_4,26422,train
2_4_0872.jpg,2_4,770,train
2_4_0873.jpg,2_4,22816,train
2_4_0876.jpg,2_4,15091,train
2_4_0877.jpg,2_4,2056,train
2_4_0879.jpg,2_4,26416,train
2_4_0880.jpg,2_4,33590,train
2_4_0881.jpg,2_4,16590,train
2_4_0882.jpg,2_4,32950,train
2_4_0883.jpg,2_4,29801,train
2_4_0884.jpg,2_4,11488,train
2_4_0885.jpg,2_4,33763,train
2_4_0886.jpg,2_4,11260,train
2_4_0887.jpg,2_4,33040,train
2_4_0888.jpg,2_4,20211,train
2_4_0889.jpg,2_4,17910,train
2_4_0891.jpg,2_4,16121,train
2_4_0893.jpg,2_4,45674,train
2_4_0894.jpg,2_4,10206,train
2_4_0896.jpg,2_4,32376,train
2_4_0897.jpg,2_4,41008,train
2_4_0899.jpg,2_4,16667,train
2_4_0901.jpg,2_4,32945,train
2_4_0905.jpg,2_4,37528,train
2_4_0906.jpg,2_4,30702,train
2_4_0908.jpg,2_4,11255,train
2_4_0910.jpg,2_4,36412,train
2_4_0911.jpg,2_4,21128,train
2_4_0912.jpg,2_4,36741,train
2_4_0913.jpg,2_4,14495,train
2_4_0914.jpg,2_4,39622,train
2_4_0915.jpg,2_4,3474,train
2_4_0916.jpg,2_4,38192,train
2_4_0917.jpg,2_4,32783,train
2_4_0918.jpg,2_4,23665,train
2_4_0919.jpg,2_4,38438,train
2_4_0922.jpg,2_4,33192,train
2_4_0923.jpg,2_4,10095,train
2_4_0925.jpg,2_4,16331,train
2_4_0926.jpg,2_4,17905,train
2_4_0927.jpg,2_4,25059,train
2_4_0929.jpg,2_4,17903,train
2_4_0930.jpg,2_4,52005,train
2_4_0931.jpg,2_4,44471,train
2_4_0932.jpg,2_4,41771,train
2_4_0933.jpg,2_4,38194,train
2_4_0935.jpg,2_4,2189,train
2_4_0936.jpg,2_4,9195,train
2_4_0938.jpg,2_4,1179,train
2_4_0940.jpg,2_4,6491,train
2_4_0941.jpg,2_4,29771,train
2_4_0942.jpg,2_4,11605,train
2_4_0944.jpg,2_4,1285,train
2_4_0945.jpg,2_4,33856,train
2_4_0946.jpg,2_4,37543,train
2_4_0947.jpg,2_4,23718,train
2_4_0948.jpg,2_4,38190,train
2_4_0950.jpg,2_4,45195,train
2_4_0951.jpg,2_4,37060,train
2_4_0952.jpg,2_4,34613,train
2_4_0953.jpg,2_4,15385,train
2_4_0954.jpg,2_4,2494,train
2_4_0957.jpg,2_4,35283,train
2_4_0958.jpg,2_4,3717,train
2_4_0959.jpg,2_4,712,train
2_4_0961.jpg,2_4,38181,train
2_4_0963.jpg,2_4,43322,train
2_4_0965.jpg,2_4,37532,train
2_4_0966.jpg,2_4,3462,train
2_4_0968.jpg,2_4,33586,train
2_4_0970.jpg,2_4,21631,train
2_4_0973.jpg,2_4,15621,train
2_4_0974.jpg,2_4,32366,train
2_4_0975.jpg,2_4,2062,train
2_4_0976.jpg,2_4,3593,train
2_4_0978.jpg,2_4,4008,train
2_4_0981.jpg,2_4,5863,train
2_4_0982.jpg,2_4,6032,train
2_4_0986.jpg,2_4,11487,train
2_4_0987.jpg,2_4,11612,train
2_4_0988.jpg,2_4,31734,train
2_4_0989.jpg,2_4,38627,train
2_4_0990.jpg,2_4,33848,train
2_4_0991.jpg,2_4,41587,train
2_4_0992.jpg,2_4,51745,train
2_4_0993.jpg,2_4,44453,train
2_4_0995.jpg,2_4,25410,train
2_4_0998.jpg,2_4,34255,train
2_4_0999.jpg,2_4,20823,train
3_27_0000.jpg,3_27,54070,train
3_27_0001.jpg,3_27,40223,train
3_27_0002.jpg,3_27,56314,train
3_27_0003.jpg,3_27,51913,train
3_27_0004.jpg,3_27,38925,train
3_27_0005.jpg,3_27,4824,train
3_27_0006.jpg,3_27,11845,train
3_27_0009.jpg,3_27,37396,train
3_27_0010.jpg,3_27,42281,train
3_27_0012.jpg,3_27,49932,train
3_27_0013.jpg,3_27,11223,train
3_27_0014.jpg,3_27,44244,train
3_27_0015.jpg,3_27,48757,train
3_27_0016.jpg,3_27,39954,train
3_27_0017.jpg,3_27,35739,train
3_27_0018.jpg,3_27,29876,train
3_27_0019.jpg,3_27,46055,train
3_27_0020.jpg,3_27,31102,train
3_27_0021.jpg,3_27,36316,train
3_27_0022.jpg,3_27,37994,train
3_27_0024.jpg,3_27,39103,train
3_27_0026.jpg,3_27,30436,train
3_27_0028.jpg,3_27,19294,train
3_27_0029.jpg,3_27,47644,train
3_27_0031.jpg,3_27,16524,train
3_27_0032.jpg,3_27,36455,train
3_27_0033.jpg,3_27,58911,train
3_27_0034.jpg,3_27,57259,train
3_27_0035.jpg,3_27,21243,train
3_27_0036.jpg,3_27,35899,train
3_27_0038.jpg,3_27,40020,train
3_27_0039.jpg,3_27,36874,train
3_27_0041.jpg,3_27,56974,train
3_27_0043.jpg,3_27,23480,train
3_27_0044.jpg,3_27,48658,train
3_27_0048.jpg,3_27,25309,train
3_27_0049.jpg,3_27,224,train
3_27_0050.jpg,3_27,24873,train
3_27_0051.jpg,3_27,16589,train
3_27_0052.jpg,3_27,16527,train
3_27_0053.jpg,3_27,29875,train
3_27_0054.jpg,3_27,1342,train
3_27_0055.jpg,3_27,54633,train
3_27_0056.jpg,3_27,22169,train
3_27_0060.jpg,3_27,47839,train
3_27_0061.jpg,3_27,47935,train
3_27_0062.jpg,3_27,10606,train
3_27_0063.jpg,3_27,4650,train
3_27_0065.jpg,3_27,40264,train
3_27_0066.jpg,3_27,35783,train
3_27_0067.jpg,3_27,11200,train
3_27_0068.jpg,3_27,8525,train
3_27_0071.jpg,3_27,48184,train
3_27_0072.jpg,3_27,20613,train
3_27_0073.jpg,3_27,18373,train
3_27_0074.jpg,3_27,21433,train
3_27_0076.jpg,3_27,4640,train
3_27_0077.jpg,3_27,47838,train
3_27_0078.jpg,3_27,37389,train
3_27_0079.jpg,3_27,47821,train
3_27_0080.jpg,3_27,16557,train
3_27_0081.jpg,3_27,57034,train
3_27_0082.jpg,3_27,3604,train
3_27_0083.jpg,3_27,56935,train
3_27_0085.jpg,3_27,40621,train
3_27_0086.jpg,3_27,12879,train
3_27_0088.jpg,3_27,54632,train
3_27_0089.jpg,3_27,56315,train
3_27_0090.jpg,3_27,48056,train
3_27_0091.jpg,3_27,4654,train
3_27_0092.jpg,3_27,48656,train
3_27_0093.jpg,3_27,49570,train
3_27_0095.jpg,3_27,2289,train
3_27_0098.jpg,3_27,36578,train
3_27_0100.jpg,3_27,3106,train
3_27_0101.jpg,3_27,31815,train
3_27_0102.jpg,3_27,35569,train
3_27_0103.jpg,3_27,39435,train
3_27_0105.jpg,3_27,6068,train
3_27_0106.jpg,3_27,17466,train
3_27_0108.jpg,3_27,48787,train
3_27_0109.jpg,3_27,529,train
3_27_0111.jpg,3_27,49270,train
3_27_0112.jpg,3_27,36605,train
3_27_0113.jpg,3_27,3029,train
3_27_0114.jpg,3_27,25696,train
3_27_0116.jpg,3_27,2364,train
3_27_0117.jpg,3_27,30264,train
3_27_0118.jpg,3_27,44409,train
3_27_0119.jpg,3_27,47744,train
3_27_0120.jpg,3_27,10315,train
3_27_0121.jpg,3_27,31112,train
3_27_0122.jpg,3_27,42271,train
3_27_0123.jpg,3_27,55612,train
3_27_0124.jpg,3_27,16579,train
3_27_0125.jpg,3_27,10579,train
3_27_0126.jpg,3_27,2785,train
3_27_0127.jpg,3_27,54067,train
3_27_0128.jpg,3_27,57015,train
3_27_0129.jpg,3_27,36782,train
3_27_0130.jpg,3_27,39980,train
3_27_0132.jpg,3_27,48052,train
3_27_0134.jpg,3_27,4447,train
3_27_0135.jpg,3_27,16590,train
3_27_0137.jpg,3_27,24055,train
3_27_0138.jpg,3_27,36799,train
3_27_0140.jpg,3_27,8399,train
3_27_0143.jpg,3_27,40506,train
3_27_0144.jpg,3_27,47934,train
3_27_0145.jpg,3_27,2774,train
3_27_0146.jpg,3_27,46004,train
3_27_0147.jpg,3_27,37387,train
3_27_0148.jpg,3_27,21780,train
3_27_0150.jpg,3_27,37100,train
3_27_0151.jpg,3_27,42253,train
3_27_0152.jpg,3_27,39716,train
3_27_0153.jpg,3_27,57078,train
3_27_0155.jpg,3_27,8487,train
3_27_0156.jpg,3_27,40590,train
3_27_0157.jpg,3_27,47088,train
3_27_0158.jpg,3_27,14483,train
3_27_0159.jpg,3_27,40863,train
3_27_0162.jpg,3_27,57023,train
3_27_0163.jpg,3_27,14352,train
3_27_0165.jpg,3_27,49029,train
3_27_0167.jpg,3_27,20445,train
3_27_0169.jpg,3_27,3440,train
3_27_0170.jpg,3_27,21880,train
3_27_0171.jpg,3_27,39101,train
3_27_0173.jpg,3_27,54299,train
3_27_0174.jpg,3_27,48055,train
3_27_0175.jpg,3_27,4445,train
3_27_0176.jpg,3_27,5087,train
3_27_0177.jpg,3_27,53647,train
3_27_0178.jpg,3_27,38045,train
3_27_0179.jpg,3_27,38909,train
3_27_0180.jpg,3_27,35979,train
3_27_0182.jpg,3_27,14269,train
3_27_0183.jpg,3_27,30392,train
3_27_0184.jpg,3_27,33379,train
3_27_0186.jpg,3_27,49806,train
3_27_0187.jpg,3_27,1400,train
3_27_0188.jpg,3_27,57111,train
3_27_0189.jpg,3_27,11938,train
3_27_0190.jpg,3_27,35620,train
3_27_0191.jpg,3_27,49030,train
3_27_0192.jpg,3_27,39951,train
3_27_0193.jpg,3_27,49188,train
3_27_0194.jpg,3_27,10163,train
3_27_0195.jpg,3_27,39902,train
3_27_0196.jpg,3_27,2521,train
3_27_0197.jpg,3_27,18375,train
3_27_0198.jpg,3_27,14529,train
3_27_0200.jpg,3_27,36351,train
3_27_0201.jpg,3_27,11199,train
3_27_0202.jpg,3_27,4110,train
3_27_0203.jpg,3_27,56952,train
3_27_0205.jpg,3_27,19335,train
3_27_0206.jpg,3_27,49131,train
3_27_0208.jpg,3_27,23617,train
3_27_0209.jpg,3_27,663,train
3_27_0210.jpg,3_27,33230,train
3_27_0211.jpg,3_27,54941,train
3_27_0213.jpg,3_27,25697,train
3_27_0214.jpg,3_27,40053,train
3_27_0215.jpg,3_27,40404,train
3_27_0216.jpg,3_27,1352,train
3_27_0218.jpg,3_27,16264,train
3_27_0221.jpg,3_27,14677,train
3_27_0223.jpg,3_27,43413,train
3_27_0224.jpg,3_27,21708,train
3_27_0225.jpg,3_27,46010,train
3_27_0226.jpg,3_27,40623,train
3_27_0227.jpg,3_27,49187,train
3_27_0229.jpg,3_27,55518,train
3_27_0232.jpg,3_27,864,train
3_27_0233.jpg,3_27,36477,train
3_27_0235.jpg,3_27,51905,train
3_27_0236.jpg,3_27,43827,train
3_27_0237.jpg,3_27,2515,train
3_27_0238.jpg,3_27,21430,train
3_27_0239.jpg,3_27,12112,train
3_27_0240.jpg,3_27,3380,train
3_27_0241.jpg,3_27,23478,train
3_27_0242.jpg,3_27,14534,train
3_27_0243.jpg,3_27,55587,train
3_27_0245.jpg,3_27,21931,train
3_27_0246.jpg,3_27,3017,train
3_27_0247.jpg,3_27,40327,train
3_27_0248.jpg,3_27,49787,train
3_27_0250.jpg,3_27,3409,train
3_27_0251.jpg,3_27,36751,train
3_27_0252.jpg,3_27,50130,train
3_27_0253.jpg,3_27,56337,train
3_27_0255.jpg,3_27,50108,train
3_27_0259.jpg,3_27,24480,train
3_27_0260.jpg,3_27,49709,train
3_27_0261.jpg,3_27,36732,train
3_27_0264.jpg,3_27,42348,train
3_27_0265.jpg,3_27,4719,train
3_27_0266.jpg,3_27,29878,train
3_27_0269.jpg,3_27,44077,train
3_27_0270.jpg,3_27,4439,train
3_27_0271.jpg,3_27,14074,train
3_27_0272.jpg,3_27,14486,train
3_27_0273.jpg,3_27,42248,train
3_27_0274.jpg,3_27,40191,train
3_27_0275.jpg,3_27,47095,train
3_27_0276.jpg,3_27,58280,train
3_27_0278.jpg,3_27,20531,train
3_27_0279.jpg,3_27,43875,train
3_27_0281.jpg,3_27,31812,train
3_27_0284.jpg,3_27,11219,train
3_27_0285.jpg,3_27,56391,train
3_27_0288.jpg,3_27,35737,train
3_27_0289.jpg,3_27,35782,train
3_27_0291.jpg,3_27,25686,train
3_27_0292.jpg,3_27,18720,train
3_27_0293.jpg,3_27,42251,train
3_27_0295.jpg,3_27,3387,train
3_27_0297.jpg,3_27,21457,train
3_27_0298.jpg,3_27,36734,train
3_27_0299.jpg,3_27,1769,train
3_27_0303.jpg,3_27,10573,train
3_27_0304.jpg,3_27,33222,train
3_27_0305.jpg,3_27,57055,train
3_27_0307.jpg,3_27,8497,train
3_27_0308.jpg,3_27,4438,train
3_27_0310.jpg,3_27,43152,train
3_27_0312.jpg,3_27,48974,train
3_27_0313.jpg,3_27,49219,train
3_27_0314.jpg,3_27,54401,train
3_27_0315.jpg,3_27,17469,train
3_27_0316.jpg,3_27,38372,train
3_27_0318.jpg,3_27,47940,train
3_27_0319.jpg,3_27,10577,train
3_27_0320.jpg,3_27,38922,train
3_27_0321.jpg,3_27,29272,train
3_27_0322.jpg,3_27,48848,train
3_27_0325.jpg,3_27,44986,train
3_27_0329.jpg,3_27,8526,train
3_27_0333.jpg,3_27,14670,train
3_27_0334.jpg,3_27,8524,train
3_27_0335.jpg,3_27,26069,train
3_27_0336.jpg,3_27,43415,train
3_27_0337.jpg,3_27,58457,train
3_27_0338.jpg,3_27,58873,train
3_27_0339.jpg,3_27,10026,train
3_27_0340.jpg,3_27,49809,train
3_27_0341.jpg,3_27,57092,train
3_27_0342.jpg,3_27,58964,train
3_27_0348.jpg,3_27,14064,train
3_27_0349.jpg,3_27,54402,train
3_27_0350.jpg,3_27,10162,train
3_27_0351.jpg,3_27,55186,train
3_27_0354.jpg,3_27,37990,train
3_27_0356.jpg,3_27,58915,train
3_27_0357.jpg,3_27,49478,train
3_27_0358.jpg,3_27,22146,train
3_27_0359.jpg,3_27,10574,train
3_27_0364.jpg,3_27,1756,train
3_27_0365.jpg,3_27,48972,train
3_27_0367.jpg,3_27,21889,train
3_27_0369.jpg,3_27,47791,train
3_27_0370.jpg,3_27,54824,train
3_27_0371.jpg,3_27,17785,train
3_27_0373.jpg,3_27,17791,train
3_27_0374.jpg,3_27,54081,train
3_27_0375.jpg,3_27,1754,train
3_27_0377.jpg,3_27,3613,train
3_27_0378.jpg,3_27,40509,train
3_27_0380.jpg,3_27,57079,train
3_27_0381.jpg,3_27,48827,train
3_27_0383.jpg,3_27,49710,train
3_27_0384.jpg,3_27,56836,train
3_27_0385.jpg,3_27,14063,train
3_27_0386.jpg,3_27,36736,train
3_27_0387.jpg,3_27,41878,train
3_27_0388.jpg,3_27,40444,train
3_27_0389.jpg,3_27,8498,train
3_27_0391.jpg,3_27,14303,train
3_27_0392.jpg,3_27,17436,train
3_27_0393.jpg,3_27,2168,train
3_27_0394.jpg,3_27,37979,train
3_27_0395.jpg,3_27,732,train
3_27_0396.jpg,3_27,21917,train
3_27_0398.jpg,3_27,16592,train
3_27_0399.jpg,3_27,14672,train
3_27_0401.jpg,3_27,3407,train
3_27_0403.jpg,3_27,39896,train
3_27_0404.jpg,3_27,54246,train
3_27_0405.jpg,3_27,56421,train
3_27_0407.jpg,3_27,40190,train
3_27_0408.jpg,3_27,20528,train
3_27_0410.jpg,3_27,37410,train
3_27_0411.jpg,3_27,2390,train
3_27_0412.jpg,3_27,48913,train
3_27_0413.jpg,3_27,36571,train
3_27_0415.jpg,3_27,36798,train
3_27_0417.jpg,3_27,47936,train
3_27_0418.jpg,3_27,56931,train
3_27_0419.jpg,3_27,44327,train
3_27_0421.jpg,3_27,49551,train
3_27_0422.jpg,3_27,2294,train
3_27_0423.jpg,3_27,54826,train
3_27_0424.jpg,3_27,5027,train
3_27_0425.jpg,3_27,40098,train
3_27_0428.jpg,3_27,20443,train
3_27_0429.jpg,3_27,42956,train
3_27_0430.jpg,3_27,56438,train
3_27_0431.jpg,3_27,36867,train
3_27_0432.jpg,3_27,2354,train
3_27_0433.jpg,3_27,46538,train
3_27_0434.jpg,3_27,36735,train
3_27_0435.jpg,3_27,42815,train
3_27_0436.jpg,3_27,49257,train
3_27_0437.jpg,3_27,57018,train
3_27_0438.jpg,3_27,14259,train
3_27_0439.jpg,3_27,24473,train
3_27_0440.jpg,3_27,39897,train
3_27_0441.jpg,3_27,37098,train
3_27_0443.jpg,3_27,23601,train
3_27_0444.jpg,3_27,40274,train
3_27_0445.jpg,3_27,11843,train
3_27_0446.jpg,3_27,38905,train
3_27_0447.jpg,3_27,24820,train
3_27_0450.jpg,3_27,42818,train
3_27_0451.jpg,3_27,9678,train
3_27_0452.jpg,3_27,40321,train
3_27_0453.jpg,3_27,49627,train
3_27_0454.jpg,3_27,40099,train
3_27_0456.jpg,3_27,56040,train
3_27_0460.jpg,3_27,56435,train
3_27_0461.jpg,3_27,8489,train
3_27_0462.jpg,3_27,36783,train
3_27_0465.jpg,3_27,40094,train
3_27_0466.jpg,3_27,1440,train
3_27_0468.jpg,3_27,40165,train
3_27_0469.jpg,3_27,48332,train
3_27_0470.jpg,3_27,14669,train
3_27_0471.jpg,3_27,40169,train
3_27_0472.jpg,3_27,4449,train
3_27_0473.jpg,3_27,20614,train
3_27_0474.jpg,3_27,31100,train
3_27_0475.jpg,3_27,49706,train
3_27_0476.jpg,3_27,11568,train
3_27_0478.jpg,3_27,4637,train
3_27_0480.jpg,3_27,40050,train
3_27_0482.jpg,3_27,35945,train
3_27_0483.jpg,3_27,4108,train
3_27_0484.jpg,3_27,54397,train
3_27_0485.jpg,3_27,36617,train
3_27_0486.jpg,3_27,42391,train
3_27_0488.jpg,3_27,11264,train
3_27_0489.jpg,3_27,36548,train
3_27_0491.jpg,3_27,52132,train
3_27_0494.jpg,3_27,32078,train
3_27_0495.jpg,3_27,47747,train
3_27_0498.jpg,3_27,10024,train
3_27_0500.jpg,3_27,2960,train
3_27_0502.jpg,3_27,26065,train
3_27_0503.jpg,3_27,26099,train
3_27_0504.jpg,3_27,40015,train
3_27_0505.jpg,3_27,24051,train
3_27_0507.jpg,3_27,13988,train
3_27_0510.jpg,3_27,53641,train
3_27_0511.jpg,3_27,212,train
3_27_0512.jpg,3_27,49170,train
3_27_0513.jpg,3_27,20907,train
3_27_0514.jpg,3_27,568,train
3_27_0516.jpg,3_27,42209,train
3_27_0517.jpg,3_27,42223,train
3_27_0518.jpg,3_27,45002,train
3_27_0519.jpg,3_27,221,train
3_27_0520.jpg,3_27,52133,train
3_27_0522.jpg,3_27,19077,train
3_27_0523.jpg,3_27,16555,train
3_27_0525.jpg,3_27,40505,train
3_27_0526.jpg,3_27,49778,train
3_27_0528.jpg,3_27,39949,train
3_27_0529.jpg,3_27,54075,train
3_27_0531.jpg,3_27,48758,train
3_27_0532.jpg,3_27,58454,train
3_27_0533.jpg,3_27,20439,train
3_27_0534.jpg,3_27,46000,train
3_27_0535.jpg,3_27,23250,train
3_27_0537.jpg,3_27,49236,train
3_27_0538.jpg,3_27,46530,train
3_27_0539.jpg,3_27,15712,train
3_27_0540.jpg,3_27,2766,train
3_27_0541.jpg,3_27,14068,train
3_27_0543.jpg,3_27,3096,train
3_27_0546.jpg,3_27,10027,train
3_27_0547.jpg,3_27,56951,train
3_27_0548.jpg,3_27,48063,train
3_27_0549.jpg,3_27,48821,train
3_27_0550.jpg,3_27,24864,train
3_27_0551.jpg,3_27,31766,train
3_27_0552.jpg,3_27,54936,train
3_27_0553.jpg,3_27,49311,train
3_27_0554.jpg,3_27,5026,train
3_27_0555.jpg,3_27,38370,train
3_27_0556.jpg,3_27,13255,train
3_27_0557.jpg,3_27,11304,train
3_27_0560.jpg,3_27,48501,train
3_27_0561.jpg,3_27,47938,train
3_27_0562.jpg,3_27,47398,train
3_27_0564.jpg,3_27,40172,train
3_27_0566.jpg,3_27,56326,train
3_27_0568.jpg,3_27,4645,train
3_27_0569.jpg,3_27,24868,train
3_27_0570.jpg,3_27,30434,train
3_27_0571.jpg,3_27,36200,train
3_27_0572.jpg,3_27,36550,train
3_27_0574.jpg,3_27,38926,train
3_27_0575.jpg,3_27,49662,train
3_27_0577.jpg,3_27,24481,train
3_27_0578.jpg,3_27,40403,train
3_27_0579.jpg,3_27,8486,train
3_27_0580.jpg,3_27,6074,train
3_27_0581.jpg,3_27,22149,train
3_27_0582.jpg,3_27,54593,train
3_27_0583.jpg,3_27,43828,train
3_27_0587.jpg,3_27,56696,train
3_27_0588.jpg,3_27,54247,train
3_27_0589.jpg,3_27,3371,train
3_27_0590.jpg,3_27,51908,train
3_27_0591.jpg,3_27,56982,train
3_27_0592.jpg,3_27,43860,train
3_27_0593.jpg,3_27,49274,train
3_27_0594.jpg,3_27,40632,train
3_27_0595.jpg,3_27,48828,train
3_27_0596.jpg,3_27,23615,train
3_27_0598.jpg,3_27,48929,train
3_27_0599.jpg,3_27,30240,train
3_27_0601.jpg,3_27,43483,train
3_27_0603.jpg,3_27,35776,train
3_27_0605.jpg,3_27,48989,train
3_27_0607.jpg,3_27,42179,train
3_27_0608.jpg,3_27,43019,train
3_27_0609.jpg,3_27,49553,train
3_27_0610.jpg,3_27,42070,train
3_27_0611.jpg,3_27,49808,train
3_27_0612.jpg,3_27,48945,train
3_27_0614.jpg,3_27,24058,train
3_27_0616.jpg,3_27,161,train
3_27_0617.jpg,3_27,54292,train
3_27_0619.jpg,3_27,56335,train
3_27_0620.jpg,3_27,5729,train
3_27_0621.jpg,3_27,14758,train
3_27_0623.jpg,3_27,38050,train
3_27_0624.jpg,3_27,54286,train
3_27_0627.jpg,3_27,56926,train
3_27_0628.jpg,3_27,47094,train
3_27_0631.jpg,3_27,14537,train
3_27_0632.jpg,3_27,23291,train
3_27_0633.jpg,3_27,21245,train
3_27_0634.jpg,3_27,49233,train
3_27_0635.jpg,3_27,26064,train
3_27_0637.jpg,3_27,42315,train
3_27_0638.jpg,3_27,58969,train
3_27_0639.jpg,3_27,30438,train
3_27_0640.jpg,3_27,223,train
3_27_0641.jpg,3_27,5524,train
3_27_0643.jpg,3_27,33221,train
3_27_0645.jpg,3_27,57454,train
3_27_0647.jpg,3_27,13188,train
3_27_0648.jpg,3_27,14306,train
3_27_0649.jpg,3_27,31763,train
3_27_0651.jpg,3_27,40520,train
3_27_0652.jpg,3_27,40500,train
3_27_0653.jpg,3_27,2281,train
3_27_0655.jpg,3_27,40616,train
3_27_0656.jpg,3_27,10609,train
3_27_0659.jpg,3_27,49631,train
3_27_0661.jpg,3_27,49028,train
3_27_0662.jpg,3_27,57212,train
3_27_0666.jpg,3_27,57268,train
3_27_0668.jpg,3_27,44325,train
3_27_0671.jpg,3_27,48061,train
3_27_0672.jpg,3_27,31768,train
3_27_0673.jpg,3_27,35775,train
3_27_0675.jpg,3_27,10314,train
3_27_0677.jpg,3_27,1776,train
3_27_0678.jpg,3_27,32096,train
3_27_0679.jpg,3_27,58588,train
3_27_0680.jpg,3_27,44246,train
3_27_0681.jpg,3_27,11656,train
3_27_0682.jpg,3_27,47840,train
3_27_0684.jpg,3_27,14173,train
3_27_0685.jpg,3_27,57053,train
3_27_0686.jpg,3_27,5711,train
3_27_0687.jpg,3_27,26066,train
3_27_0689.jpg,3_27,1778,train
3_27_0691.jpg,3_27,48894,train
3_27_0692.jpg,3_27,4304,train
3_27_0693.jpg,3_27,42181,train
3_27_0694.jpg,3_27,19076,train
3_27_0695.jpg,3_27,58893,train
3_27_0696.jpg,3_27,40105,train
3_27_0697.jpg,3_27,25687,train
3_27_0698.jpg,3_27,16537,train
3_27_0700.jpg,3_27,55588,train
3_27_0701.jpg,3_27,13185,train
3_27_0702.jpg,3_27,5085,train
3_27_0703.jpg,3_27,36352,train
3_27_0705.jpg,3_27,49776,train
3_27_0706.jpg,3_27,4643,train
3_27_0707.jpg,3_27,39963,train
3_27_0708.jpg,3_27,42286,train
3_27_0709.jpg,3_27,49784,train
3_27_0710.jpg,3_27,57273,train
3_27_0711.jpg,3_27,42245,train
3_27_0713.jpg,3_27,14261,train
3_27_0714.jpg,3_27,32100,train
3_27_0715.jpg,3_27,40631,train
3_27_0716.jpg,3_27,43414,train
3_27_0720.jpg,3_27,4700,train
3_27_0721.jpg,3_27,51870,train
3_27_0722.jpg,3_27,8401,train
3_27_0723.jpg,3_27,14749,train
3_27_0724.jpg,3_27,2285,train
3_27_0725.jpg,3_27,40226,train
3_27_0726.jpg,3_27,53744,train
3_27_0727.jpg,3_27,43216,train
3_27_0729.jpg,3_27,214,train
3_27_0732.jpg,3_27,4306,train
3_27_0733.jpg,3_27,48957,train
3_27_0734.jpg,3_27,40335,train
3_27_0735.jpg,3_27,2537,train
3_27_0737.jpg,3_27,51909,train
3_27_0739.jpg,3_27,1351,train
3_27_0742.jpg,3_27,49198,train
3_27_0743.jpg,3_27,30393,train
3_27_0744.jpg,3_27,14533,train
3_27_0746.jpg,3_27,23612,train
3_27_0747.jpg,3_27,22482,train
3_27_0748.jpg,3_27,44080,train
3_27_0749.jpg,3_27,57102,train
3_27_0750.jpg,3_27,39904,train
3_27_0751.jpg,3_27,49584,train
3_27_0752.jpg,3_27,22103,train
3_27_0753.jpg,3_27,48819,train
3_27_0754.jpg,3_27,11221,train
3_27_0756.jpg,3_27,5526,train
3_27_0757.jpg,3_27,733,train
3_27_0758.jpg,3_27,47090,train
3_27_0760.jpg,3_27,4779,train
3_27_0762.jpg,3_27,44998,train
3_27_0765.jpg,3_27,30261,train
3_27_0768.jpg,3_27,23475,train
3_27_0769.jpg,3_27,47992,train
3_27_0771.jpg,3_27,12497,train
3_27_0772.jpg,3_27,3438,train
3_27_0773.jpg,3_27,26454,train
3_27_0774.jpg,3_27,32094,train
3_27_0775.jpg,3_27,44419,train
3_27_0777.jpg,3_27,2957,train
3_27_0778.jpg,3_27,6717,train
3_27_0779.jpg,3_27,1767,train
3_27_0780.jpg,3_27,49227,train
3_27_0781.jpg,3_27,57067,train
3_27_0783.jpg,3_27,36615,train
3_27_0784.jpg,3_27,3028,train
3_27_0785.jpg,3_27,4301,train
3_27_0786.jpg,3_27,57270,train
3_27_0787.jpg,3_27,36766,train
3_27_0788.jpg,3_27,13261,train
3_27_0789.jpg,3_27,40014,train
3_27_0790.jpg,3_27,57908,train
3_27_0791.jpg,3_27,48308,train
3_27_0793.jpg,3_27,56991,train
3_27_0794.jpg,3_27,44243,train
3_27_0796.jpg,3_27,40330,train
3_27_0797.jpg,3_27,47815,train
3_27_0799.jpg,3_27,4644,train
3_27_0800.jpg,3_27,40343,train
3_27_0801.jpg,3_27,4696,train
3_27_0803.jpg,3_27,48477,train
3_27_0804.jpg,3_27,40329,train
3_27_0806.jpg,3_27,17789,train
3_27_0807.jpg,3_27,16637,train
3_27_0808.jpg,3_27,10019,train
3_27_0809.jpg,3_27,21458,train
3_27_0810.jpg,3_27,35947,train
3_27_0811.jpg,3_27,48053,train
3_27_0812.jpg,3_27,14061,train
3_27_0813.jpg,3_27,48944,train
3_27_0814.jpg,3_27,52614,train
3_27_0815.jpg,3_27,40163,train
3_27_0816.jpg,3_27,40860,train
3_27_0817.jpg,3_27,1772,train
3_27_0818.jpg,3_27,3404,train
3_27_0821.jpg,3_27,35735,train
3_27_0824.jpg,3_27,49659,train
3_27_0825.jpg,3_27,23471,train
3_27_0826.jpg,3_27,35604,train
3_27_0827.jpg,3_27,6536,train
3_27_0828.jpg,3_27,42345,train
3_27_0830.jpg,3_27,37414,train
3_27_0831.jpg,3_27,4974,train
3_27_0834.jpg,3_27,3437,train
3_27_0835.jpg,3_27,25685,train
3_27_0836.jpg,3_27,44082,train
3_27_0838.jpg,3_27,37393,train
3_27_0839.jpg,3_27,56334,train
3_27_0840.jpg,3_27,19118,train
3_27_0841.jpg,3_27,19339,train
3_27_0842.jpg,3_27,46003,train
3_27_0844.jpg,3_27,40620,train
3_27_0845.jpg,3_27,36616,train
3_27_0846.jpg,3_27,53599,train
3_27_0847.jpg,3_27,32102,train
3_27_0848.jpg,3_27,15717,train
3_27_0849.jpg,3_27,39105,train
3_27_0850.jpg,3_27,39721,train
3_27_0851.jpg,3_27,33224,train
3_27_0852.jpg,3_27,45013,train
3_27_0854.jpg,3_27,57272,train
3_27_0855.jpg,3_27,3607,train
3_27_0857.jpg,3_27,48221,train
3_27_0858.jpg,3_27,40318,train
3_27_0861.jpg,3_27,4697,train
3_27_0862.jpg,3_27,39978,train
3_27_0863.jpg,3_27,13204,train
3_27_0864.jpg,3_27,49592,train
3_27_0865.jpg,3_27,37415,train
3_27_0866.jpg,3_27,3432,train
3_27_0867.jpg,3_27,5025,train
3_27_0870.jpg,3_27,42153,train
3_27_0872.jpg,3_27,49889,train
3_27_0876.jpg,3_27,10301,train
3_27_0877.jpg,3_27,48225,train
3_27_0878.jpg,3_27,40162,train
3_27_0879.jpg,3_27,44076,train
3_27_0880.jpg,3_27,24474,train
3_27_0883.jpg,3_27,14350,train
3_27_0884.jpg,3_27,14751,train
3_27_0885.jpg,3_27,49164,train
3_27_0886.jpg,3_27,24870,train
3_27_0887.jpg,3_27,50107,train
3_27_0888.jpg,3_27,39718,train
3_27_0889.jpg,3_27,33378,train
3_27_0891.jpg,3_27,264,train
3_27_0892.jpg,3_27,42372,train
3_27_0893.jpg,3_27,37407,train
3_27_0894.jpg,3_27,6537,train
3_27_0895.jpg,3_27,24796,train
3_27_0897.jpg,3_27,36205,train
3_27_0898.jpg,3_27,56336,train
3_27_0900.jpg,3_27,54076,train
3_27_0901.jpg,3_27,5029,train
3_27_0902.jpg,3_27,23470,train
3_27_0903.jpg,3_27,57169,train
3_27_0907.jpg,3_27,30260,train
3_27_0908.jpg,3_27,36606,train
3_27_0909.jpg,3_27,37922,train
3_27_0912.jpg,3_27,45015,train
3_27_0913.jpg,3_27,16485,train
3_27_0914.jpg,3_27,12882,train
3_27_0915.jpg,3_27,40502,train
3_27_0918.jpg,3_27,36642,train
3_27_0920.jpg,3_27,38371,train
3_27_0922.jpg,3_27,24050,train
3_27_0923.jpg,3_27,6356,train
3_27_0924.jpg,3_27,8485,train
3_27_0926.jpg,3_27,56975,train
3_27_0927.jpg,3_27,797,train
3_27_0929.jpg,3_27,46961,train
3_27_0930.jpg,3_27,39830,train
3_27_0932.jpg,3_27,3880,train
3_27_0934.jpg,3_27,38364,train
3_27_0936.jpg,3_27,38918,train
3_27_0937.jpg,3_27,49080,train
3_27_0938.jpg,3_27,40168,train
3_27_0939.jpg,3_27,42361,train
3_27_0940.jpg,3_27,38912,train
3_27_0942.jpg,3_27,49550,train
3_27_0943.jpg,3_27,55590,train
3_27_0944.jpg,3_27,17434,train
3_27_0947.jpg,3_27,228,train
3_27_0948.jpg,3_27,42211,train
3_27_0949.jpg,3_27,18723,train
3_27_0950.jpg,3_27,57216,train
3_27_0951.jpg,3_27,21913,train
3_27_0952.jpg,3_27,37988,train
3_27_0953.jpg,3_27,57887,train
3_27_0954.jpg,3_27,2173,train
3_27_0956.jpg,3_27,40630,train
3_27_0957.jpg,3_27,49235,train
3_27_0958.jpg,3_27,56959,train
3_27_0959.jpg,3_27,48912,train
3_27_0960.jpg,3_27,3616,train
3_27_0962.jpg,3_27,43826,train
3_27_0964.jpg,3_27,49031,train
3_27_0965.jpg,3_27,49933,train
3_27_0966.jpg,3_27,3608,train
3_27_0967.jpg,3_27,56431,train
3_27_0970.jpg,3_27,40411,train
3_27_0971.jpg,3_27,47087,train
3_27_0973.jpg,3_27,3016,train
3_27_0974.jpg,3_27,33231,train
3_27_0975.jpg,3_27,523,train
3_27_0976.jpg,3_27,59083,train
3_27_0977.jpg,3_27,40166,train
3_27_0978.jpg,3_27,42418,train
3_27_0979.jpg,3_27,40379,train
3_27_0981.jpg,3_27,38658,train
3_27_0982.jpg,3_27,35741,train
3_27_0983.jpg,3_27,24821,train
3_27_0984.jpg,3_27,24053,train
3_27_0985.jpg,3_27,11848,train
3_27_0986.jpg,3_27,2271,train
3_27_0987.jpg,3_27,25693,train
3_27_0988.jpg,3_27,21715,train
3_27_0989.jpg,3_27,51872,train
3_27_0990.jpg,3_27,40440,train
3_27_0991.jpg,3_27,11937,train
3_27_0994.jpg,3_27,1760,train
3_27_0995.jpg,3_27,23613,train
3_27_0996.jpg,3_27,59081,train
3_27_0998.jpg,3_27,6534,train
1_23_0002.jpg,1_23,24422,train
1_23_0005.jpg,1_23,25815,train
1_23_0007.jpg,1_23,1158,train
1_23_0008.jpg,1_23,13325,train
1_23_0011.jpg,1_23,54618,train
1_23_0012.jpg,1_23,16948,train
1_23_0015.jpg,1_23,18566,train
1_23_0016.jpg,1_23,25470,train
1_23_0017.jpg,1_23,23253,train
1_23_0020.jpg,1_23,43967,train
1_23_0024.jpg,1_23,16474,train
1_23_0025.jpg,1_23,55278,train
1_23_0026.jpg,1_23,16986,train
1_23_0027.jpg,1_23,39180,train
1_23_0028.jpg,1_23,33487,train
1_23_0030.jpg,1_23,23550,train
1_23_0031.jpg,1_23,34645,train
1_23_0033.jpg,1_23,21063,train
1_23_0035.jpg,1_23,30301,train
1_23_0036.jpg,1_23,5199,train
1_23_0037.jpg,1_23,25493,train
1_23_0039.jpg,1_23,4612,train
1_23_0040.jpg,1_23,18093,train
1_23_0043.jpg,1_23,37826,train
1_23_0044.jpg,1_23,28373,train
1_23_0045.jpg,1_23,57511,train
1_23_0048.jpg,1_23,31963,train
1_23_0049.jpg,1_23,32334,train
1_23_0050.jpg,1_23,37819,train
1_23_0051.jpg,1_23,25475,train
1_23_0052.jpg,1_23,57905,train
1_23_0053.jpg,1_23,43983,train
1_23_0054.jpg,1_23,34504,train
1_23_0055.jpg,1_23,1042,train
1_23_0056.jpg,1_23,27167,train
1_23_0057.jpg,1_23,35331,train
1_23_0058.jpg,1_23,32053,train
1_23_0062.jpg,1_23,12296,train
1_23_0063.jpg,1_23,43987,train
1_23_0064.jpg,1_23,30489,train
1_23_0066.jpg,1_23,25804,train
1_23_0069.jpg,1_23,25686,train
1_23_0074.jpg,1_23,37619,train
1_23_0076.jpg,1_23,54504,train
1_23_0077.jpg,1_23,20141,train
1_23_0078.jpg,1_23,43418,train
1_23_0079.jpg,1_23,29733,train
1_23_0080.jpg,1_23,18637,train
1_23_0082.jpg,1_23,51043,train
1_23_0083.jpg,1_23,1025,train
1_23_0084.jpg,1_23,978,train
1_23_0085.jpg,1_23,9220,train
1_23_0086.jpg,1_23,57022,train
1_23_0090.jpg,1_23,12443,train
1_23_0091.jpg,1_23,34991,train
1_23_0092.jpg,1_23,30390,train
1_23_0093.jpg,1_23,21351,train
1_23_0095.jpg,1_23,24421,train
1_23_0096.jpg,1_23,20111,train
1_23_0097.jpg,1_23,2000,train
1_23_0098.jpg,1_23,1736,train
1_23_0100.jpg,1_23,5213,train
1_23_0101.jpg,1_23,21296,train
1_23_0102.jpg,1_23,15394,train
1_23_0104.jpg,1_23,10558,train
1_23_0106.jpg,1_23,31645,train
1_23_0107.jpg,1_23,52947,train
1_23_0108.jpg,1_23,19091,train
1_23_0112.jpg,1_23,27628,train
1_23_0118.jpg,1_23,29084,train
1_23_0119.jpg,1_23,25152,train
1_23_0120.jpg,1_23,17629,train
1_23_0121.jpg,1_23,9263,train
1_23_0123.jpg,1_23,8552,train
1_23_0124.jpg,1_23,32056,train
1_23_0125.jpg,1_23,32316,train
1_23_0127.jpg,1_23,8543,train
1_23_0128.jpg,1_23,25155,train
1_23_0129.jpg,1_23,25675,train
1_23_0130.jpg,1_23,18578,train
1_23_0131.jpg,1_23,34647,train
1_23_0132.jpg,1_23,9226,train
1_23_0133.jpg,1_23,38755,train
1_23_0134.jpg,1_23,20265,train
1_23_0135.jpg,1_23,32346,train
1_23_0136.jpg,1_23,18580,train
1_23_0137.jpg,1_23,38756,train
1_23_0139.jpg,1_23,16397,train
1_23_0140.jpg,1_23,44051,train
1_23_0141.jpg,1_23,34340,train
1_23_0142.jpg,1_23,21302,train
1_23_0143.jpg,1_23,12548,train
1_23_0146.jpg,1_23,12441,train
1_23_0147.jpg,1_23,2003,train
1_23_0148.jpg,1_23,9257,train
1_23_0149.jpg,1_23,9243,train
1_23_0150.jpg,1_23,52999,train
1_23_0151.jpg,1_23,24416,train
1_23_0155.jpg,1_23,16928,train
1_23_0156.jpg,1_23,6,train
1_23_0157.jpg,1_23,2067,train
1_23_0158.jpg,1_23,32336,train
1_23_0160.jpg,1_23,16949,train
1_23_0161.jpg,1_23,29213,train
1_23_0163.jpg,1_23,889,train
1_23_0165.jpg,1_23,38480,train
1_23_0166.jpg,1_23,37927,train
1_23_0167.jpg,1_23,34510,train
1_23_0168.jpg,1_23,32988,train
1_23_0170.jpg,1_23,44049,train
1_23_0171.jpg,1_23,22044,train
1_23_0172.jpg,1_23,887,train
1_23_0174.jpg,1_23,37943,train
1_23_0175.jpg,1_23,15392,train
1_23_0178.jpg,1_23,30526,train
1_23_0179.jpg,1_23,29716,train
1_23_0180.jpg,1_23,28414,train
1_23_0181.jpg,1_23,32837,train
1_23_0182.jpg,1_23,5203,train
1_23_0185.jpg,1_23,44010,train
1_23_0186.jpg,1_23,29761,train
1_23_0188.jpg,1_23,37613,train
1_23_0189.jpg,1_23,27172,train
1_23_0190.jpg,1_23,20408,train
1_23_0192.jpg,1_23,51673,train
1_23_0193.jpg,1_23,2076,train
1_23_0194.jpg,1_23,32205,train
1_23_0195.jpg,1_23,19777,train
1_23_0196.jpg,1_23,28325,train
1_23_0198.jpg,1_23,12550,train
1_23_0199.jpg,1_23,30527,train
1_23_0200.jpg,1_23,38391,train
1_23_0202.jpg,1_23,34552,train
1_23_0203.jpg,1_23,19743,train
1_23_0205.jpg,1_23,2043,train
1_23_0206.jpg,1_23,54614,train
1_23_0207.jpg,1_23,1916,train
1_23_0209.jpg,1_23,38474,train
1_23_0210.jpg,1_23,32317,train
1_23_0211.jpg,1_23,9044,train
1_23_0212.jpg,1_23,54256,train
1_23_0213.jpg,1_23,28605,train
1_23_0215.jpg,1_23,44008,train
1_23_0216.jpg,1_23,35333,train
1_23_0217.jpg,1_23,1635,train
1_23_0218.jpg,1_23,2063,train
1_23_0219.jpg,1_23,29758,train
1_23_0222.jpg,1_23,2107,train
1_23_0224.jpg,1_23,14456,train
1_23_0225.jpg,1_23,21067,train
1_23_0226.jpg,1_23,43485,train
1_23_0227.jpg,1_23,37608,train
1_23_0228.jpg,1_23,44033,train
1_23_0229.jpg,1_23,16929,train
1_23_0230.jpg,1_23,23240,train
1_23_0231.jpg,1_23,9251,train
1_23_0232.jpg,1_23,51960,train
1_23_0234.jpg,1_23,38473,train
1_23_0236.jpg,1_23,37789,train
1_23_0237.jpg,1_23,2232,train
1_23_0238.jpg,1_23,23855,train
1_23_0240.jpg,1_23,59103,train
1_23_0241.jpg,1_23,18307,train
1_23_0242.jpg,1_23,2933,train
1_23_0244.jpg,1_23,57015,train
1_23_0246.jpg,1_23,18110,train
1_23_0247.jpg,1_23,9047,train
1_23_0248.jpg,1_23,54162,train
1_23_0249.jpg,1_23,14339,train
1_23_0251.jpg,1_23,21357,train
1_23_0254.jpg,1_23,33941,train
1_23_0255.jpg,1_23,29732,train
1_23_0257.jpg,1_23,29088,train
1_23_0258.jpg,1_23,15034,train
1_23_0260.jpg,1_23,16308,train
1_23_0262.jpg,1_23,21184,train
1_23_0264.jpg,1_23,18425,train
1_23_0265.jpg,1_23,29725,train
1_23_0266.jpg,1_23,51655,train
1_23_0268.jpg,1_23,25809,train
1_23_0270.jpg,1_23,33505,train
1_23_0271.jpg,1_23,18095,train
1_23_0272.jpg,1_23,31319,train
1_23_0273.jpg,1_23,18010,train
1_23_0275.jpg,1_23,23917,train
1_23_0277.jpg,1_23,16280,train
1_23_0278.jpg,1_23,12422,train
1_23_0280.jpg,1_23,17285,train
1_23_0286.jpg,1_23,18635,train
1_23_0288.jpg,1_23,26161,train
1_23_0289.jpg,1_23,33509,train
1_23_0290.jpg,1_23,37825,train
1_23_0291.jpg,1_23,16143,train
1_23_0292.jpg,1_23,20559,train
1_23_0293.jpg,1_23,16393,train
1_23_0294.jpg,1_23,25796,train
1_23_0295.jpg,1_23,51944,train
1_23_0296.jpg,1_23,35337,train
1_23_0298.jpg,1_23,23555,train
1_23_0299.jpg,1_23,18430,train
1_23_0301.jpg,1_23,18638,train
1_23_0302.jpg,1_23,39196,train
1_23_0303.jpg,1_23,10901,train
1_23_0305.jpg,1_23,30313,train
1_23_0307.jpg,1_23,893,train
1_23_0308.jpg,1_23,23251,train
1_23_0309.jpg,1_23,19866,train
1_23_0310.jpg,1_23,14453,train
1_23_0311.jpg,1_23,57017,train
1_23_0312.jpg,1_23,12289,train
1_23_0313.jpg,1_23,30628,train
1_23_0315.jpg,1_23,54617,train
1_23_0316.jpg,1_23,37633,train
1_23_0317.jpg,1_23,20633,train
1_23_0318.jpg,1_23,54454,train
1_23_0320.jpg,1_23,20114,train
1_23_0322.jpg,1_23,16930,train
1_23_0324.jpg,1_23,39186,train
1_23_0325.jpg,1_23,18570,train
1_23_0327.jpg,1_23,2108,train
1_23_0328.jpg,1_23,5198,train
1_23_0330.jpg,1_23,26795,train
1_23_0331.jpg,1_23,20680,train
1_23_0332.jpg,1_23,57327,train
1_23_0333.jpg,1_23,24419,train
1_23_0334.jpg,1_23,29720,train
1_23_0335.jpg,1_23,37229,train
1_23_0337.jpg,1_23,12533,train
1_23_0338.jpg,1_23,4611,train
1_23_0339.jpg,1_23,18568,train
1_23_0340.jpg,1_23,17286,train
1_23_0341.jpg,1_23,1932,train
1_23_0342.jpg,1_23,58926,train
1_23_0344.jpg,1_23,57521,train
1_23_0345.jpg,1_23,9246,train
1_23_0346.jpg,1_23,23249,train
1_23_0347.jpg,1_23,34986,train
1_23_0349.jpg,1_23,33570,train
1_23_0350.jpg,1_23,20241,train
1_23_0351.jpg,1_23,29184,train
1_23_0352.jpg,1_23,23110,train
1_23_0353.jpg,1_23,12799,train
1_23_0354.jpg,1_23,43977,train
1_23_0356.jpg,1_23,12401,train
1_23_0357.jpg,1_23,23547,train
1_23_0358.jpg,1_23,33485,train
1_23_0359.jpg,1_23,20263,train
1_23_0360.jpg,1_23,31644,train
1_23_0363.jpg,1_23,37788,train
1_23_0364.jpg,1_23,38377,train
1_23_0365.jpg,1_23,57523,train
1_23_0366.jpg,1_23,34509,train
1_23_0368.jpg,1_23,21293,train
1_23_0370.jpg,1_23,18579,train
1_23_0371.jpg,1_23,32311,train
1_23_0372.jpg,1_23,31635,train
1_23_0373.jpg,1_23,16303,train
1_23_0374.jpg,1_23,37604,train
1_23_0376.jpg,1_23,30523,train
1_23_0377.jpg,1_23,25697,train
1_23_0379.jpg,1_23,29726,train
1_23_0380.jpg,1_23,16145,train
1_23_0381.jpg,1_23,1983,train
1_23_0383.jpg,1_23,26132,train
1_23_0384.jpg,1_23,16305,train
1_23_0385.jpg,1_23,13324,train
1_23_0386.jpg,1_23,37639,train
1_23_0389.jpg,1_23,18112,train
1_23_0391.jpg,1_23,21354,train
1_23_0394.jpg,1_23,18107,train
1_23_0395.jpg,1_23,23108,train
1_23_0396.jpg,1_23,10559,train
1_23_0397.jpg,1_23,33481,train
1_23_0398.jpg,1_23,52740,train
1_23_0399.jpg,1_23,21294,train
1_23_0402.jpg,1_23,26056,train
1_23_0403.jpg,1_23,1168,train
1_23_0404.jpg,1_23,34015,train
1_23_0405.jpg,1_23,24106,train
1_23_0406.jpg,1_23,24403,train
1_23_0409.jpg,1_23,21885,train
1_23_0410.jpg,1_23,51941,train
1_23_0412.jpg,1_23,33565,train
1_23_0413.jpg,1_23,2205,train
1_23_0414.jpg,1_23,2079,train
1_23_0415.jpg,1_23,37786,train
1_23_0416.jpg,1_23,42566,train
1_23_0419.jpg,1_23,32440,train
1_23_0420.jpg,1_23,37932,train
1_23_0421.jpg,1_23,43966,train
1_23_0424.jpg,1_23,23562,train
1_23_0426.jpg,1_23,1054,train
1_23_0427.jpg,1_23,33199,train
1_23_0429.jpg,1_23,16277,train
1_23_0430.jpg,1_23,43429,train
1_23_0432.jpg,1_23,44054,train
1_23_0433.jpg,1_23,52991,train
1_23_0435.jpg,1_23,37934,train
1_23_0436.jpg,1_23,28490,train
1_23_0439.jpg,1_23,1839,train
1_23_0442.jpg,1_23,16313,train
1_23_0443.jpg,1_23,51947,train
1_23_0445.jpg,1_23,31321,train
1_23_0446.jpg,1_23,44035,train
1_23_0447.jpg,1_23,8,train
1_23_0448.jpg,1_23,9244,train
1_23_0449.jpg,1_23,32208,train
1_23_0452.jpg,1_23,27749,train
1_23_0454.jpg,1_23,25785,train
1_23_0455.jpg,1_23,20563,train
1_23_0457.jpg,1_23,43426,train
1_23_0458.jpg,1_23,5201,train
1_23_0459.jpg,1_23,31132,train
1_23_0460.jpg,1_23,4608,train
1_23_0461.jpg,1_23,54499,train
1_23_0462.jpg,1_23,32200,train
1_23_0463.jpg,1_23,31139,train
1_23_0464.jpg,1_23,54740,train
1_23_0465.jpg,1_23,2082,train
1_23_0466.jpg,1_23,39420,train
1_23_0467.jpg,1_23,31142,train
1_23_0469.jpg,1_23,29087,train
1_23_0471.jpg,1_23,30482,train
1_23_0472.jpg,1_23,43077,train
1_23_0473.jpg,1_23,26061,train
1_23_0476.jpg,1_23,12437,train
1_23_0477.jpg,1_23,9225,train
1_23_0479.jpg,1_23,57894,train
1_23_0480.jpg,1_23,15027,train
1_23_0481.jpg,1_23,42562,train
1_23_0482.jpg,1_23,54610,train
1_23_0483.jpg,1_23,29089,train
1_23_0484.jpg,1_23,43046,train
1_23_0485.jpg,1_23,31152,train
1_23_0486.jpg,1_23,37695,train
1_23_0487.jpg,1_23,45545,train
1_23_0488.jpg,1_23,27173,train
1_23_0489.jpg,1_23,34508,train
1_23_0490.jpg,1_23,37933,train
1_23_0491.jpg,1_23,59099,train
1_23_0494.jpg,1_23,31548,train
1_23_0495.jpg,1_23,31966,train
1_23_0498.jpg,1_23,44011,train
1_23_0499.jpg,1_23,57020,train
1_23_0503.jpg,1_23,21066,train
1_23_0505.jpg,1_23,1924,train
1_23_0506.jpg,1_23,1956,train
1_23_0508.jpg,1_23,18310,train
1_23_0511.jpg,1_23,54154,train
1_23_0513.jpg,1_23,33502,train
1_23_0514.jpg,1_23,8548,train
1_23_0515.jpg,1_23,23248,train
1_23_0516.jpg,1_23,30494,train
1_23_0517.jpg,1_23,25680,train
1_23_0518.jpg,1_23,51959,train
1_23_0520.jpg,1_23,53455,train
1_23_0521.jpg,1_23,35335,train
1_23_0522.jpg,1_23,16478,train
1_23_0523.jpg,1_23,53004,train
1_23_0525.jpg,1_23,19086,train
1_23_0526.jpg,1_23,32504,train
1_23_0527.jpg,1_23,29729,train
1_23_0528.jpg,1_23,37796,train
1_23_0530.jpg,1_23,33052,train
1_23_0531.jpg,1_23,37785,train
1_23_0532.jpg,1_23,54161,train
1_23_0533.jpg,1_23,1986,train
1_23_0534.jpg,1_23,12283,train
1_23_0537.jpg,1_23,23105,train
1_23_0538.jpg,1_23,2113,train
1_23_0540.jpg,1_23,20193,train
1_23_0541.jpg,1_23,38757,train
1_23_0543.jpg,1_23,16398,train
1_23_0544.jpg,1_23,37931,train
1_23_0546.jpg,1_23,2070,train
1_23_0549.jpg,1_23,16311,train
1_23_0550.jpg,1_23,51958,train
1_23_0551.jpg,1_23,30316,train
1_23_0552.jpg,1_23,54449,train
1_23_0553.jpg,1_23,24404,train
1_23_0556.jpg,1_23,12436,train
1_23_0557.jpg,1_23,25243,train
1_23_0558.jpg,1_23,45402,train
1_23_0559.jpg,1_23,28659,train
1_23_0560.jpg,1_23,1035,train
1_23_0561.jpg,1_23,16517,train
1_23_0563.jpg,1_23,29983,train
1_23_0564.jpg,1_23,25788,train
1_23_0569.jpg,1_23,20682,train
1_23_0571.jpg,1_23,39179,train
1_23_0572.jpg,1_23,29080,train
1_23_0574.jpg,1_23,16477,train
1_23_0576.jpg,1_23,1955,train
1_23_0577.jpg,1_23,1034,train
1_23_0578.jpg,1_23,43760,train
1_23_0579.jpg,1_23,32839,train
1_23_0580.jpg,1_23,44040,train
1_23_0581.jpg,1_23,33563,train
1_23_0582.jpg,1_23,25241,train
1_23_0583.jpg,1_23,52997,train
1_23_0584.jpg,1_23,18094,train
1_23_0585.jpg,1_23,20558,train
1_23_0586.jpg,1_23,27170,train
1_23_0587.jpg,1_23,18266,train
1_23_0588.jpg,1_23,29192,train
1_23_0590.jpg,1_23,32349,train
1_23_0592.jpg,1_23,38476,train
1_23_0593.jpg,1_23,27751,train
1_23_0594.jpg,1_23,43078,train
1_23_0595.jpg,1_23,39137,train
1_23_0596.jpg,1_23,25676,train
1_23_0597.jpg,1_23,33623,train
1_23_0599.jpg,1_23,21886,train
1_23_0600.jpg,1_23,37947,train
1_23_0601.jpg,1_23,16952,train
1_23_0602.jpg,1_23,26160,train
1_23_0605.jpg,1_23,32441,train
1_23_0606.jpg,1_23,16960,train
1_23_0608.jpg,1_23,37680,train
1_23_0609.jpg,1_23,54503,train
1_23_0611.jpg,1_23,23851,train
1_23_0612.jpg,1_23,19306,train
1_23_0615.jpg,1_23,33633,train
1_23_0616.jpg,1_23,1735,train
1_23_0617.jpg,1_23,43065,train
1_23_0619.jpg,1_23,16383,train
1_23_0620.jpg,1_23,23100,train
1_23_0621.jpg,1_23,43060,train
1_23_0623.jpg,1_23,37623,train
1_23_0624.jpg,1_23,52987,train
1_23_0625.jpg,1_23,30498,train
1_23_0628.jpg,1_23,10987,train
1_23_0629.jpg,1_23,10900,train
1_23_0631.jpg,1_23,30490,train
1_23_0633.jpg,1_23,35503,train
1_23_0634.jpg,1_23,29714,train
1_23_0635.jpg,1_23,32461,train
1_23_0636.jpg,1_23,59117,train
1_23_0637.jpg,1_23,45541,train
1_23_0639.jpg,1_23,8536,train
1_23_0640.jpg,1_23,1667,train
1_23_0643.jpg,1_23,9045,train
1_23_0645.jpg,1_23,16210,train
1_23_0646.jpg,1_23,42573,train
1_23_0647.jpg,1_23,10991,train
1_23_0648.jpg,1_23,12438,train
1_23_0649.jpg,1_23,26134,train
1_23_0650.jpg,1_23,30487,train
1_23_0653.jpg,1_23,17288,train
1_23_0654.jpg,1_23,18306,train
1_23_0655.jpg,1_23,9261,train
1_23_0656.jpg,1_23,38479,train
1_23_0657.jpg,1_23,22037,train
1_23_0658.jpg,1_23,39183,train
1_23_0660.jpg,1_23,25685,train
1_23_0661.jpg,1_23,16946,train
1_23_0662.jpg,1_23,8545,train
1_23_0663.jpg,1_23,1055,train
1_23_0664.jpg,1_23,43427,train
1_23_0665.jpg,1_23,24411,train
1_23_0666.jpg,1_23,52951,train
1_23_0667.jpg,1_23,9256,train
1_23_0669.jpg,1_23,17560,train
1_23_0670.jpg,1_23,10301,train
1_23_0671.jpg,1_23,462,train
1_23_0672.jpg,1_23,31316,train
1_23_0673.jpg,1_23,25806,train
1_23_0676.jpg,1_23,29085,train
1_23_0677.jpg,1_23,30483,train
1_23_0678.jpg,1_23,16623,train
1_23_0679.jpg,1_23,37824,train
1_23_0682.jpg,1_23,31952,train
1_23_0683.jpg,1_23,26802,train
1_23_0686.jpg,1_23,32503,train
1_23_0687.jpg,1_23,26156,train
1_23_0689.jpg,1_23,21359,train
1_23_0690.jpg,1_23,18102,train
1_23_0691.jpg,1_23,30299,train
1_23_0692.jpg,1_23,5211,train
1_23_0693.jpg,1_23,31140,train
1_23_0695.jpg,1_23,1665,train
1_23_0696.jpg,1_23,9227,train
1_23_0697.jpg,1_23,29757,train
1_23_0698.jpg,1_23,25816,train
1_23_0699.jpg,1_23,37607,train
1_23_0700.jpg,1_23,16985,train
1_23_0703.jpg,1_23,28610,train
1_23_0704.jpg,1_23,33606,train
1_23_0705.jpg,1_23,43971,train
1_23_0707.jpg,1_23,18632,train
1_23_0708.jpg,1_23,2234,train
1_23_0709.jpg,1_23,37696,train
1_23_0712.jpg,1_23,28994,train
1_23_0715.jpg,1_23,43107,train
1_23_0716.jpg,1_23,42553,train
1_23_0718.jpg,1_23,32203,train
1_23_0719.jpg,1_23,16362,train
1_23_0720.jpg,1_23,54634,train
1_23_0721.jpg,1_23,37831,train
1_23_0724.jpg,1_23,33935,train
1_23_0725.jpg,1_23,21889,train
1_23_0728.jpg,1_23,37946,train
1_23_0729.jpg,1_23,24949,train
1_23_0730.jpg,1_23,20200,train
1_23_0731.jpg,1_23,52998,train
1_23_0732.jpg,1_23,23924,train
1_23_0734.jpg,1_23,28374,train
1_23_0736.jpg,1_23,24948,train
1_23_0738.jpg,1_23,34996,train
1_23_0739.jpg,1_23,18641,train
1_23_0740.jpg,1_23,43975,train
1_23_0741.jpg,1_23,37233,train
1_23_0743.jpg,1_23,54453,train
1_23_0744.jpg,1_23,21187,train
1_23_0745.jpg,1_23,37300,train
1_23_0746.jpg,1_23,52743,train
1_23_0747.jpg,1_23,37232,train
1_23_0748.jpg,1_23,944,train
1_23_0750.jpg,1_23,18308,train
1_23_0751.jpg,1_23,18567,train
1_23_0752.jpg,1_23,34700,train
1_23_0754.jpg,1_23,39191,train
1_23_0755.jpg,1_23,2114,train
1_23_0756.jpg,1_23,12787,train
1_23_0758.jpg,1_23,37821,train
1_23_0759.jpg,1_23,31322,train
1_23_0762.jpg,1_23,21360,train
1_23_0764.jpg,1_23,10324,train
1_23_0765.jpg,1_23,32984,train
1_23_0767.jpg,1_23,21068,train
1_23_0768.jpg,1_23,34992,train
1_23_0769.jpg,1_23,42560,train
1_23_0772.jpg,1_23,27624,train
1_23_0775.jpg,1_23,9250,train
1_23_0776.jpg,1_23,54632,train
1_23_0778.jpg,1_23,23548,train
1_23_0779.jpg,1_23,57332,train
1_23_0783.jpg,1_23,31956,train
1_23_0784.jpg,1_23,19736,train
1_23_0787.jpg,1_23,20507,train
1_23_0788.jpg,1_23,28989,train
1_23_0789.jpg,1_23,43421,train
1_23_0790.jpg,1_23,33942,train
1_23_0791.jpg,1_23,10899,train
1_23_0792.jpg,1_23,59116,train
1_23_0794.jpg,1_23,30495,train
1_23_0795.jpg,1_23,26789,train
1_23_0796.jpg,1_23,31954,train
1_23_0797.jpg,1_23,9222,train
1_23_0798.jpg,1_23,12421,train
1_23_0800.jpg,1_23,45507,train
1_23_0802.jpg,1_23,16472,train
1_23_0803.jpg,1_23,26047,train
1_23_0804.jpg,1_23,34507,train
1_23_0805.jpg,1_23,1680,train
1_23_0806.jpg,1_23,33367,train
1_23_0807.jpg,1_23,33488,train
1_23_0808.jpg,1_23,16947,train
1_23_0809.jpg,1_23,27240,train
1_23_0810.jpg,1_23,37684,train
1_23_0811.jpg,1_23,24108,train
1_23_0813.jpg,1_23,54644,train
1_23_0815.jpg,1_23,13335,train
1_23_0816.jpg,1_23,1060,train
1_23_0817.jpg,1_23,32454,train
1_23_0818.jpg,1_23,42569,train
1_23_0821.jpg,1_23,16943,train
1_23_0822.jpg,1_23,28992,train
1_23_0825.jpg,1_23,8551,train
1_23_0827.jpg,1_23,42577,train
1_23_0829.jpg,1_23,20676,train
1_23_0830.jpg,1_23,10981,train
1_23_0831.jpg,1_23,24103,train
1_23_0832.jpg,1_23,30295,train
1_23_0834.jpg,1_23,15397,train
1_23_0835.jpg,1_23,51679,train
1_23_0836.jpg,1_23,43423,train
1_23_0837.jpg,1_23,32055,train
1_23_0838.jpg,1_23,38482,train
1_23_0840.jpg,1_23,1997,train
1_23_0841.jpg,1_23,28327,train
1_23_0845.jpg,1_23,23561,train
1_23_0846.jpg,1_23,26157,train
1_23_0848.jpg,1_23,16184,train
1_23_0849.jpg,1_23,28661,train
1_23_0850.jpg,1_23,57907,train
1_23_0851.jpg,1_23,57896,train
1_23_0852.jpg,1_23,30310,train
1_23_0855.jpg,1_23,24950,train
1_23_0856.jpg,1_23,31143,train
1_23_0857.jpg,1_23,27163,train
1_23_0858.jpg,1_23,979,train
1_23_0859.jpg,1_23,16208,train
1_23_0860.jpg,1_23,10321,train
1_23_0861.jpg,1_23,27176,train
1_23_0863.jpg,1_23,9258,train
1_23_0864.jpg,1_23,52989,train
1_23_0867.jpg,1_23,9175,train
1_23_0868.jpg,1_23,37952,train
1_23_0869.jpg,1_23,10323,train
1_23_0870.jpg,1_23,1921,train
1_23_0871.jpg,1_23,44057,train
1_23_0872.jpg,1_23,34498,train
1_23_0873.jpg,1_23,20681,train
1_23_0874.jpg,1_23,33513,train
1_23_0875.jpg,1_23,43488,train
1_23_0878.jpg,1_23,37801,train
1_23_0880.jpg,1_23,33626,train
1_23_0881.jpg,1_23,37938,train
1_23_0882.jpg,1_23,59104,train
1_23_0884.jpg,1_23,57897,train
1_23_0885.jpg,1_23,33200,train
1_23_0886.jpg,1_23,10989,train
1_23_0887.jpg,1_23,33360,train
1_23_0888.jpg,1_23,2554,train
1_23_0889.jpg,1_23,33209,train
1_23_0890.jpg,1_23,31949,train
1_23_0891.jpg,1_23,10403,train
1_23_0892.jpg,1_23,25801,train
1_23_0893.jpg,1_23,17565,train
1_23_0895.jpg,1_23,30073,train
1_23_0897.jpg,1_23,16300,train
1_23_0898.jpg,1_23,30080,train
1_23_0899.jpg,1_23,30318,train
1_23_0900.jpg,1_23,30296,train
1_23_0901.jpg,1_23,18644,train
1_23_0902.jpg,1_23,2892,train
1_23_0903.jpg,1_23,25687,train
1_23_0904.jpg,1_23,52985,train
1_23_0907.jpg,1_23,45512,train
1_23_0908.jpg,1_23,37616,train
1_23_0909.jpg,1_23,25161,train
1_23_0910.jpg,1_23,16370,train
1_23_0911.jpg,1_23,55905,train
1_23_0913.jpg,1_23,23854,train
1_23_0914.jpg,1_23,51683,train
1_23_0916.jpg,1_23,32989,train
1_23_0917.jpg,1_23,4606,train
1_23_0918.jpg,1_23,12794,train
1_23_0921.jpg,1_23,12800,train
1_23_0922.jpg,1_23,37950,train
1_23_0924.jpg,1_23,28498,train
1_23_0925.jpg,1_23,30300,train
1_23_0926.jpg,1_23,25476,train
1_23_0927.jpg,1_23,38452,train
1_23_0928.jpg,1_23,30501,train
1_23_0929.jpg,1_23,34982,train
1_23_0930.jpg,1_23,30389,train
1_23_0931.jpg,1_23,33634,train
1_23_0932.jpg,1_23,5214,train
1_23_0933.jpg,1_23,43108,train
1_23_0936.jpg,1_23,8534,train
1_23_0937.jpg,1_23,9065,train
1_23_0938.jpg,1_23,33053,train
1_23_0939.jpg,1_23,23559,train
1_23_0942.jpg,1_23,30303,train
1_23_0943.jpg,1_23,32439,train
1_23_0944.jpg,1_23,54302,train
1_23_0945.jpg,1_23,37949,train
1_23_0946.jpg,1_23,28324,train
1_23_0947.jpg,1_23,25471,train
1_23_0951.jpg,1_23,38453,train
1_23_0952.jpg,1_23,16954,train
1_23_0954.jpg,1_23,31547,train
1_23_0955.jpg,1_23,8539,train
1_23_0957.jpg,1_23,9049,train
1_23_0958.jpg,1_23,33060,train
1_23_0959.jpg,1_23,9247,train
1_23_0960.jpg,1_23,43075,train
1_23_0961.jpg,1_23,37638,train
1_23_0963.jpg,1_23,8553,train
1_23_0964.jpg,1_23,39135,train
1_23_0966.jpg,1_23,2075,train
1_23_0967.jpg,1_23,21180,train
1_23_0968.jpg,1_23,30302,train
1_23_0970.jpg,1_23,2072,train
1_23_0971.jpg,1_23,1020,train
1_23_0972.jpg,1_23,37637,train
1_23_0973.jpg,1_23,21291,train
1_23_0974.jpg,1_23,1681,train
1_23_0975.jpg,1_23,55284,train
1_23_0977.jpg,1_23,51961,train
1_23_0978.jpg,1_23,29214,train
1_23_0982.jpg,1_23,23246,train
1_23_0983.jpg,1_23,8540,train
1_23_0984.jpg,1_23,16142,train
1_23_0985.jpg,1_23,1682,train
1_23_0986.jpg,1_23,33636,train
1_23_0987.jpg,1_23,36050,train
1_23_0990.jpg,1_23,2893,train
1_23_0992.jpg,1_23,28371,train
1_23_0993.jpg,1_23,37298,train
1_23_0994.jpg,1_23,27625,train
1_23_0996.jpg,1_23,10992,train
1_23_0997.jpg,1_23,29724,train
1_23_0998.jpg,1_23,34337,train
4_1_1_0000.jpg,4_1_1,6385,train
4_1_1_0001.jpg,4_1_1,15195,train
4_1_1_0004.jpg,4_1_1,42235,train
4_1_1_0005.jpg,4_1_1,15837,train
4_1_1_0006.jpg,4_1_1,58432,train
4_1_1_0007.jpg,4_1_1,34863,train
4_1_1_0008.jpg,4_1_1,5601,train
4_1_1_0009.jpg,4_1_1,6628,train
4_1_1_0010.jpg,4_1_1,3130,train
4_1_1_0013.jpg,4_1_1,36717,train
4_1_1_0014.jpg,4_1_1,18761,train
4_1_1_0015.jpg,4_1_1,2305,train
4_1_1_0017.jpg,4_1_1,26691,train
4_1_1_0018.jpg,4_1_1,55158,train
4_1_1_0019.jpg,4_1_1,43827,train
4_1_1_0021.jpg,4_1_1,47986,train
4_1_1_0022.jpg,4_1_1,7890,train
4_1_1_0024.jpg,4_1_1,42745,train
4_1_1_0025.jpg,4_1_1,44993,train
4_1_1_0026.jpg,4_1_1,47253,train
4_1_1_0027.jpg,4_1_1,7889,train
4_1_1_0028.jpg,4_1_1,35414,train
4_1_1_0029.jpg,4_1_1,8948,train
4_1_1_0031.jpg,4_1_1,4967,train
4_1_1_0036.jpg,4_1_1,31258,train
4_1_1_0037.jpg,4_1_1,4961,train
4_1_1_0038.jpg,4_1_1,35833,train
4_1_1_0039.jpg,4_1_1,5599,train
4_1_1_0040.jpg,4_1_1,35227,train
4_1_1_0041.jpg,4_1_1,45011,train
4_1_1_0042.jpg,4_1_1,20018,train
4_1_1_0043.jpg,4_1_1,42236,train
4_1_1_0045.jpg,4_1_1,36432,train
4_1_1_0048.jpg,4_1_1,4504,train
4_1_1_0049.jpg,4_1_1,17188,train
4_1_1_0050.jpg,4_1_1,35217,train
4_1_1_0051.jpg,4_1_1,5168,train
4_1_1_0052.jpg,4_1_1,21593,train
4_1_1_0053.jpg,4_1_1,14839,train
4_1_1_0055.jpg,4_1_1,39639,train
4_1_1_0057.jpg,4_1_1,15763,train
4_1_1_0061.jpg,4_1_1,29813,train
4_1_1_0063.jpg,4_1_1,36399,train
4_1_1_0064.jpg,4_1_1,58362,train
4_1_1_0065.jpg,4_1_1,15194,train
4_1_1_0066.jpg,4_1_1,47316,train
4_1_1_0067.jpg,4_1_1,58645,train
4_1_1_0069.jpg,4_1_1,47416,train
4_1_1_0070.jpg,4_1_1,4182,train
4_1_1_0071.jpg,4_1_1,48381,train
4_1_1_0072.jpg,4_1_1,57852,train
4_1_1_0073.jpg,4_1_1,46270,train
4_1_1_0075.jpg,4_1_1,54763,train
4_1_1_0076.jpg,4_1_1,41711,train
4_1_1_0077.jpg,4_1_1,20448,train
4_1_1_0078.jpg,4_1_1,6381,train
4_1_1_0080.jpg,4_1_1,41595,train
4_1_1_0082.jpg,4_1_1,41589,train
4_1_1_0083.jpg,4_1_1,4951,train
4_1_1_0084.jpg,4_1_1,23413,train
4_1_1_0085.jpg,4_1_1,28793,train
4_1_1_0087.jpg,4_1_1,41000,train
4_1_1_0088.jpg,4_1_1,41663,train
4_1_1_0089.jpg,4_1_1,4701,train
4_1_1_0091.jpg,4_1_1,5749,train
4_1_1_0092.jpg,4_1_1,21904,train
4_1_1_0094.jpg,4_1_1,42155,train
4_1_1_0095.jpg,4_1_1,38591,train
4_1_1_0098.jpg,4_1_1,49842,train
4_1_1_0100.jpg,4_1_1,6096,train
4_1_1_0101.jpg,4_1_1,4119,train
4_1_1_0102.jpg,4_1_1,20023,train
4_1_1_0103.jpg,4_1_1,6630,train
4_1_1_0104.jpg,4_1_1,18728,train
4_1_1_0106.jpg,4_1_1,39628,train
4_1_1_0107.jpg,4_1_1,47206,train
4_1_1_0112.jpg,4_1_1,25694,train
4_1_1_0114.jpg,4_1_1,35234,train
4_1_1_0115.jpg,4_1_1,14634,train
4_1_1_0117.jpg,4_1_1,42852,train
4_1_1_0119.jpg,4_1_1,37144,train
4_1_1_0120.jpg,4_1_1,38598,train
4_1_1_0121.jpg,4_1_1,14605,train
4_1_1_0122.jpg,4_1_1,44940,train
4_1_1_0123.jpg,4_1_1,46188,train
4_1_1_0125.jpg,4_1_1,40825,train
4_1_1_0126.jpg,4_1_1,54800,train
4_1_1_0127.jpg,4_1_1,24262,train
4_1_1_0128.jpg,4_1_1,19413,train
4_1_1_0132.jpg,4_1_1,25007,train
4_1_1_0133.jpg,4_1_1,34865,train
4_1_1_0135.jpg,4_1_1,14635,train
4_1_1_0136.jpg,4_1_1,5780,train
4_1_1_0138.jpg,4_1_1,30678,train
4_1_1_0139.jpg,4_1_1,4957,train
4_1_1_0140.jpg,4_1_1,5294,train
4_1_1_0141.jpg,4_1_1,11623,train
4_1_1_0143.jpg,4_1_1,35230,train
4_1_1_0144.jpg,4_1_1,8962,train
4_1_1_0145.jpg,4_1_1,39942,train
4_1_1_0146.jpg,4_1_1,5574,train
4_1_1_0149.jpg,4_1_1,44397,train
4_1_1_0150.jpg,4_1_1,4023,train
4_1_1_0152.jpg,4_1_1,4179,train
4_1_1_0153.jpg,4_1_1,35232,train
4_1_1_0154.jpg,4_1_1,41709,train
4_1_1_0156.jpg,4_1_1,6380,train
4_1_1_0158.jpg,4_1_1,39797,train
4_1_1_0159.jpg,4_1_1,41712,train
4_1_1_0160.jpg,4_1_1,17186,train
4_1_1_0161.jpg,4_1_1,5820,train
4_1_1_0162.jpg,4_1_1,15321,train
4_1_1_0163.jpg,4_1_1,39928,train
4_1_1_0164.jpg,4_1_1,39931,train
4_1_1_0168.jpg,4_1_1,41005,train
4_1_1_0169.jpg,4_1_1,44809,train
4_1_1_0170.jpg,4_1_1,58237,train
4_1_1_0172.jpg,4_1_1,35213,train
4_1_1_0173.jpg,4_1_1,46203,train
4_1_1_0174.jpg,4_1_1,58239,train
4_1_1_0177.jpg,4_1_1,41007,train
4_1_1_0180.jpg,4_1_1,35266,train
4_1_1_0181.jpg,4_1_1,12661,train
4_1_1_0182.jpg,4_1_1,36245,train
4_1_1_0183.jpg,4_1_1,58648,train
4_1_1_0184.jpg,4_1_1,46321,train
4_1_1_0185.jpg,4_1_1,47526,train
4_1_1_0186.jpg,4_1_1,36241,train
4_1_1_0188.jpg,4_1_1,2977,train
4_1_1_0189.jpg,4_1_1,45014,train
4_1_1_0190.jpg,4_1_1,3531,train
4_1_1_0191.jpg,4_1_1,26696,train
4_1_1_0192.jpg,4_1_1,48009,train
4_1_1_0193.jpg,4_1_1,48701,train
4_1_1_0194.jpg,4_1_1,5244,train
4_1_1_0195.jpg,4_1_1,21590,train
4_1_1_0196.jpg,4_1_1,30238,train
4_1_1_0197.jpg,4_1_1,15770,train
4_1_1_0199.jpg,4_1_1,21419,train
4_1_1_0200.jpg,4_1_1,28802,train
4_1_1_0201.jpg,4_1_1,30688,train
4_1_1_0203.jpg,4_1_1,3534,train
4_1_1_0204.jpg,4_1_1,6278,train
4_1_1_0205.jpg,4_1_1,36431,train
4_1_1_0206.jpg,4_1_1,41002,train
4_1_1_0208.jpg,4_1_1,45994,train
4_1_1_0209.jpg,4_1_1,54566,train
4_1_1_0211.jpg,4_1_1,42239,train
4_1_1_0212.jpg,4_1_1,6005,train
4_1_1_0213.jpg,4_1_1,56626,train
4_1_1_0214.jpg,4_1_1,26697,train
4_1_1_0218.jpg,4_1_1,21746,train
4_1_1_0220.jpg,4_1_1,49536,train
4_1_1_0222.jpg,4_1_1,36904,train
4_1_1_0223.jpg,4_1_1,41660,train
4_1_1_0224.jpg,4_1_1,56081,train
4_1_1_0225.jpg,4_1_1,41003,train
4_1_1_0226.jpg,4_1_1,57848,train
4_1_1_0227.jpg,4_1_1,41839,train
4_1_1_0228.jpg,4_1_1,36228,train
4_1_1_0231.jpg,4_1_1,58644,train
4_1_1_0233.jpg,4_1_1,47313,train
4_1_1_0236.jpg,4_1_1,4038,train
4_1_1_0237.jpg,4_1_1,21773,train
4_1_1_0238.jpg,4_1_1,12665,train
4_1_1_0239.jpg,4_1_1,35219,train
4_1_1_0240.jpg,4_1_1,38592,train
4_1_1_0241.jpg,4_1_1,21422,train
4_1_1_0243.jpg,4_1_1,56106,train
4_1_1_0244.jpg,4_1_1,19222,train
4_1_1_0245.jpg,4_1_1,45092,train
4_1_1_0248.jpg,4_1_1,4101,train
4_1_1_0249.jpg,4_1_1,58652,train
4_1_1_0250.jpg,4_1_1,56084,train
4_1_1_0251.jpg,4_1_1,4005,train
4_1_1_0252.jpg,4_1_1,5427,train
4_1_1_0253.jpg,4_1_1,46942,train
4_1_1_0254.jpg,4_1_1,20062,train
4_1_1_0255.jpg,4_1_1,19171,train
4_1_1_0256.jpg,4_1_1,49581,train
4_1_1_0257.jpg,4_1_1,44516,train
4_1_1_0258.jpg,4_1_1,37170,train
4_1_1_0261.jpg,4_1_1,39935,train
4_1_1_0262.jpg,4_1_1,18756,train
4_1_1_0263.jpg,4_1_1,21576,train
4_1_1_0265.jpg,4_1_1,57808,train
4_1_1_0266.jpg,4_1_1,19048,train
4_1_1_0267.jpg,4_1_1,19415,train
4_1_1_0268.jpg,4_1_1,25357,train
4_1_1_0269.jpg,4_1_1,19219,train
4_1_1_0271.jpg,4_1_1,41006,train
4_1_1_0273.jpg,4_1_1,10059,train
4_1_1_0274.jpg,4_1_1,9477,train
4_1_1_0277.jpg,4_1_1,38596,train
4_1_1_0278.jpg,4_1_1,4526,train
4_1_1_0279.jpg,4_1_1,41952,train
4_1_1_0281.jpg,4_1_1,47851,train
4_1_1_0282.jpg,4_1_1,15555,train
4_1_1_0283.jpg,4_1_1,5166,train
4_1_1_0284.jpg,4_1_1,18726,train
4_1_1_0285.jpg,4_1_1,6123,train
4_1_1_0286.jpg,4_1_1,2981,train
4_1_1_0287.jpg,4_1_1,36226,train
4_1_1_0288.jpg,4_1_1,17184,train
4_1_1_0289.jpg,4_1_1,3672,train
4_1_1_0292.jpg,4_1_1,47620,train
4_1_1_0296.jpg,4_1_1,25687,train
4_1_1_0297.jpg,4_1_1,14167,train
4_1_1_0298.jpg,4_1_1,2982,train
4_1_1_0299.jpg,4_1_1,42158,train
4_1_1_0300.jpg,4_1_1,33682,train
4_1_1_0302.jpg,4_1_1,3010,train
4_1_1_0303.jpg,4_1_1,15826,train
4_1_1_0305.jpg,4_1_1,36908,train
4_1_1_0307.jpg,4_1_1,16420,train
4_1_1_0308.jpg,4_1_1,36962,train
4_1_1_0309.jpg,4_1_1,4883,train
4_1_1_0310.jpg,4_1_1,46304,train
4_1_1_0312.jpg,4_1_1,4887,train
4_1_1_0313.jpg,4_1_1,41983,train
4_1_1_0316.jpg,4_1_1,18326,train
4_1_1_0317.jpg,4_1_1,35229,train
4_1_1_0319.jpg,4_1_1,46341,train
4_1_1_0320.jpg,4_1_1,55480,train
4_1_1_0321.jpg,4_1_1,41579,train
4_1_1_0322.jpg,4_1_1,18730,train
4_1_1_0323.jpg,4_1_1,6054,train
4_1_1_0324.jpg,4_1_1,39818,train
4_1_1_0325.jpg,4_1_1,15303,train
4_1_1_0327.jpg,4_1_1,28788,train
4_1_1_0329.jpg,4_1_1,47418,train
4_1_1_0330.jpg,4_1_1,40534,train
4_1_1_0331.jpg,4_1_1,47235,train
4_1_1_0333.jpg,4_1_1,4224,train
4_1_1_0335.jpg,4_1_1,36205,train
4_1_1_0337.jpg,4_1_1,15091,train
4_1_1_0338.jpg,4_1_1,14163,train
4_1_1_0339.jpg,4_1_1,4011,train
4_1_1_0342.jpg,4_1_1,24835,train
4_1_1_0343.jpg,4_1_1,46276,train
4_1_1_0344.jpg,4_1_1,57849,train
4_1_1_0346.jpg,4_1_1,44518,train
4_1_1_0348.jpg,4_1_1,42911,train
4_1_1_0349.jpg,4_1_1,37137,train
4_1_1_0350.jpg,4_1_1,4877,train
4_1_1_0351.jpg,4_1_1,38594,train
4_1_1_0353.jpg,4_1_1,55414,train
4_1_1_0354.jpg,4_1_1,4177,train
4_1_1_0355.jpg,4_1_1,36840,train
4_1_1_0358.jpg,4_1_1,34844,train
4_1_1_0359.jpg,4_1_1,26689,train
4_1_1_0360.jpg,4_1_1,7880,train
4_1_1_0363.jpg,4_1_1,4311,train
4_1_1_0364.jpg,4_1_1,40841,train
4_1_1_0366.jpg,4_1_1,15318,train
4_1_1_0367.jpg,4_1_1,49841,train
4_1_1_0368.jpg,4_1_1,46273,train
4_1_1_0369.jpg,4_1_1,15304,train
4_1_1_0370.jpg,4_1_1,28595,train
4_1_1_0371.jpg,4_1_1,41156,train
4_1_1_0373.jpg,4_1_1,15767,train
4_1_1_0375.jpg,4_1_1,25499,train
4_1_1_0377.jpg,4_1_1,11624,train
4_1_1_0378.jpg,4_1_1,55507,train
4_1_1_0379.jpg,4_1_1,35416,train
4_1_1_0380.jpg,4_1_1,30253,train
4_1_1_0381.jpg,4_1_1,41588,train
4_1_1_0382.jpg,4_1_1,45013,train
4_1_1_0383.jpg,4_1_1,36332,train
4_1_1_0385.jpg,4_1_1,2979,train
4_1_1_0390.jpg,4_1_1,37048,train
4_1_1_0391.jpg,4_1_1,55482,train
4_1_1_0393.jpg,4_1_1,50176,train
4_1_1_0394.jpg,4_1_1,44517,train
4_1_1_0395.jpg,4_1_1,33192,train
4_1_1_0396.jpg,4_1_1,14169,train
4_1_1_0397.jpg,4_1_1,40734,train
4_1_1_0398.jpg,4_1_1,36138,train
4_1_1_0399.jpg,4_1_1,46305,train
4_1_1_0400.jpg,4_1_1,39817,train
4_1_1_0401.jpg,4_1_1,45190,train
4_1_1_0402.jpg,4_1_1,58651,train
4_1_1_0403.jpg,4_1_1,36839,train
4_1_1_0404.jpg,4_1_1,43391,train
4_1_1_0406.jpg,4_1_1,4085,train
4_1_1_0407.jpg,4_1_1,35870,train
4_1_1_0409.jpg,4_1_1,20053,train
4_1_1_0410.jpg,4_1_1,30694,train
4_1_1_0411.jpg,4_1_1,5786,train
4_1_1_0412.jpg,4_1_1,9791,train
4_1_1_0415.jpg,4_1_1,48400,train
4_1_1_0416.jpg,4_1_1,48173,train
4_1_1_0417.jpg,4_1_1,46894,train
4_1_1_0418.jpg,4_1_1,28600,train
4_1_1_0419.jpg,4_1_1,25354,train
4_1_1_0420.jpg,4_1_1,15830,train
4_1_1_0422.jpg,4_1_1,40531,train
4_1_1_0423.jpg,4_1_1,7086,train
4_1_1_0424.jpg,4_1_1,25358,train
4_1_1_0426.jpg,4_1_1,15090,train
4_1_1_0428.jpg,4_1_1,5900,train
4_1_1_0429.jpg,4_1_1,12018,train
4_1_1_0430.jpg,4_1_1,41843,train
4_1_1_0433.jpg,4_1_1,25011,train
4_1_1_0434.jpg,4_1_1,9779,train
4_1_1_0435.jpg,4_1_1,4968,train
4_1_1_0437.jpg,4_1_1,6578,train
4_1_1_0439.jpg,4_1_1,10054,train
4_1_1_0440.jpg,4_1_1,46248,train
4_1_1_0441.jpg,4_1_1,15760,train
4_1_1_0442.jpg,4_1_1,30697,train
4_1_1_0444.jpg,4_1_1,36708,train
4_1_1_0445.jpg,4_1_1,28789,train
4_1_1_0447.jpg,4_1_1,40831,train
4_1_1_0449.jpg,4_1_1,47267,train
4_1_1_0450.jpg,4_1_1,5887,train
4_1_1_0451.jpg,4_1_1,14604,train
4_1_1_0453.jpg,4_1_1,3132,train
4_1_1_0454.jpg,4_1_1,12254,train
4_1_1_0455.jpg,4_1_1,46189,train
4_1_1_0456.jpg,4_1_1,14632,train
4_1_1_0457.jpg,4_1_1,56108,train
4_1_1_0458.jpg,4_1_1,36362,train
4_1_1_0461.jpg,4_1_1,3948,train
4_1_1_0462.jpg,4_1_1,43007,train
4_1_1_0463.jpg,4_1_1,34868,train
4_1_1_0464.jpg,4_1_1,46141,train
4_1_1_0465.jpg,4_1_1,47931,train
4_1_1_0466.jpg,4_1_1,4035,train
4_1_1_0468.jpg,4_1_1,15768,train
4_1_1_0469.jpg,4_1_1,39707,train
4_1_1_0470.jpg,4_1_1,15300,train
4_1_1_0471.jpg,4_1_1,4117,train
4_1_1_0472.jpg,4_1_1,25346,train
4_1_1_0473.jpg,4_1_1,47311,train
4_1_1_0474.jpg,4_1_1,46700,train
4_1_1_0475.jpg,4_1_1,40997,train
4_1_1_0476.jpg,4_1_1,4750,train
4_1_1_0478.jpg,4_1_1,43386,train
4_1_1_0479.jpg,4_1_1,5640,train
4_1_1_0480.jpg,4_1_1,46267,train
4_1_1_0481.jpg,4_1_1,4965,train
4_1_1_0482.jpg,4_1_1,36909,train
4_1_1_0483.jpg,4_1_1,43830,train
4_1_1_0484.jpg,4_1_1,35236,train
4_1_1_0485.jpg,4_1_1,5291,train
4_1_1_0487.jpg,4_1_1,41573,train
4_1_1_0488.jpg,4_1_1,37141,train
4_1_1_0489.jpg,4_1_1,35902,train
4_1_1_0491.jpg,4_1_1,35228,train
4_1_1_0493.jpg,4_1_1,9778,train
4_1_1_0494.jpg,4_1_1,39638,train
4_1_1_0495.jpg,4_1_1,54802,train
4_1_1_0496.jpg,4_1_1,54762,train
4_1_1_0499.jpg,4_1_1,44395,train
4_1_1_0500.jpg,4_1_1,21748,train
4_1_1_0503.jpg,4_1_1,45991,train
4_1_1_0504.jpg,4_1_1,25691,train
4_1_1_0506.jpg,4_1_1,5751,train
4_1_1_0507.jpg,4_1_1,4954,train
4_1_1_0508.jpg,4_1_1,6263,train
4_1_1_0509.jpg,4_1_1,58429,train
4_1_1_0510.jpg,4_1_1,14608,train
4_1_1_0511.jpg,4_1_1,28796,train
4_1_1_0513.jpg,4_1_1,11887,train
4_1_1_0514.jpg,4_1_1,38589,train
4_1_1_0515.jpg,4_1_1,48387,train
4_1_1_0516.jpg,4_1_1,48485,train
4_1_1_0518.jpg,4_1_1,21416,train
4_1_1_0519.jpg,4_1_1,42165,train
4_1_1_0520.jpg,4_1_1,58311,train
4_1_1_0521.jpg,4_1_1,47622,train
4_1_1_0523.jpg,4_1_1,25692,train
4_1_1_0525.jpg,4_1_1,41823,train
4_1_1_0527.jpg,4_1_1,46190,train
4_1_1_0529.jpg,4_1_1,20022,train
4_1_1_0530.jpg,4_1_1,46943,train
4_1_1_0531.jpg,4_1_1,48493,train
4_1_1_0532.jpg,4_1_1,20450,train
4_1_1_0533.jpg,4_1_1,15697,train
4_1_1_0535.jpg,4_1_1,40828,train
4_1_1_0537.jpg,4_1_1,3538,train
4_1_1_0538.jpg,4_1_1,44411,train
4_1_1_0539.jpg,4_1_1,41008,train
4_1_1_0542.jpg,4_1_1,45998,train
4_1_1_0545.jpg,4_1_1,36396,train
4_1_1_0546.jpg,4_1_1,21592,train
4_1_1_0547.jpg,4_1_1,15699,train
4_1_1_0551.jpg,4_1_1,46322,train
4_1_1_0553.jpg,4_1_1,36203,train
4_1_1_0554.jpg,4_1_1,9774,train
4_1_1_0555.jpg,4_1_1,49330,train
4_1_1_0556.jpg,4_1_1,21745,train
4_1_1_0558.jpg,4_1_1,21899,train
4_1_1_0560.jpg,4_1_1,15306,train
4_1_1_0561.jpg,4_1_1,45196,train
4_1_1_0562.jpg,4_1_1,9772,train
4_1_1_0563.jpg,4_1_1,15299,train
4_1_1_0564.jpg,4_1_1,7881,train
4_1_1_0565.jpg,4_1_1,46272,train
4_1_1_0566.jpg,4_1_1,28794,train
4_1_1_0567.jpg,4_1_1,40526,train
4_1_1_0568.jpg,4_1_1,15827,train
4_1_1_0572.jpg,4_1_1,14607,train
4_1_1_0573.jpg,4_1_1,4347,train
4_1_1_0574.jpg,4_1_1,48505,train
4_1_1_0575.jpg,4_1_1,33685,train
4_1_1_0578.jpg,4_1_1,47203,train
4_1_1_0580.jpg,4_1_1,4888,train
4_1_1_0583.jpg,4_1_1,12659,train
4_1_1_0584.jpg,4_1_1,35269,train
4_1_1_0585.jpg,4_1_1,4124,train
4_1_1_0586.jpg,4_1_1,19220,train
4_1_1_0587.jpg,4_1_1,25686,train
4_1_1_0588.jpg,4_1_1,39708,train
4_1_1_0590.jpg,4_1_1,54753,train
4_1_1_0591.jpg,4_1_1,46701,train
4_1_1_0592.jpg,4_1_1,56085,train
4_1_1_0596.jpg,4_1_1,58210,train
4_1_1_0597.jpg,4_1_1,6524,train
4_1_1_0598.jpg,4_1_1,39946,train
4_1_1_0599.jpg,4_1_1,29812,train
4_1_1_0600.jpg,4_1_1,40818,train
4_1_1_0601.jpg,4_1_1,58236,train
4_1_1_0603.jpg,4_1_1,56086,train
4_1_1_0604.jpg,4_1_1,46884,train
4_1_1_0608.jpg,4_1_1,37044,train
4_1_1_0610.jpg,4_1_1,4962,train
4_1_1_0612.jpg,4_1_1,11591,train
4_1_1_0613.jpg,4_1_1,46599,train
4_1_1_0616.jpg,4_1_1,38599,train
4_1_1_0618.jpg,4_1_1,46303,train
4_1_1_0620.jpg,4_1_1,30241,train
4_1_1_0621.jpg,4_1_1,34852,train
4_1_1_0622.jpg,4_1_1,5567,train
4_1_1_0624.jpg,4_1_1,6136,train
4_1_1_0628.jpg,4_1_1,14665,train
4_1_1_0630.jpg,4_1_1,4525,train
4_1_1_0632.jpg,4_1_1,56631,train
4_1_1_0634.jpg,4_1_1,21900,train
4_1_1_0635.jpg,4_1_1,21421,train
4_1_1_0636.jpg,4_1_1,47853,train
4_1_1_0637.jpg,4_1_1,8689,train
4_1_1_0638.jpg,4_1_1,2983,train
4_1_1_0641.jpg,4_1_1,40832,train
4_1_1_0642.jpg,4_1_1,39812,train
4_1_1_0643.jpg,4_1_1,46444,train
4_1_1_0644.jpg,4_1_1,8950,train
4_1_1_0645.jpg,4_1_1,4747,train
4_1_1_0646.jpg,4_1_1,46347,train
4_1_1_0647.jpg,4_1_1,42237,train
4_1_1_0648.jpg,4_1_1,12662,train
4_1_1_0650.jpg,4_1_1,4015,train
4_1_1_0651.jpg,4_1_1,24264,train
4_1_1_0654.jpg,4_1_1,57862,train
4_1_1_0655.jpg,4_1_1,12657,train
4_1_1_0656.jpg,4_1_1,5789,train
4_1_1_0657.jpg,4_1_1,42161,train
4_1_1_0658.jpg,4_1_1,44932,train
4_1_1_0660.jpg,4_1_1,36841,train
4_1_1_0662.jpg,4_1_1,2724,train
4_1_1_0663.jpg,4_1_1,35903,train
4_1_1_0664.jpg,4_1_1,47529,train
4_1_1_0666.jpg,4_1_1,41593,train
4_1_1_0667.jpg,4_1_1,35218,train
4_1_1_0671.jpg,4_1_1,6572,train
4_1_1_0673.jpg,4_1_1,15092,train
4_1_1_0674.jpg,4_1_1,57118,train
4_1_1_0677.jpg,4_1_1,26698,train
4_1_1_0678.jpg,4_1_1,7351,train
4_1_1_0679.jpg,4_1_1,45194,train
4_1_1_0681.jpg,4_1_1,14838,train
4_1_1_0682.jpg,4_1_1,41664,train
4_1_1_0684.jpg,4_1_1,25507,train
4_1_1_0686.jpg,4_1_1,58234,train
4_1_1_0688.jpg,4_1_1,3131,train
4_1_1_0689.jpg,4_1_1,15193,train
4_1_1_0690.jpg,4_1_1,47767,train
4_1_1_0691.jpg,4_1_1,54764,train
4_1_1_0692.jpg,4_1_1,41990,train
4_1_1_0693.jpg,4_1_1,30240,train
4_1_1_0694.jpg,4_1_1,11588,train
4_1_1_0695.jpg,4_1_1,20535,train
4_1_1_0696.jpg,4_1_1,37168,train
4_1_1_0697.jpg,4_1_1,58430,train
4_1_1_0701.jpg,4_1_1,33195,train
4_1_1_0703.jpg,4_1_1,16422,train
4_1_1_0704.jpg,4_1_1,23418,train
4_1_1_0706.jpg,4_1_1,48938,train
4_1_1_0708.jpg,4_1_1,39633,train
4_1_1_0709.jpg,4_1_1,12017,train
4_1_1_0714.jpg,4_1_1,46171,train
4_1_1_0716.jpg,4_1_1,47985,train
4_1_1_0717.jpg,4_1_1,43824,train
4_1_1_0718.jpg,4_1_1,19388,train
4_1_1_0719.jpg,4_1_1,39800,train
4_1_1_0720.jpg,4_1_1,39635,train
4_1_1_0722.jpg,4_1_1,1729,train
4_1_1_0723.jpg,4_1_1,11886,train
4_1_1_0725.jpg,4_1_1,39923,train
4_1_1_0727.jpg,4_1_1,15320,train
4_1_1_0728.jpg,4_1_1,56102,train
4_1_1_0729.jpg,4_1_1,20537,train
4_1_1_0731.jpg,4_1_1,36493,train
4_1_1_0732.jpg,4_1_1,3803,train
4_1_1_0733.jpg,4_1_1,45802,train
4_1_1_0734.jpg,4_1_1,56630,train
4_1_1_0735.jpg,4_1_1,42741,train
4_1_1_0736.jpg,4_1_1,47932,train
4_1_1_0739.jpg,4_1_1,18729,train
4_1_1_0740.jpg,4_1_1,33193,train
4_1_1_0741.jpg,4_1_1,40850,train
4_1_1_0744.jpg,4_1_1,35952,train
4_1_1_0745.jpg,4_1_1,46893,train
4_1_1_0749.jpg,4_1_1,45192,train
4_1_1_0750.jpg,4_1_1,3953,train
4_1_1_0751.jpg,4_1_1,5384,train
4_1_1_0752.jpg,4_1_1,46596,train
4_1_1_0754.jpg,4_1_1,19588,train
4_1_1_0758.jpg,4_1_1,39814,train
4_1_1_0760.jpg,4_1_1,35419,train
4_1_1_0762.jpg,4_1_1,48934,train
4_1_1_0765.jpg,4_1_1,43825,train
4_1_1_0766.jpg,4_1_1,5817,train
4_1_1_0767.jpg,4_1_1,36429,train
4_1_1_0769.jpg,4_1_1,28797,train
4_1_1_0770.jpg,4_1_1,56633,train
4_1_1_0771.jpg,4_1_1,57807,train
4_1_1_0772.jpg,4_1_1,5788,train
4_1_1_0773.jpg,4_1_1,44660,train
4_1_1_0774.jpg,4_1_1,8960,train
4_1_1_0777.jpg,4_1_1,33684,train
4_1_1_0778.jpg,4_1_1,41987,train
4_1_1_0779.jpg,4_1_1,5953,train
4_1_1_0780.jpg,4_1_1,33191,train
4_1_1_0781.jpg,4_1_1,46223,train
4_1_1_0783.jpg,4_1_1,48383,train
4_1_1_0784.jpg,4_1_1,58209,train
4_1_1_0785.jpg,4_1_1,28800,train
4_1_1_0787.jpg,4_1_1,36710,train
4_1_1_0788.jpg,4_1_1,34866,train
4_1_1_0789.jpg,4_1_1,30684,train
4_1_1_0790.jpg,4_1_1,40842,train
4_1_1_0791.jpg,4_1_1,4966,train
4_1_1_0794.jpg,4_1_1,19172,train
4_1_1_0795.jpg,4_1_1,4806,train
4_1_1_0796.jpg,4_1_1,7087,train
4_1_1_0798.jpg,4_1_1,54759,train
4_1_1_0799.jpg,4_1_1,6095,train
4_1_1_0800.jpg,4_1_1,35275,train
4_1_1_0801.jpg,4_1_1,46202,train
4_1_1_0803.jpg,4_1_1,37244,train
4_1_1_0805.jpg,4_1_1,48214,train
4_1_1_0808.jpg,4_1_1,42229,train
4_1_1_0809.jpg,4_1_1,39930,train
4_1_1_0810.jpg,4_1_1,25503,train
4_1_1_0811.jpg,4_1_1,46938,train
4_1_1_0812.jpg,4_1_1,44938,train
4_1_1_0813.jpg,4_1_1,54760,train
4_1_1_0815.jpg,4_1_1,17190,train
4_1_1_0816.jpg,4_1_1,3125,train
4_1_1_0817.jpg,4_1_1,55677,train
4_1_1_0818.jpg,4_1_1,47205,train
4_1_1_0819.jpg,4_1_1,21903,train
4_1_1_0821.jpg,4_1_1,48367,train
4_1_1_0823.jpg,4_1_1,41583,train
4_1_1_0824.jpg,4_1_1,5822,train
4_1_1_0825.jpg,4_1_1,46200,train
4_1_1_0826.jpg,4_1_1,4502,train
4_1_1_0827.jpg,4_1_1,30689,train
4_1_1_0828.jpg,4_1_1,34855,train
4_1_1_0829.jpg,4_1_1,41951,train
4_1_1_0830.jpg,4_1_1,14521,train
4_1_1_0832.jpg,4_1_1,1748,train
4_1_1_0833.jpg,4_1_1,45191,train
4_1_1_0834.jpg,4_1_1,3952,train
4_1_1_0836.jpg,4_1_1,17182,train
4_1_1_0837.jpg,4_1_1,48487,train
4_1_1_0840.jpg,4_1_1,4013,train
4_1_1_0842.jpg,4_1_1,16421,train
4_1_1_0843.jpg,4_1_1,46167,train
4_1_1_0845.jpg,4_1_1,36330,train
4_1_1_0846.jpg,4_1_1,21578,train
4_1_1_0847.jpg,4_1_1,4804,train
4_1_1_0849.jpg,4_1_1,12015,train
4_1_1_0850.jpg,4_1_1,6280,train
4_1_1_0853.jpg,4_1_1,41985,train
4_1_1_0854.jpg,4_1_1,42227,train
4_1_1_0855.jpg,4_1_1,7877,train
4_1_1_0856.jpg,4_1_1,5952,train
4_1_1_0857.jpg,4_1_1,44414,train
4_1_1_0858.jpg,4_1_1,24837,train
4_1_1_0859.jpg,4_1_1,14842,train
4_1_1_0861.jpg,4_1_1,5290,train
4_1_1_0862.jpg,4_1_1,15301,train
4_1_1_0863.jpg,4_1_1,35208,train
4_1_1_0864.jpg,4_1_1,28594,train
4_1_1_0865.jpg,4_1_1,46255,train
4_1_1_0866.jpg,4_1_1,5504,train
4_1_1_0869.jpg,4_1_1,42234,train
4_1_1_0871.jpg,4_1_1,43677,train
4_1_1_0872.jpg,4_1_1,55161,train
4_1_1_0873.jpg,4_1_1,30121,train
4_1_1_0875.jpg,4_1_1,34847,train
4_1_1_0877.jpg,4_1_1,39926,train
4_1_1_0878.jpg,4_1_1,47414,train
4_1_1_0879.jpg,4_1_1,44398,train
4_1_1_0881.jpg,4_1_1,20451,train
4_1_1_0882.jpg,4_1_1,6555,train
4_1_1_0883.jpg,4_1_1,28598,train
4_1_1_0884.jpg,4_1_1,26384,train
4_1_1_0885.jpg,4_1_1,4805,train
4_1_1_0886.jpg,4_1_1,3800,train
4_1_1_0887.jpg,4_1_1,35412,train
4_1_1_0888.jpg,4_1_1,18757,train
4_1_1_0889.jpg,4_1_1,30696,train
4_1_1_0892.jpg,4_1_1,35226,train
4_1_1_0895.jpg,4_1_1,46166,train
4_1_1_0896.jpg,4_1_1,57846,train
4_1_1_0898.jpg,4_1_1,28791,train
4_1_1_0900.jpg,4_1_1,34851,train
4_1_1_0901.jpg,4_1_1,15305,train
4_1_1_0902.jpg,4_1_1,47265,train
4_1_1_0903.jpg,4_1_1,40829,train
4_1_1_0904.jpg,4_1_1,47606,train
4_1_1_0905.jpg,4_1_1,11589,train
4_1_1_0906.jpg,4_1_1,35872,train
4_1_1_0907.jpg,4_1_1,26690,train
4_1_1_0908.jpg,4_1_1,15295,train
4_1_1_0909.jpg,4_1_1,36844,train
4_1_1_0910.jpg,4_1_1,47234,train
4_1_1_0912.jpg,4_1_1,50178,train
4_1_1_0913.jpg,4_1_1,48366,train
4_1_1_0914.jpg,4_1_1,37139,train
4_1_1_0915.jpg,4_1_1,4956,train
4_1_1_0916.jpg,4_1_1,35406,train
4_1_1_0917.jpg,4_1_1,26382,train
4_1_1_0919.jpg,4_1_1,48394,train
4_1_1_0920.jpg,4_1_1,31254,train
4_1_1_0921.jpg,4_1_1,44655,train
4_1_1_0922.jpg,4_1_1,19390,train
4_1_1_0923.jpg,4_1_1,11888,train
4_1_1_0924.jpg,4_1_1,4503,train
4_1_1_0925.jpg,4_1_1,40843,train
4_1_1_0926.jpg,4_1_1,2974,train
4_1_1_0927.jpg,4_1_1,4969,train
4_1_1_0928.jpg,4_1_1,42160,train
4_1_1_0929.jpg,4_1_1,40846,train
4_1_1_0930.jpg,4_1_1,6396,train
4_1_1_0931.jpg,4_1_1,44412,train
4_1_1_0933.jpg,4_1_1,4506,train
4_1_1_0934.jpg,4_1_1,48380,train
4_1_1_0935.jpg,4_1_1,44396,train
4_1_1_0936.jpg,4_1_1,42891,train
4_1_1_0937.jpg,4_1_1,54844,train
4_1_1_0938.jpg,4_1_1,48936,train
4_1_1_0941.jpg,4_1_1,6558,train
4_1_1_0942.jpg,4_1_1,39709,train
4_1_1_0944.jpg,4_1_1,4343,train
4_1_1_0946.jpg,4_1_1,39810,train
4_1_1_0948.jpg,4_1_1,36202,train
4_1_1_0949.jpg,4_1_1,49537,train
4_1_1_0950.jpg,4_1_1,49331,train
4_1_1_0951.jpg,4_1_1,40996,train
4_1_1_0952.jpg,4_1_1,5170,train
4_1_1_0953.jpg,4_1_1,2723,train
4_1_1_0954.jpg,4_1_1,6127,train
4_1_1_0956.jpg,4_1_1,39805,train
4_1_1_0957.jpg,4_1_1,25008,train
4_1_1_0958.jpg,4_1_1,34869,train
4_1_1_0960.jpg,4_1_1,45948,train
4_1_1_0961.jpg,4_1_1,36355,train
4_1_1_0962.jpg,4_1_1,45997,train
4_1_1_0965.jpg,4_1_1,5596,train
4_1_1_0966.jpg,4_1_1,41955,train
4_1_1_0969.jpg,4_1_1,2973,train
4_1_1_0971.jpg,4_1_1,54758,train
4_1_1_0973.jpg,4_1_1,34858,train
4_1_1_0974.jpg,4_1_1,5754,train
4_1_1_0975.jpg,4_1_1,9794,train
4_1_1_0976.jpg,4_1_1,40739,train
4_1_1_0977.jpg,4_1_1,36230,train
4_1_1_0978.jpg,4_1_1,4703,train
4_1_1_0979.jpg,4_1_1,44399,train
4_1_1_0982.jpg,4_1_1,34841,train
4_1_1_0983.jpg,4_1_1,46222,train
4_1_1_0984.jpg,4_1_1,3009,train
4_1_1_0987.jpg,4_1_1,54752,train
4_1_1_0989.jpg,4_1_1,46898,train
4_1_1_0992.jpg,4_1_1,30130,train
4_1_1_0993.jpg,4_1_1,10048,train
4_1_1_0996.jpg,4_1_1,21774,train
4_1_1_0997.jpg,4_1_1,4018,train
4_1_1_0998.jpg,4_1_1,18321,train
5_20_0000.jpg,5_20,11205,train
5_20_0001.jpg,5_20,33111,train
5_20_0002.jpg,5_20,37342,train
5_20_0004.jpg,5_20,27925,train
5_20_0005.jpg,5_20,29114,train
5_20_0006.jpg,5_20,37818,train
5_20_0008.jpg,5_20,32277,train
5_20_0009.jpg,5_20,37806,train
5_20_0010.jpg,5_20,31682,train
5_20_0011.jpg,5_20,25178,train
5_20_0012.jpg,5_20,1195,train
5_20_0014.jpg,5_20,27603,train
5_20_0016.jpg,5_20,29309,train
5_20_0021.jpg,5_20,51044,train
5_20_0024.jpg,5_20,37344,train
5_20_0025.jpg,5_20,2028,train
5_20_0027.jpg,5_20,1058,train
5_20_0028.jpg,5_20,28020,train
5_20_0029.jpg,5_20,31982,train
5_20_0030.jpg,5_20,26217,train
5_20_0031.jpg,5_20,31680,train
5_20_0032.jpg,5_20,2076,train
5_20_0033.jpg,5_20,24130,train
5_20_0034.jpg,5_20,34725,train
5_20_0035.jpg,5_20,27928,train
5_20_0036.jpg,5_20,29000,train
5_20_0037.jpg,5_20,12442,train
5_20_0038.jpg,5_20,29112,train
5_20_0039.jpg,5_20,33093,train
5_20_0041.jpg,5_20,27069,train
5_20_0043.jpg,5_20,35164,train
5_20_0044.jpg,5_20,28252,train
5_20_0045.jpg,5_20,1083,train
5_20_0046.jpg,5_20,16636,train
5_20_0047.jpg,5_20,25172,train
5_20_0048.jpg,5_20,37506,train
5_20_0050.jpg,5_20,28992,train
5_20_0051.jpg,5_20,27063,train
5_20_0052.jpg,5_20,28257,train
5_20_0053.jpg,5_20,23141,train
5_20_0054.jpg,5_20,29232,train
5_20_0058.jpg,5_20,26908,train
5_20_0059.jpg,5_20,32804,train
5_20_0060.jpg,5_20,37346,train
5_20_0061.jpg,5_20,34925,train
5_20_0063.jpg,5_20,12527,train
5_20_0064.jpg,5_20,25183,train
5_20_0067.jpg,5_20,27505,train
5_20_0070.jpg,5_20,34748,train
5_20_0071.jpg,5_20,37813,train
5_20_0072.jpg,5_20,27176,train
5_20_0073.jpg,5_20,43832,train
5_20_0075.jpg,5_20,45302,train
5_20_0076.jpg,5_20,16637,train
5_20_0077.jpg,5_20,33091,train
5_20_0078.jpg,5_20,20703,train
5_20_0079.jpg,5_20,24489,train
5_20_0080.jpg,5_20,35126,train
5_20_0081.jpg,5_20,38051,train
5_20_0082.jpg,5_20,2918,train
5_20_0086.jpg,5_20,17034,train
5_20_0087.jpg,5_20,20653,train
5_20_0089.jpg,5_20,32811,train
5_20_0090.jpg,5_20,29103,train
5_20_0091.jpg,5_20,10193,train
5_20_0092.jpg,5_20,43791,train
5_20_0093.jpg,5_20,53137,train
5_20_0094.jpg,5_20,29110,train
5_20_0095.jpg,5_20,25832,train
5_20_0097.jpg,5_20,20791,train
5_20_0098.jpg,5_20,31687,train
5_20_0099.jpg,5_20,1321,train
5_20_0100.jpg,5_20,1057,train
5_20_0101.jpg,5_20,27173,train
5_20_0102.jpg,5_20,24088,train
5_20_0103.jpg,5_20,27130,train
5_20_0104.jpg,5_20,35006,train
5_20_0105.jpg,5_20,16490,train
5_20_0108.jpg,5_20,1161,train
5_20_0110.jpg,5_20,26896,train
5_20_0111.jpg,5_20,28112,train
5_20_0113.jpg,5_20,33077,train
5_20_0114.jpg,5_20,23130,train
5_20_0115.jpg,5_20,12452,train
5_20_0116.jpg,5_20,31728,train
5_20_0118.jpg,5_20,29091,train
5_20_0119.jpg,5_20,23568,train
5_20_0120.jpg,5_20,26910,train
5_20_0122.jpg,5_20,27088,train
5_20_0128.jpg,5_20,16013,train
5_20_0132.jpg,5_20,34991,train
5_20_0133.jpg,5_20,11208,train
5_20_0134.jpg,5_20,37318,train
5_20_0136.jpg,5_20,28256,train
5_20_0137.jpg,5_20,28544,train
5_20_0138.jpg,5_20,38083,train
5_20_0141.jpg,5_20,32865,train
5_20_0143.jpg,5_20,10195,train
5_20_0144.jpg,5_20,31729,train
5_20_0147.jpg,5_20,11210,train
5_20_0149.jpg,5_20,33110,train
5_20_0150.jpg,5_20,12444,train
5_20_0151.jpg,5_20,20698,train
5_20_0152.jpg,5_20,27179,train
5_20_0155.jpg,5_20,25181,train
5_20_0157.jpg,5_20,28265,train
5_20_0158.jpg,5_20,39209,train
5_20_0159.jpg,5_20,29228,train
5_20_0160.jpg,5_20,29122,train
5_20_0161.jpg,5_20,37809,train
5_20_0163.jpg,5_20,16040,train
5_20_0166.jpg,5_20,26889,train
5_20_0167.jpg,5_20,14417,train
5_20_0168.jpg,5_20,12457,train
5_20_0169.jpg,5_20,20689,train
5_20_0170.jpg,5_20,28259,train
5_20_0171.jpg,5_20,45304,train
5_20_0172.jpg,5_20,980,train
5_20_0173.jpg,5_20,23205,train
5_20_0174.jpg,5_20,29006,train
5_20_0175.jpg,5_20,26985,train
5_20_0176.jpg,5_20,25170,train
5_20_0177.jpg,5_20,29226,train
5_20_0179.jpg,5_20,2916,train
5_20_0181.jpg,5_20,27214,train
5_20_0182.jpg,5_20,52700,train
5_20_0183.jpg,5_20,38081,train
5_20_0184.jpg,5_20,27923,train
5_20_0185.jpg,5_20,27177,train
5_20_0189.jpg,5_20,16014,train
5_20_0190.jpg,5_20,38077,train
5_20_0191.jpg,5_20,30879,train
5_20_0194.jpg,5_20,39433,train
5_20_0196.jpg,5_20,27920,train
5_20_0198.jpg,5_20,28547,train
5_20_0201.jpg,5_20,40928,train
5_20_0202.jpg,5_20,1146,train
5_20_0204.jpg,5_20,16001,train
5_20_0205.jpg,5_20,988,train
5_20_0207.jpg,5_20,29745,train
5_20_0208.jpg,5_20,2096,train
5_20_0209.jpg,5_20,2906,train
5_20_0210.jpg,5_20,26897,train
5_20_0212.jpg,5_20,27607,train
5_20_0213.jpg,5_20,17006,train
5_20_0217.jpg,5_20,52935,train
5_20_0219.jpg,5_20,33638,train
5_20_0220.jpg,5_20,43658,train
5_20_0221.jpg,5_20,31945,train
5_20_0222.jpg,5_20,1712,train
5_20_0224.jpg,5_20,53139,train
5_20_0225.jpg,5_20,37961,train
5_20_0227.jpg,5_20,25527,train
5_20_0228.jpg,5_20,27978,train
5_20_0229.jpg,5_20,27608,train
5_20_0230.jpg,5_20,35021,train
5_20_0231.jpg,5_20,35335,train
5_20_0234.jpg,5_20,37494,train
5_20_0235.jpg,5_20,26213,train
5_20_0236.jpg,5_20,51080,train
5_20_0237.jpg,5_20,983,train
5_20_0238.jpg,5_20,24439,train
5_20_0239.jpg,5_20,30875,train
5_20_0240.jpg,5_20,43412,train
5_20_0241.jpg,5_20,16003,train
5_20_0243.jpg,5_20,27613,train
5_20_0246.jpg,5_20,42489,train
5_20_0247.jpg,5_20,31658,train
5_20_0248.jpg,5_20,33096,train
5_20_0249.jpg,5_20,33079,train
5_20_0250.jpg,5_20,34747,train
5_20_0251.jpg,5_20,28331,train
5_20_0252.jpg,5_20,51892,train
5_20_0254.jpg,5_20,34726,train
5_20_0256.jpg,5_20,20649,train
5_20_0257.jpg,5_20,25828,train
5_20_0258.jpg,5_20,2905,train
5_20_0259.jpg,5_20,37962,train
5_20_0260.jpg,5_20,31576,train
5_20_0261.jpg,5_20,39434,train
5_20_0263.jpg,5_20,12465,train
5_20_0266.jpg,5_20,24601,train
5_20_0270.jpg,5_20,31676,train
5_20_0271.jpg,5_20,26210,train
5_20_0272.jpg,5_20,30862,train
5_20_0273.jpg,5_20,26982,train
5_20_0275.jpg,5_20,16493,train
5_20_0276.jpg,5_20,1088,train
5_20_0278.jpg,5_20,31581,train
5_20_0279.jpg,5_20,32217,train
5_20_0281.jpg,5_20,23197,train
5_20_0282.jpg,5_20,25833,train
5_20_0283.jpg,5_20,28021,train
5_20_0285.jpg,5_20,12296,train
5_20_0286.jpg,5_20,2026,train
5_20_0287.jpg,5_20,27215,train
5_20_0288.jpg,5_20,24047,train
5_20_0289.jpg,5_20,33102,train
5_20_0290.jpg,5_20,51075,train
5_20_0291.jpg,5_20,27086,train
5_20_0292.jpg,5_20,12459,train
5_20_0293.jpg,5_20,1322,train
5_20_0294.jpg,5_20,34745,train
5_20_0297.jpg,5_20,25533,train
5_20_0298.jpg,5_20,31940,train
5_20_0299.jpg,5_20,27,train
5_20_0300.jpg,5_20,28426,train
5_20_0301.jpg,5_20,51046,train
5_20_0302.jpg,5_20,23184,train
5_20_0303.jpg,5_20,31993,train
5_20_0304.jpg,5_20,31924,train
5_20_0305.jpg,5_20,33103,train
5_20_0307.jpg,5_20,31477,train
5_20_0308.jpg,5_20,32276,train
5_20_0309.jpg,5_20,23144,train
5_20_0310.jpg,5_20,27078,train
5_20_0311.jpg,5_20,25535,train
5_20_0313.jpg,5_20,34963,train
5_20_0314.jpg,5_20,31941,train
5_20_0315.jpg,5_20,34997,train
5_20_0316.jpg,5_20,15066,train
5_20_0317.jpg,5_20,27269,train
5_20_0318.jpg,5_20,37815,train
5_20_0320.jpg,5_20,43274,train
5_20_0322.jpg,5_20,38050,train
5_20_0323.jpg,5_20,31994,train
5_20_0324.jpg,5_20,20637,train
5_20_0325.jpg,5_20,27178,train
5_20_0326.jpg,5_20,28428,train
5_20_0328.jpg,5_20,40926,train
5_20_0329.jpg,5_20,28027,train
5_20_0330.jpg,5_20,27879,train
5_20_0331.jpg,5_20,2899,train
5_20_0333.jpg,5_20,2073,train
5_20_0334.jpg,5_20,28026,train
5_20_0336.jpg,5_20,29011,train
5_20_0337.jpg,5_20,22993,train
5_20_0338.jpg,5_20,37512,train
5_20_0339.jpg,5_20,2213,train
5_20_0340.jpg,5_20,27197,train
5_20_0341.jpg,5_20,43794,train
5_20_0342.jpg,5_20,30872,train
5_20_0344.jpg,5_20,32184,train
5_20_0348.jpg,5_20,24094,train
5_20_0350.jpg,5_20,29123,train
5_20_0351.jpg,5_20,33512,train
5_20_0353.jpg,5_20,28262,train
5_20_0354.jpg,5_20,29098,train
5_20_0355.jpg,5_20,45458,train
5_20_0360.jpg,5_20,29087,train
5_20_0361.jpg,5_20,28545,train
5_20_0365.jpg,5_20,42490,train
5_20_0366.jpg,5_20,22989,train
5_20_0367.jpg,5_20,28430,train
5_20_0369.jpg,5_20,1162,train
5_20_0370.jpg,5_20,40927,train
5_20_0371.jpg,5_20,35008,train
5_20_0373.jpg,5_20,12447,train
5_20_0376.jpg,5_20,12295,train
5_20_0377.jpg,5_20,43776,train
5_20_0378.jpg,5_20,34942,train
5_20_0379.jpg,5_20,31937,train
5_20_0380.jpg,5_20,25176,train
5_20_0381.jpg,5_20,1203,train
5_20_0382.jpg,5_20,30865,train
5_20_0384.jpg,5_20,34965,train
5_20_0385.jpg,5_20,27202,train
5_20_0387.jpg,5_20,27218,train
5_20_0389.jpg,5_20,25524,train
5_20_0390.jpg,5_20,52932,train
5_20_0392.jpg,5_20,15995,train
5_20_0393.jpg,5_20,15072,train
5_20_0394.jpg,5_20,32211,train
5_20_0395.jpg,5_20,38075,train
5_20_0397.jpg,5_20,34926,train
5_20_0399.jpg,5_20,22995,train
5_20_0400.jpg,5_20,17620,train
5_20_0401.jpg,5_20,29097,train
5_20_0402.jpg,5_20,15,train
5_20_0403.jpg,5_20,12455,train
5_20_0404.jpg,5_20,31665,train
5_20_0405.jpg,5_20,27073,train
5_20_0406.jpg,5_20,2084,train
5_20_0408.jpg,5_20,27975,train
5_20_0409.jpg,5_20,29021,train
5_20_0410.jpg,5_20,35130,train
5_20_0412.jpg,5_20,45461,train
5_20_0413.jpg,5_20,28424,train
5_20_0414.jpg,5_20,43788,train
5_20_0415.jpg,5_20,27268,train
5_20_0420.jpg,5_20,29225,train
5_20_0421.jpg,5_20,35001,train
5_20_0422.jpg,5_20,28551,train
5_20_0423.jpg,5_20,28349,train
5_20_0424.jpg,5_20,35336,train
5_20_0425.jpg,5_20,16009,train
5_20_0426.jpg,5_20,26853,train
5_20_0428.jpg,5_20,33097,train
5_20_0429.jpg,5_20,33095,train
5_20_0430.jpg,5_20,38052,train
5_20_0431.jpg,5_20,27356,train
5_20_0432.jpg,5_20,23142,train
5_20_0433.jpg,5_20,27569,train
5_20_0434.jpg,5_20,35331,train
5_20_0437.jpg,5_20,28334,train
5_20_0438.jpg,5_20,24435,train
5_20_0441.jpg,5_20,1092,train
5_20_0446.jpg,5_20,31723,train
5_20_0448.jpg,5_20,35120,train
5_20_0450.jpg,5_20,31586,train
5_20_0451.jpg,5_20,31983,train
5_20_0453.jpg,5_20,31934,train
5_20_0454.jpg,5_20,30863,train
5_20_0455.jpg,5_20,18417,train
5_20_0457.jpg,5_20,29220,train
5_20_0458.jpg,5_20,52032,train
5_20_0460.jpg,5_20,31473,train
5_20_0461.jpg,5_20,17608,train
5_20_0464.jpg,5_20,20699,train
5_20_0465.jpg,5_20,38080,train
5_20_0466.jpg,5_20,31988,train
5_20_0467.jpg,5_20,28336,train
5_20_0468.jpg,5_20,37970,train
5_20_0469.jpg,5_20,35137,train
5_20_0470.jpg,5_20,32814,train
5_20_0471.jpg,5_20,26617,train
5_20_0472.jpg,5_20,37967,train
5_20_0473.jpg,5_20,32210,train
5_20_0477.jpg,5_20,43727,train
5_20_0478.jpg,5_20,28255,train
5_20_0479.jpg,5_20,17609,train
5_20_0481.jpg,5_20,1091,train
5_20_0483.jpg,5_20,26610,train
5_20_0485.jpg,5_20,23565,train
5_20_0486.jpg,5_20,2952,train
5_20_0488.jpg,5_20,39438,train
5_20_0489.jpg,5_20,33100,train
5_20_0491.jpg,5_20,24604,train
5_20_0493.jpg,5_20,34744,train
5_20_0494.jpg,5_20,23562,train
5_20_0495.jpg,5_20,2941,train
5_20_0496.jpg,5_20,39437,train
5_20_0497.jpg,5_20,25839,train
5_20_0498.jpg,5_20,27844,train
5_20_0500.jpg,5_20,2024,train
5_20_0501.jpg,5_20,33515,train
5_20_0505.jpg,5_20,37810,train
5_20_0507.jpg,5_20,10189,train
5_20_0508.jpg,5_20,26616,train
5_20_0509.jpg,5_20,34751,train
5_20_0511.jpg,5_20,26624,train
5_20_0512.jpg,5_20,43728,train
5_20_0513.jpg,5_20,27265,train
5_20_0516.jpg,5_20,20690,train
5_20_0517.jpg,5_20,23191,train
5_20_0518.jpg,5_20,32179,train
5_20_0520.jpg,5_20,29108,train
5_20_0521.jpg,5_20,29234,train
5_20_0522.jpg,5_20,33521,train
5_20_0526.jpg,5_20,52034,train
5_20_0527.jpg,5_20,26612,train
5_20_0528.jpg,5_20,28806,train
5_20_0529.jpg,5_20,31678,train
5_20_0530.jpg,5_20,27843,train
5_20_0531.jpg,5_20,2080,train
5_20_0535.jpg,5_20,35135,train
5_20_0537.jpg,5_20,34750,train
5_20_0538.jpg,5_20,31681,train
5_20_0539.jpg,5_20,10194,train
5_20_0542.jpg,5_20,12464,train
5_20_0543.jpg,5_20,37808,train
5_20_0544.jpg,5_20,31930,train
5_20_0545.jpg,5_20,32182,train
5_20_0546.jpg,5_20,37811,train
5_20_0547.jpg,5_20,2904,train
5_20_0548.jpg,5_20,29215,train
5_20_0549.jpg,5_20,20692,train
5_20_0550.jpg,5_20,32428,train
5_20_0551.jpg,5_20,27216,train
5_20_0552.jpg,5_20,31582,train
5_20_0553.jpg,5_20,32906,train
5_20_0554.jpg,5_20,33101,train
5_20_0555.jpg,5_20,37356,train
5_20_0557.jpg,5_20,35165,train
5_20_0558.jpg,5_20,28423,train
5_20_0559.jpg,5_20,43277,train
5_20_0560.jpg,5_20,13,train
5_20_0561.jpg,5_20,35015,train
5_20_0562.jpg,5_20,25175,train
5_20_0563.jpg,5_20,42492,train
5_20_0564.jpg,5_20,12,train
5_20_0565.jpg,5_20,2027,train
5_20_0566.jpg,5_20,29023,train
5_20_0567.jpg,5_20,24424,train
5_20_0568.jpg,5_20,23526,train
5_20_0569.jpg,5_20,27340,train
5_20_0573.jpg,5_20,24487,train
5_20_0574.jpg,5_20,33505,train
5_20_0575.jpg,5_20,51085,train
5_20_0576.jpg,5_20,31478,train
5_20_0578.jpg,5_20,2097,train
5_20_0579.jpg,5_20,25826,train
5_20_0580.jpg,5_20,43445,train
5_20_0581.jpg,5_20,33508,train
5_20_0582.jpg,5_20,39213,train
5_20_0587.jpg,5_20,22985,train
5_20_0590.jpg,5_20,26988,train
5_20_0591.jpg,5_20,24089,train
5_20_0592.jpg,5_20,28425,train
5_20_0593.jpg,5_20,31932,train
5_20_0594.jpg,5_20,23261,train
5_20_0595.jpg,5_20,26619,train
5_20_0597.jpg,5_20,33106,train
5_20_0598.jpg,5_20,28549,train
5_20_0599.jpg,5_20,26859,train
5_20_0600.jpg,5_20,1018,train
5_20_0603.jpg,5_20,35024,train
5_20_0604.jpg,5_20,25,train
5_20_0605.jpg,5_20,987,train
5_20_0606.jpg,5_20,17035,train
5_20_0607.jpg,5_20,38053,train
5_20_0609.jpg,5_20,27511,train
5_20_0611.jpg,5_20,2450,train
5_20_0612.jpg,5_20,2212,train
5_20_0613.jpg,5_20,31579,train
5_20_0614.jpg,5_20,1159,train
5_20_0615.jpg,5_20,28338,train
5_20_0616.jpg,5_20,12458,train
5_20_0617.jpg,5_20,27083,train
5_20_0618.jpg,5_20,27266,train
5_20_0620.jpg,5_20,27355,train
5_20_0621.jpg,5_20,17042,train
5_20_0622.jpg,5_20,985,train
5_20_0623.jpg,5_20,35337,train
5_20_0624.jpg,5_20,28802,train
5_20_0625.jpg,5_20,27200,train
5_20_0627.jpg,5_20,28337,train
5_20_0628.jpg,5_20,31672,train
5_20_0629.jpg,5_20,23041,train
5_20_0630.jpg,5_20,1060,train
5_20_0631.jpg,5_20,24486,train
5_20_0633.jpg,5_20,20635,train
5_20_0634.jpg,5_20,2942,train
5_20_0635.jpg,5_20,25831,train
5_20_0637.jpg,5_20,23145,train
5_20_0638.jpg,5_20,45303,train
5_20_0639.jpg,5_20,27182,train
5_20_0640.jpg,5_20,37357,train
5_20_0642.jpg,5_20,32216,train
5_20_0643.jpg,5_20,43837,train
5_20_0644.jpg,5_20,981,train
5_20_0647.jpg,5_20,43414,train
5_20_0648.jpg,5_20,33114,train
5_20_0650.jpg,5_20,31479,train
5_20_0651.jpg,5_20,17027,train
5_20_0652.jpg,5_20,20639,train
5_20_0653.jpg,5_20,17039,train
5_20_0654.jpg,5_20,2079,train
5_20_0655.jpg,5_20,12469,train
5_20_0656.jpg,5_20,30873,train
5_20_0658.jpg,5_20,35345,train
5_20_0659.jpg,5_20,23132,train
5_20_0660.jpg,5_20,30866,train
5_20_0661.jpg,5_20,24428,train
5_20_0662.jpg,5_20,31575,train
5_20_0663.jpg,5_20,32900,train
5_20_0666.jpg,5_20,52697,train
5_20_0667.jpg,5_20,28054,train
5_20_0668.jpg,5_20,32273,train
5_20_0670.jpg,5_20,28116,train
5_20_0672.jpg,5_20,30867,train
5_20_0673.jpg,5_20,12454,train
5_20_0674.jpg,5_20,28810,train
5_20_0677.jpg,5_20,1256,train
5_20_0678.jpg,5_20,23124,train
5_20_0680.jpg,5_20,24436,train
5_20_0681.jpg,5_20,27980,train
5_20_0682.jpg,5_20,33517,train
5_20_0683.jpg,5_20,26218,train
5_20_0684.jpg,5_20,35333,train
5_20_0688.jpg,5_20,35029,train
5_20_0690.jpg,5_20,23127,train
5_20_0691.jpg,5_20,37956,train
5_20_0692.jpg,5_20,2118,train
5_20_0694.jpg,5_20,20648,train
5_20_0697.jpg,5_20,26206,train
5_20_0699.jpg,5_20,10185,train
5_20_0700.jpg,5_20,34921,train
5_20_0701.jpg,5_20,29018,train
5_20_0703.jpg,5_20,32867,train
5_20_0704.jpg,5_20,26888,train
5_20_0705.jpg,5_20,23525,train
5_20_0708.jpg,5_20,34962,train
5_20_0709.jpg,5_20,23189,train
5_20_0710.jpg,5_20,29017,train
5_20_0711.jpg,5_20,17026,train
5_20_0712.jpg,5_20,27926,train
5_20_0713.jpg,5_20,32435,train
5_20_0715.jpg,5_20,17011,train
5_20_0716.jpg,5_20,24048,train
5_20_0718.jpg,5_20,12445,train
5_20_0719.jpg,5_20,28997,train
5_20_0720.jpg,5_20,1194,train
5_20_0722.jpg,5_20,25825,train
5_20_0723.jpg,5_20,34719,train
5_20_0726.jpg,5_20,35339,train
5_20_0728.jpg,5_20,23122,train
5_20_0730.jpg,5_20,35027,train
5_20_0731.jpg,5_20,1247,train
5_20_0732.jpg,5_20,29093,train
5_20_0733.jpg,5_20,1148,train
5_20_0734.jpg,5_20,28546,train
5_20_0735.jpg,5_20,1047,train
5_20_0737.jpg,5_20,45316,train
5_20_0738.jpg,5_20,31661,train
5_20_0740.jpg,5_20,51895,train
5_20_0741.jpg,5_20,34961,train
5_20_0743.jpg,5_20,43789,train
5_20_0744.jpg,5_20,31662,train
5_20_0747.jpg,5_20,31481,train
5_20_0749.jpg,5_20,16012,train
5_20_0752.jpg,5_20,22996,train
5_20_0753.jpg,5_20,1165,train
5_20_0755.jpg,5_20,26898,train
5_20_0758.jpg,5_20,1128,train
5_20_0759.jpg,5_20,16004,train
5_20_0760.jpg,5_20,35026,train
5_20_0763.jpg,5_20,1328,train
5_20_0766.jpg,5_20,37505,train
5_20_0767.jpg,5_20,12441,train
5_20_0768.jpg,5_20,35018,train
5_20_0770.jpg,5_20,27566,train
5_20_0771.jpg,5_20,26878,train
5_20_0772.jpg,5_20,26209,train
5_20_0774.jpg,5_20,43777,train
5_20_0776.jpg,5_20,51078,train
5_20_0777.jpg,5_20,27575,train
5_20_0778.jpg,5_20,22992,train
5_20_0782.jpg,5_20,43439,train
5_20_0784.jpg,5_20,32802,train
5_20_0785.jpg,5_20,51083,train
5_20_0786.jpg,5_20,29085,train
5_20_0788.jpg,5_20,28989,train
5_20_0789.jpg,5_20,37325,train
5_20_0791.jpg,5_20,25184,train
5_20_0792.jpg,5_20,10184,train
5_20_0793.jpg,5_20,1635,train
5_20_0794.jpg,5_20,1340,train
5_20_0795.jpg,5_20,979,train
5_20_0796.jpg,5_20,25532,train
5_20_0797.jpg,5_20,27129,train
5_20_0798.jpg,5_20,1167,train
5_20_0799.jpg,5_20,25530,train
5_20_0801.jpg,5_20,34967,train
5_20_0802.jpg,5_20,38085,train
5_20_0803.jpg,5_20,34715,train
5_20_0805.jpg,5_20,2075,train
5_20_0806.jpg,5_20,26613,train
5_20_0807.jpg,5_20,23560,train
5_20_0808.jpg,5_20,35017,train
5_20_0809.jpg,5_20,17043,train
5_20_0810.jpg,5_20,52938,train
5_20_0811.jpg,5_20,23193,train
5_20_0813.jpg,5_20,28807,train
5_20_0814.jpg,5_20,23120,train
5_20_0815.jpg,5_20,38086,train
5_20_0816.jpg,5_20,12453,train
5_20_0819.jpg,5_20,1086,train
5_20_0820.jpg,5_20,1147,train
5_20_0821.jpg,5_20,29084,train
5_20_0822.jpg,5_20,16044,train
5_20_0823.jpg,5_20,43726,train
5_20_0824.jpg,5_20,23034,train
5_20_0825.jpg,5_20,23564,train
5_20_0826.jpg,5_20,26854,train
5_20_0827.jpg,5_20,33643,train
5_20_0830.jpg,5_20,25180,train
5_20_0832.jpg,5_20,30877,train
5_20_0833.jpg,5_20,2113,train
5_20_0834.jpg,5_20,2114,train
5_20_0835.jpg,5_20,43838,train
5_20_0836.jpg,5_20,16041,train
5_20_0840.jpg,5_20,17623,train
5_20_0841.jpg,5_20,31673,train
5_20_0842.jpg,5_20,24046,train
5_20_0844.jpg,5_20,26860,train
5_20_0845.jpg,5_20,33507,train
5_20_0846.jpg,5_20,2103,train
5_20_0849.jpg,5_20,23558,train
5_20_0850.jpg,5_20,33511,train
5_20_0851.jpg,5_20,34722,train
5_20_0852.jpg,5_20,31675,train
5_20_0853.jpg,5_20,28059,train
5_20_0854.jpg,5_20,29121,train
5_20_0855.jpg,5_20,22986,train
5_20_0859.jpg,5_20,32429,train
5_20_0860.jpg,5_20,45313,train
5_20_0862.jpg,5_20,1170,train
5_20_0863.jpg,5_20,37516,train
5_20_0865.jpg,5_20,26887,train
5_20_0866.jpg,5_20,23188,train
5_20_0868.jpg,5_20,27067,train
5_20_0869.jpg,5_20,32175,train
5_20_0870.jpg,5_20,29109,train
5_20_0871.jpg,5_20,27068,train
5_20_0873.jpg,5_20,29099,train
5_20_0876.jpg,5_20,26200,train
5_20_0877.jpg,5_20,16010,train
5_20_0878.jpg,5_20,33085,train
5_20_0879.jpg,5_20,28550,train
5_20_0880.jpg,5_20,37495,train
5_20_0882.jpg,5_20,23131,train
5_20_0883.jpg,5_20,35131,train
5_20_0884.jpg,5_20,1084,train
5_20_0885.jpg,5_20,43657,train
5_20_0888.jpg,5_20,26615,train
5_20_0889.jpg,5_20,12298,train
5_20_0890.jpg,5_20,27981,train
5_20_0891.jpg,5_20,32212,train
5_20_0892.jpg,5_20,23143,train
5_20_0894.jpg,5_20,11213,train
5_20_0895.jpg,5_20,12448,train
5_20_0896.jpg,5_20,33518,train
5_20_0898.jpg,5_20,27349,train
5_20_0900.jpg,5_20,27612,train
5_20_0901.jpg,5_20,27199,train
5_20_0904.jpg,5_20,20685,train
5_20_0905.jpg,5_20,35028,train
5_20_0906.jpg,5_20,23,train
5_20_0907.jpg,5_20,32436,train
5_20_0911.jpg,5_20,1016,train
5_20_0912.jpg,5_20,38076,train
5_20_0913.jpg,5_20,1711,train
5_20_0915.jpg,5_20,16000,train
5_20_0916.jpg,5_20,23038,train
5_20_0917.jpg,5_20,10186,train
5_20_0919.jpg,5_20,25182,train
5_20_0921.jpg,5_20,33084,train
5_20_0922.jpg,5_20,1085,train
5_20_0923.jpg,5_20,29022,train
5_20_0924.jpg,5_20,32859,train
5_20_0926.jpg,5_20,15071,train
5_20_0927.jpg,5_20,2921,train
5_20_0928.jpg,5_20,31670,train
5_20_0931.jpg,5_20,37963,train
5_20_0932.jpg,5_20,28804,train
5_20_0934.jpg,5_20,43775,train
5_20_0935.jpg,5_20,33514,train
5_20_0939.jpg,5_20,27510,train
5_20_0940.jpg,5_20,28805,train
5_20_0942.jpg,5_20,29013,train
5_20_0943.jpg,5_20,28342,train
5_20_0944.jpg,5_20,18418,train
5_20_0945.jpg,5_20,26857,train
5_20_0946.jpg,5_20,1638,train
5_20_0947.jpg,5_20,51045,train
5_20_0948.jpg,5_20,35124,train
5_20_0951.jpg,5_20,12449,train
5_20_0953.jpg,5_20,17627,train
5_20_0954.jpg,5_20,26879,train
5_20_0955.jpg,5_20,2917,train
5_20_0958.jpg,5_20,22998,train
5_20_0959.jpg,5_20,27127,train
5_20_0960.jpg,5_20,32218,train
5_20_0961.jpg,5_20,2025,train
5_20_0962.jpg,5_20,2102,train
5_20_0963.jpg,5_20,30871,train
5_20_0964.jpg,5_20,10181,train
5_20_0965.jpg,5_20,10183,train
5_20_0968.jpg,5_20,37322,train
5_20_0969.jpg,5_20,18413,train
5_20_0970.jpg,5_20,16491,train
5_20_0971.jpg,5_20,28994,train
5_20_0973.jpg,5_20,31721,train
5_20_0974.jpg,5_20,34727,train
5_20_0978.jpg,5_20,29088,train
5_20_0979.jpg,5_20,51903,train
5_20_0980.jpg,5_20,33642,train
5_20_0981.jpg,5_20,29233,train
5_20_0982.jpg,5_20,16643,train
5_20_0983.jpg,5_20,33107,train
5_20_0984.jpg,5_20,1129,train
5_20_0985.jpg,5_20,37968,train
5_20_0986.jpg,5_20,33108,train
5_20_0987.jpg,5_20,43714,train
5_20_0988.jpg,5_20,23559,train
5_20_0989.jpg,5_20,33078,train
5_20_0990.jpg,5_20,23203,train
5_20_0991.jpg,5_20,11209,train
5_20_0992.jpg,5_20,1204,train
5_20_0993.jpg,5_20,23147,train
5_20_0994.jpg,5_20,26883,train
5_20_0996.jpg,5_20,37498,train
5_20_0997.jpg,5_20,53134,train
5_20_0998.jpg,5_20,39435,train
5_20_0999.jpg,5_20,20640,train
3_20_0000.jpg,3_20,56050,train
3_20_0001.jpg,3_20,53255,train
3_20_0002.jpg,3_20,57825,train
3_20_0003.jpg,3_20,50661,train
3_20_0005.jpg,3_20,50533,train
3_20_0006.jpg,3_20,50783,train
3_20_0008.jpg,3_20,8611,train
3_20_0011.jpg,3_20,22403,train
3_20_0012.jpg,3_20,50828,train
3_20_0013.jpg,3_20,53612,train
3_20_0014.jpg,3_20,50429,train
3_20_0016.jpg,3_20,50505,train
3_20_0018.jpg,3_20,13626,train
3_20_0019.jpg,3_20,52269,train
3_20_0021.jpg,3_20,52912,train
3_20_0022.jpg,3_20,52279,train
3_20_0024.jpg,3_20,6767,train
3_20_0025.jpg,3_20,9761,train
3_20_0026.jpg,3_20,13100,train
3_20_0027.jpg,3_20,9624,train
3_20_0028.jpg,3_20,30816,train
3_20_0034.jpg,3_20,22467,train
3_20_0035.jpg,3_20,52194,train
3_20_0036.jpg,3_20,8447,train
3_20_0039.jpg,3_20,51440,train
3_20_0042.jpg,3_20,56051,train
3_20_0043.jpg,3_20,7588,train
3_20_0044.jpg,3_20,17262,train
3_20_0045.jpg,3_20,25427,train
3_20_0046.jpg,3_20,56781,train
3_20_0049.jpg,3_20,56648,train
3_20_0050.jpg,3_20,6807,train
3_20_0051.jpg,3_20,37220,train
3_20_0052.jpg,3_20,50672,train
3_20_0053.jpg,3_20,52567,train
3_20_0054.jpg,3_20,19421,train
3_20_0055.jpg,3_20,22891,train
3_20_0056.jpg,3_20,30814,train
3_20_0057.jpg,3_20,47299,train
3_20_0059.jpg,3_20,22690,train
3_20_0060.jpg,3_20,22305,train
3_20_0063.jpg,3_20,13687,train
3_20_0065.jpg,3_20,6672,train
3_20_0066.jpg,3_20,8612,train
3_20_0068.jpg,3_20,13270,train
3_20_0069.jpg,3_20,13601,train
3_20_0072.jpg,3_20,22233,train
3_20_0073.jpg,3_20,7429,train
3_20_0076.jpg,3_20,50673,train
3_20_0077.jpg,3_20,51428,train
3_20_0078.jpg,3_20,53186,train
3_20_0079.jpg,3_20,7364,train
3_20_0080.jpg,3_20,13699,train
3_20_0082.jpg,3_20,7706,train
3_20_0084.jpg,3_20,7071,train
3_20_0085.jpg,3_20,22251,train
3_20_0088.jpg,3_20,9593,train
3_20_0090.jpg,3_20,8933,train
3_20_0091.jpg,3_20,53499,train
3_20_0092.jpg,3_20,19320,train
3_20_0093.jpg,3_20,13503,train
3_20_0094.jpg,3_20,18459,train
3_20_0097.jpg,3_20,13694,train
3_20_0100.jpg,3_20,52452,train
3_20_0101.jpg,3_20,8282,train
3_20_0103.jpg,3_20,55726,train
3_20_0104.jpg,3_20,51311,train
3_20_0105.jpg,3_20,13556,train
3_20_0106.jpg,3_20,1805,train
3_20_0107.jpg,3_20,18453,train
3_20_0108.jpg,3_20,13786,train
3_20_0109.jpg,3_20,20947,train
3_20_0110.jpg,3_20,22620,train
3_20_0111.jpg,3_20,22641,train
3_20_0112.jpg,3_20,52253,train
3_20_0117.jpg,3_20,56460,train
3_20_0118.jpg,3_20,8391,train
3_20_0119.jpg,3_20,22587,train
3_20_0120.jpg,3_20,56310,train
3_20_0122.jpg,3_20,55248,train
3_20_0124.jpg,3_20,50383,train
3_20_0126.jpg,3_20,50755,train
3_20_0127.jpg,3_20,52300,train
3_20_0128.jpg,3_20,51455,train
3_20_0130.jpg,3_20,55246,train
3_20_0131.jpg,3_20,34454,train
3_20_0132.jpg,3_20,19474,train
3_20_0134.jpg,3_20,19049,train
3_20_0136.jpg,3_20,22897,train
3_20_0138.jpg,3_20,22860,train
3_20_0140.jpg,3_20,23463,train
3_20_0142.jpg,3_20,51483,train
3_20_0144.jpg,3_20,22405,train
3_20_0146.jpg,3_20,52248,train
3_20_0148.jpg,3_20,18888,train
3_20_0149.jpg,3_20,1810,train
3_20_0151.jpg,3_20,53415,train
3_20_0152.jpg,3_20,22205,train
3_20_0153.jpg,3_20,19450,train
3_20_0154.jpg,3_20,13162,train
3_20_0155.jpg,3_20,22863,train
3_20_0156.jpg,3_20,22890,train
3_20_0157.jpg,3_20,53560,train
3_20_0160.jpg,3_20,50924,train
3_20_0161.jpg,3_20,55987,train
3_20_0162.jpg,3_20,19269,train
3_20_0163.jpg,3_20,55724,train
3_20_0165.jpg,3_20,51580,train
3_20_0166.jpg,3_20,6745,train
3_20_0167.jpg,3_20,55383,train
3_20_0168.jpg,3_20,8434,train
3_20_0169.jpg,3_20,19354,train
3_20_0170.jpg,3_20,51581,train
3_20_0172.jpg,3_20,52449,train
3_20_0173.jpg,3_20,52459,train
3_20_0176.jpg,3_20,22488,train
3_20_0177.jpg,3_20,9627,train
3_20_0181.jpg,3_20,22529,train
3_20_0183.jpg,3_20,50384,train
3_20_0185.jpg,3_20,19319,train
3_20_0187.jpg,3_20,30815,train
3_20_0188.jpg,3_20,52914,train
3_20_0189.jpg,3_20,18886,train
3_20_0190.jpg,3_20,7693,train
3_20_0192.jpg,3_20,7819,train
3_20_0193.jpg,3_20,56121,train
3_20_0195.jpg,3_20,8594,train
3_20_0196.jpg,3_20,55200,train
3_20_0199.jpg,3_20,50477,train
3_20_0200.jpg,3_20,6702,train
3_20_0204.jpg,3_20,22528,train
3_20_0206.jpg,3_20,9758,train
3_20_0207.jpg,3_20,13253,train
3_20_0209.jpg,3_20,53416,train
3_20_0210.jpg,3_20,50819,train
3_20_0212.jpg,3_20,30844,train
3_20_0213.jpg,3_20,6923,train
3_20_0214.jpg,3_20,22307,train
3_20_0215.jpg,3_20,50760,train
3_20_0218.jpg,3_20,19299,train
3_20_0219.jpg,3_20,22694,train
3_20_0220.jpg,3_20,55024,train
3_20_0221.jpg,3_20,56530,train
3_20_0223.jpg,3_20,8197,train
3_20_0224.jpg,3_20,50921,train
3_20_0226.jpg,3_20,50391,train
3_20_0227.jpg,3_20,7048,train
3_20_0229.jpg,3_20,9759,train
3_20_0232.jpg,3_20,18951,train
3_20_0233.jpg,3_20,56407,train
3_20_0236.jpg,3_20,8461,train
3_20_0237.jpg,3_20,52451,train
3_20_0240.jpg,3_20,52301,train
3_20_0241.jpg,3_20,56623,train
3_20_0242.jpg,3_20,50562,train
3_20_0243.jpg,3_20,34448,train
3_20_0244.jpg,3_20,13696,train
3_20_0246.jpg,3_20,1793,train
3_20_0247.jpg,3_20,8318,train
3_20_0248.jpg,3_20,28840,train
3_20_0249.jpg,3_20,6992,train
3_20_0250.jpg,3_20,22590,train
3_20_0251.jpg,3_20,52453,train
3_20_0253.jpg,3_20,56773,train
3_20_0255.jpg,3_20,51583,train
3_20_0257.jpg,3_20,34452,train
3_20_0259.jpg,3_20,52245,train
3_20_0262.jpg,3_20,13850,train
3_20_0264.jpg,3_20,30848,train
3_20_0265.jpg,3_20,20948,train
3_20_0267.jpg,3_20,53610,train
3_20_0269.jpg,3_20,8589,train
3_20_0270.jpg,3_20,22847,train
3_20_0271.jpg,3_20,13501,train
3_20_0273.jpg,3_20,52527,train
3_20_0274.jpg,3_20,22903,train
3_20_0276.jpg,3_20,22513,train
3_20_0277.jpg,3_20,55358,train
3_20_0279.jpg,3_20,51582,train
3_20_0280.jpg,3_20,7699,train
3_20_0282.jpg,3_20,6837,train
3_20_0283.jpg,3_20,13328,train
3_20_0285.jpg,3_20,13688,train
3_20_0289.jpg,3_20,7026,train
3_20_0290.jpg,3_20,13050,train
3_20_0291.jpg,3_20,50502,train
3_20_0292.jpg,3_20,22695,train
3_20_0293.jpg,3_20,53746,train
3_20_0294.jpg,3_20,8115,train
3_20_0295.jpg,3_20,22335,train
3_20_0296.jpg,3_20,7288,train
3_20_0298.jpg,3_20,50615,train
3_20_0299.jpg,3_20,55216,train
3_20_0300.jpg,3_20,22692,train
3_20_0301.jpg,3_20,56409,train
3_20_0302.jpg,3_20,8497,train
3_20_0304.jpg,3_20,56645,train
3_20_0305.jpg,3_20,50624,train
3_20_0309.jpg,3_20,7199,train
3_20_0310.jpg,3_20,53752,train
3_20_0313.jpg,3_20,19927,train
3_20_0314.jpg,3_20,53537,train
3_20_0316.jpg,3_20,22585,train
3_20_0317.jpg,3_20,6770,train
3_20_0319.jpg,3_20,13504,train
3_20_0320.jpg,3_20,8065,train
3_20_0321.jpg,3_20,8268,train
3_20_0322.jpg,3_20,56772,train
3_20_0324.jpg,3_20,50433,train
3_20_0325.jpg,3_20,55560,train
3_20_0326.jpg,3_20,7047,train
3_20_0327.jpg,3_20,7430,train
3_20_0329.jpg,3_20,13405,train
3_20_0330.jpg,3_20,23461,train
3_20_0331.jpg,3_20,8303,train
3_20_0333.jpg,3_20,13719,train
3_20_0335.jpg,3_20,8571,train
3_20_0336.jpg,3_20,4755,train
3_20_0337.jpg,3_20,52458,train
3_20_0338.jpg,3_20,7710,train
3_20_0339.jpg,3_20,8593,train
3_20_0340.jpg,3_20,13897,train
3_20_0341.jpg,3_20,8179,train
3_20_0342.jpg,3_20,55022,train
3_20_0343.jpg,3_20,53490,train
3_20_0344.jpg,3_20,8534,train
3_20_0345.jpg,3_20,7362,train
3_20_0346.jpg,3_20,53615,train
3_20_0347.jpg,3_20,56394,train
3_20_0348.jpg,3_20,55197,train
3_20_0350.jpg,3_20,22231,train
3_20_0351.jpg,3_20,8609,train
3_20_0352.jpg,3_20,13049,train
3_20_0353.jpg,3_20,6754,train
3_20_0356.jpg,3_20,25422,train
3_20_0358.jpg,3_20,50816,train
3_20_0359.jpg,3_20,7780,train
3_20_0360.jpg,3_20,22554,train
3_20_0364.jpg,3_20,52387,train
3_20_0369.jpg,3_20,13502,train
3_20_0370.jpg,3_20,55384,train
3_20_0371.jpg,3_20,13315,train
3_20_0372.jpg,3_20,9592,train
3_20_0373.jpg,3_20,7634,train
3_20_0377.jpg,3_20,1874,train
3_20_0378.jpg,3_20,19440,train
3_20_0380.jpg,3_20,6964,train
3_20_0381.jpg,3_20,13145,train
3_20_0382.jpg,3_20,7701,train
3_20_0383.jpg,3_20,8533,train
3_20_0384.jpg,3_20,8532,train
3_20_0385.jpg,3_20,6838,train
3_20_0386.jpg,3_20,22848,train
3_20_0388.jpg,3_20,7829,train
3_20_0389.jpg,3_20,56351,train
3_20_0390.jpg,3_20,19261,train
3_20_0391.jpg,3_20,51552,train
3_20_0392.jpg,3_20,8868,train
3_20_0394.jpg,3_20,51308,train
3_20_0395.jpg,3_20,22573,train
3_20_0396.jpg,3_20,22895,train
3_20_0397.jpg,3_20,8114,train
3_20_0398.jpg,3_20,13251,train
3_20_0400.jpg,3_20,7822,train
3_20_0401.jpg,3_20,22209,train
3_20_0402.jpg,3_20,19263,train
3_20_0404.jpg,3_20,2215,train
3_20_0408.jpg,3_20,22552,train
3_20_0409.jpg,3_20,12392,train
3_20_0410.jpg,3_20,53545,train
3_20_0412.jpg,3_20,6996,train
3_20_0413.jpg,3_20,13717,train
3_20_0414.jpg,3_20,53378,train
3_20_0415.jpg,3_20,53446,train
3_20_0416.jpg,3_20,7027,train
3_20_0417.jpg,3_20,56599,train
3_20_0419.jpg,3_20,18457,train
3_20_0420.jpg,3_20,55360,train
3_20_0421.jpg,3_20,7713,train
3_20_0422.jpg,3_20,53598,train
3_20_0423.jpg,3_20,53508,train
3_20_0424.jpg,3_20,53614,train
3_20_0425.jpg,3_20,13506,train
3_20_0427.jpg,3_20,19265,train
3_20_0428.jpg,3_20,22543,train
3_20_0430.jpg,3_20,19400,train
3_20_0431.jpg,3_20,8590,train
3_20_0432.jpg,3_20,19089,train
3_20_0433.jpg,3_20,50414,train
3_20_0434.jpg,3_20,7046,train
3_20_0436.jpg,3_20,52650,train
3_20_0437.jpg,3_20,52282,train
3_20_0440.jpg,3_20,50665,train
3_20_0445.jpg,3_20,6595,train
3_20_0446.jpg,3_20,52645,train
3_20_0448.jpg,3_20,13310,train
3_20_0452.jpg,3_20,6946,train
3_20_0453.jpg,3_20,8270,train
3_20_0455.jpg,3_20,56782,train
3_20_0458.jpg,3_20,8416,train
3_20_0459.jpg,3_20,22407,train
3_20_0460.jpg,3_20,55025,train
3_20_0461.jpg,3_20,53494,train
3_20_0462.jpg,3_20,13314,train
3_20_0463.jpg,3_20,25425,train
3_20_0464.jpg,3_20,53509,train
3_20_0465.jpg,3_20,8244,train
3_20_0466.jpg,3_20,13702,train
3_20_0468.jpg,3_20,6784,train
3_20_0470.jpg,3_20,22846,train
3_20_0471.jpg,3_20,13851,train
3_20_0473.jpg,3_20,13190,train
3_20_0474.jpg,3_20,19357,train
3_20_0476.jpg,3_20,53179,train
3_20_0477.jpg,3_20,53574,train
3_20_0478.jpg,3_20,51283,train
3_20_0479.jpg,3_20,6908,train
3_20_0480.jpg,3_20,13489,train
3_20_0481.jpg,3_20,13149,train
3_20_0484.jpg,3_20,19142,train
3_20_0485.jpg,3_20,53450,train
3_20_0487.jpg,3_20,1785,train
3_20_0488.jpg,3_20,6993,train
3_20_0489.jpg,3_20,50498,train
3_20_0491.jpg,3_20,8893,train
3_20_0492.jpg,3_20,6897,train
3_20_0493.jpg,3_20,8315,train
3_20_0499.jpg,3_20,51515,train
3_20_0500.jpg,3_20,13309,train
3_20_0501.jpg,3_20,50627,train
3_20_0503.jpg,3_20,56410,train
3_20_0504.jpg,3_20,37224,train
3_20_0505.jpg,3_20,18962,train
3_20_0506.jpg,3_20,8496,train
3_20_0507.jpg,3_20,8957,train
3_20_0511.jpg,3_20,13500,train
3_20_0512.jpg,3_20,18460,train
3_20_0513.jpg,3_20,13824,train
3_20_0514.jpg,3_20,28880,train
3_20_0516.jpg,3_20,13646,train
3_20_0517.jpg,3_20,50412,train
3_20_0518.jpg,3_20,7401,train
3_20_0519.jpg,3_20,22250,train
3_20_0520.jpg,3_20,22588,train
3_20_0521.jpg,3_20,22468,train
3_20_0522.jpg,3_20,52518,train
3_20_0523.jpg,3_20,56647,train
3_20_0524.jpg,3_20,25280,train
3_20_0525.jpg,3_20,22884,train
3_20_0526.jpg,3_20,50622,train
3_20_0527.jpg,3_20,23305,train
3_20_0528.jpg,3_20,8445,train
3_20_0529.jpg,3_20,52312,train
3_20_0530.jpg,3_20,6118,train
3_20_0531.jpg,3_20,51559,train
3_20_0533.jpg,3_20,7491,train
3_20_0534.jpg,3_20,18454,train
3_20_0535.jpg,3_20,50923,train
3_20_0538.jpg,3_20,13525,train
3_20_0539.jpg,3_20,22486,train
3_20_0540.jpg,3_20,34459,train
3_20_0541.jpg,3_20,56598,train
3_20_0542.jpg,3_20,30819,train
3_20_0543.jpg,3_20,13789,train
3_20_0544.jpg,3_20,22406,train
3_20_0545.jpg,3_20,50411,train
3_20_0547.jpg,3_20,19402,train
3_20_0548.jpg,3_20,53187,train
3_20_0550.jpg,3_20,8906,train
3_20_0551.jpg,3_20,8442,train
3_20_0552.jpg,3_20,52470,train
3_20_0553.jpg,3_20,1580,train
3_20_0554.jpg,3_20,1871,train
3_20_0555.jpg,3_20,50549,train
3_20_0557.jpg,3_20,52487,train
3_20_0558.jpg,3_20,22639,train
3_20_0559.jpg,3_20,52501,train
3_20_0560.jpg,3_20,22571,train
3_20_0562.jpg,3_20,22512,train
3_20_0563.jpg,3_20,50480,train
3_20_0564.jpg,3_20,18921,train
3_20_0569.jpg,3_20,22526,train
3_20_0571.jpg,3_20,8903,train
3_20_0572.jpg,3_20,23312,train
3_20_0574.jpg,3_20,21005,train
3_20_0575.jpg,3_20,50662,train
3_20_0576.jpg,3_20,53732,train
3_20_0577.jpg,3_20,53629,train
3_20_0578.jpg,3_20,6924,train
3_20_0582.jpg,3_20,53570,train
3_20_0583.jpg,3_20,50390,train
3_20_0585.jpg,3_20,22258,train
3_20_0591.jpg,3_20,13511,train
3_20_0592.jpg,3_20,13487,train
3_20_0593.jpg,3_20,56752,train
3_20_0596.jpg,3_20,7692,train
3_20_0597.jpg,3_20,53469,train
3_20_0598.jpg,3_20,55750,train
3_20_0600.jpg,3_20,8831,train
3_20_0601.jpg,3_20,22885,train
3_20_0605.jpg,3_20,18458,train
3_20_0606.jpg,3_20,50837,train
3_20_0607.jpg,3_20,52299,train
3_20_0608.jpg,3_20,53510,train
3_20_0609.jpg,3_20,53414,train
3_20_0610.jpg,3_20,7613,train
3_20_0611.jpg,3_20,7832,train
3_20_0612.jpg,3_20,19955,train
3_20_0613.jpg,3_20,53540,train
3_20_0614.jpg,3_20,13627,train
3_20_0615.jpg,3_20,55490,train
3_20_0616.jpg,3_20,51429,train
3_20_0617.jpg,3_20,50614,train
3_20_0619.jpg,3_20,53451,train
3_20_0620.jpg,3_20,56497,train
3_20_0621.jpg,3_20,22673,train
3_20_0622.jpg,3_20,13484,train
3_20_0623.jpg,3_20,1486,train
3_20_0624.jpg,3_20,52572,train
3_20_0625.jpg,3_20,6755,train
3_20_0627.jpg,3_20,52195,train
3_20_0628.jpg,3_20,9764,train
3_20_0629.jpg,3_20,13567,train
3_20_0630.jpg,3_20,9763,train
3_20_0631.jpg,3_20,19300,train
3_20_0632.jpg,3_20,8328,train
3_20_0634.jpg,3_20,12398,train
3_20_0635.jpg,3_20,7591,train
3_20_0636.jpg,3_20,7611,train
3_20_0637.jpg,3_20,8803,train
3_20_0638.jpg,3_20,53750,train
3_20_0639.jpg,3_20,56475,train
3_20_0640.jpg,3_20,52386,train
3_20_0641.jpg,3_20,7707,train
3_20_0642.jpg,3_20,56754,train
3_20_0643.jpg,3_20,53496,train
3_20_0644.jpg,3_20,13505,train
3_20_0645.jpg,3_20,55727,train
3_20_0646.jpg,3_20,6910,train
3_20_0647.jpg,3_20,55257,train
3_20_0648.jpg,3_20,50914,train
3_20_0649.jpg,3_20,22644,train
3_20_0651.jpg,3_20,50829,train
3_20_0652.jpg,3_20,52648,train
3_20_0653.jpg,3_20,6729,train
3_20_0654.jpg,3_20,52252,train
3_20_0655.jpg,3_20,51484,train
3_20_0657.jpg,3_20,22483,train
3_20_0659.jpg,3_20,8198,train
3_20_0660.jpg,3_20,55757,train
3_20_0661.jpg,3_20,23310,train
3_20_0662.jpg,3_20,51474,train
3_20_0663.jpg,3_20,52520,train
3_20_0664.jpg,3_20,55552,train
3_20_0665.jpg,3_20,53493,train
3_20_0666.jpg,3_20,18964,train
3_20_0668.jpg,3_20,23307,train
3_20_0669.jpg,3_20,52313,train
3_20_0670.jpg,3_20,51286,train
3_20_0672.jpg,3_20,8348,train
3_20_0673.jpg,3_20,6810,train
3_20_0676.jpg,3_20,8283,train
3_20_0677.jpg,3_20,53735,train
3_20_0679.jpg,3_20,53559,train
3_20_0680.jpg,3_20,13894,train
3_20_0681.jpg,3_20,8096,train
3_20_0682.jpg,3_20,13327,train
3_20_0686.jpg,3_20,6875,train
3_20_0688.jpg,3_20,6734,train
3_20_0690.jpg,3_20,52247,train
3_20_0692.jpg,3_20,19401,train
3_20_0693.jpg,3_20,53648,train
3_20_0694.jpg,3_20,50832,train
3_20_0695.jpg,3_20,6594,train
3_20_0696.jpg,3_20,50528,train
3_20_0697.jpg,3_20,52455,train
3_20_0699.jpg,3_20,56600,train
3_20_0700.jpg,3_20,51284,train
3_20_0702.jpg,3_20,52380,train
3_20_0703.jpg,3_20,13544,train
3_20_0704.jpg,3_20,53441,train
3_20_0706.jpg,3_20,13406,train
3_20_0707.jpg,3_20,52271,train
3_20_0708.jpg,3_20,22481,train
3_20_0709.jpg,3_20,8536,train
3_20_0710.jpg,3_20,50623,train
3_20_0711.jpg,3_20,12396,train
3_20_0712.jpg,3_20,52632,train
3_20_0713.jpg,3_20,8780,train
3_20_0715.jpg,3_20,25430,train
3_20_0716.jpg,3_20,52350,train
3_20_0718.jpg,3_20,22675,train
3_20_0720.jpg,3_20,8614,train
3_20_0721.jpg,3_20,34458,train
3_20_0722.jpg,3_20,9591,train
3_20_0723.jpg,3_20,8832,train
3_20_0725.jpg,3_20,6726,train
3_20_0726.jpg,3_20,55174,train
3_20_0727.jpg,3_20,23313,train
3_20_0728.jpg,3_20,8498,train
3_20_0729.jpg,3_20,22618,train
3_20_0731.jpg,3_20,1564,train
3_20_0732.jpg,3_20,13175,train
3_20_0733.jpg,3_20,23309,train
3_20_0736.jpg,3_20,22260,train
3_20_0737.jpg,3_20,55492,train
3_20_0740.jpg,3_20,18456,train
3_20_0741.jpg,3_20,6953,train
3_20_0743.jpg,3_20,56360,train
3_20_0745.jpg,3_20,21008,train
3_20_0746.jpg,3_20,53185,train
3_20_0748.jpg,3_20,50818,train
3_20_0749.jpg,3_20,8778,train
3_20_0750.jpg,3_20,13167,train
3_20_0752.jpg,3_20,19926,train
3_20_0753.jpg,3_20,56115,train
3_20_0754.jpg,3_20,13313,train
3_20_0755.jpg,3_20,13526,train
3_20_0756.jpg,3_20,9760,train
3_20_0757.jpg,3_20,55176,train
3_20_0758.jpg,3_20,7695,train
3_20_0759.jpg,3_20,52582,train
3_20_0760.jpg,3_20,19105,train
3_20_0761.jpg,3_20,22643,train
3_20_0762.jpg,3_20,8489,train
3_20_0763.jpg,3_20,55988,train
3_20_0764.jpg,3_20,19069,train
3_20_0766.jpg,3_20,6598,train
3_20_0767.jpg,3_20,55249,train
3_20_0768.jpg,3_20,22306,train
3_20_0769.jpg,3_20,8493,train
3_20_0770.jpg,3_20,19449,train
3_20_0771.jpg,3_20,13148,train
3_20_0772.jpg,3_20,50664,train
3_20_0773.jpg,3_20,18461,train
3_20_0774.jpg,3_20,56408,train
3_20_0775.jpg,3_20,52546,train
3_20_0776.jpg,3_20,22337,train
3_20_0777.jpg,3_20,18917,train
3_20_0779.jpg,3_20,6806,train
3_20_0781.jpg,3_20,12395,train
3_20_0783.jpg,3_20,51312,train
3_20_0784.jpg,3_20,23460,train
3_20_0785.jpg,3_20,56495,train
3_20_0786.jpg,3_20,22304,train
3_20_0789.jpg,3_20,22886,train
3_20_0793.jpg,3_20,53471,train
3_20_0794.jpg,3_20,13833,train
3_20_0795.jpg,3_20,22566,train
3_20_0796.jpg,3_20,52605,train
3_20_0797.jpg,3_20,13507,train
3_20_0798.jpg,3_20,52544,train
3_20_0799.jpg,3_20,55023,train
3_20_0801.jpg,3_20,50548,train
3_20_0804.jpg,3_20,19422,train
3_20_0805.jpg,3_20,13689,train
3_20_0808.jpg,3_20,13150,train
3_20_0809.jpg,3_20,56476,train
3_20_0810.jpg,3_20,13331,train
3_20_0811.jpg,3_20,53833,train
3_20_0813.jpg,3_20,8113,train
3_20_0816.jpg,3_20,53501,train
3_20_0817.jpg,3_20,22466,train
3_20_0822.jpg,3_20,13051,train
3_20_0824.jpg,3_20,52524,train
3_20_0825.jpg,3_20,50660,train
3_20_0826.jpg,3_20,8494,train
3_20_0830.jpg,3_20,7852,train
3_20_0831.jpg,3_20,51430,train
3_20_0832.jpg,3_20,8196,train
3_20_0834.jpg,3_20,55256,train
3_20_0835.jpg,3_20,52310,train
3_20_0836.jpg,3_20,6961,train
3_20_0837.jpg,3_20,22570,train
3_20_0839.jpg,3_20,13610,train
3_20_0841.jpg,3_20,56362,train
3_20_0843.jpg,3_20,6853,train
3_20_0845.jpg,3_20,8530,train
3_20_0848.jpg,3_20,53258,train
3_20_0849.jpg,3_20,18455,train
3_20_0850.jpg,3_20,6746,train
3_20_0851.jpg,3_20,56778,train
3_20_0852.jpg,3_20,53832,train
3_20_0853.jpg,3_20,55758,train
3_20_0856.jpg,3_20,51465,train
3_20_0857.jpg,3_20,52584,train
3_20_0858.jpg,3_20,56064,train
3_20_0859.jpg,3_20,52489,train
3_20_0860.jpg,3_20,19141,train
3_20_0861.jpg,3_20,13776,train
3_20_0862.jpg,3_20,52382,train
3_20_0863.jpg,3_20,8090,train
3_20_0864.jpg,3_20,8037,train
3_20_0865.jpg,3_20,50393,train
3_20_0866.jpg,3_20,22642,train
3_20_0867.jpg,3_20,8330,train
3_20_0869.jpg,3_20,6912,train
3_20_0870.jpg,3_20,22604,train
3_20_0871.jpg,3_20,8570,train
3_20_0873.jpg,3_20,17264,train
3_20_0874.jpg,3_20,22901,train
3_20_0875.jpg,3_20,22395,train
3_20_0877.jpg,3_20,13835,train
3_20_0878.jpg,3_20,8776,train
3_20_0879.jpg,3_20,52381,train
3_20_0880.jpg,3_20,8446,train
3_20_0881.jpg,3_20,8869,train
3_20_0883.jpg,3_20,50784,train
3_20_0884.jpg,3_20,50529,train
3_20_0885.jpg,3_20,8444,train
3_20_0886.jpg,3_20,6735,train
3_20_0887.jpg,3_20,56496,train
3_20_0888.jpg,3_20,13625,train
3_20_0889.jpg,3_20,52343,train
3_20_0890.jpg,3_20,50815,train
3_20_0892.jpg,3_20,8487,train
3_20_0893.jpg,3_20,8744,train
3_20_0895.jpg,3_20,52521,train
3_20_0897.jpg,3_20,19358,train
3_20_0898.jpg,3_20,23465,train
3_20_0899.jpg,3_20,50507,train
3_20_0903.jpg,3_20,37221,train
3_20_0904.jpg,3_20,13628,train
3_20_0906.jpg,3_20,53444,train
3_20_0907.jpg,3_20,7198,train
3_20_0908.jpg,3_20,8381,train
3_20_0909.jpg,3_20,7833,train
3_20_0910.jpg,3_20,52566,train
3_20_0911.jpg,3_20,19451,train
3_20_0912.jpg,3_20,55749,train
3_20_0913.jpg,3_20,7200,train
3_20_0915.jpg,3_20,8316,train
3_20_0917.jpg,3_20,22842,train
3_20_0918.jpg,3_20,21011,train
3_20_0920.jpg,3_20,55561,train
3_20_0922.jpg,3_20,50842,train
3_20_0923.jpg,3_20,50455,train
3_20_0925.jpg,3_20,22567,train
3_20_0927.jpg,3_20,13848,train
3_20_0928.jpg,3_20,49283,train
3_20_0929.jpg,3_20,19066,train
3_20_0930.jpg,3_20,52490,train
3_20_0932.jpg,3_20,8331,train
3_20_0933.jpg,3_20,53856,train
3_20_0934.jpg,3_20,51310,train
3_20_0936.jpg,3_20,53377,train
3_20_0937.jpg,3_20,53376,train
3_20_0939.jpg,3_20,6701,train
3_20_0941.jpg,3_20,13414,train
3_20_0942.jpg,3_20,8932,train
3_20_0943.jpg,3_20,8392,train
3_20_0944.jpg,3_20,22606,train
3_20_0945.jpg,3_20,51431,train
3_20_0946.jpg,3_20,52623,train
3_20_0947.jpg,3_20,50531,train
3_20_0948.jpg,3_20,30817,train
3_20_0950.jpg,3_20,9792,train
3_20_0951.jpg,3_20,30847,train
3_20_0952.jpg,3_20,22865,train
3_20_0956.jpg,3_20,13575,train
3_20_0957.jpg,3_20,51516,train
3_20_0960.jpg,3_20,19443,train
3_20_0961.jpg,3_20,8956,train
3_20_0963.jpg,3_20,6995,train
3_20_0965.jpg,3_20,13865,train
3_20_0967.jpg,3_20,8417,train
3_20_0968.jpg,3_20,13189,train
3_20_0969.jpg,3_20,50501,train
3_20_0970.jpg,3_20,7428,train
3_20_0971.jpg,3_20,13852,train
3_20_0972.jpg,3_20,53595,train
3_20_0973.jpg,3_20,13146,train
3_20_0975.jpg,3_20,53594,train
3_20_0976.jpg,3_20,22697,train
3_20_0977.jpg,3_20,7820,train
3_20_0980.jpg,3_20,56204,train
3_20_0981.jpg,3_20,8615,train
3_20_0983.jpg,3_20,6895,train
3_20_0984.jpg,3_20,7201,train
3_20_0985.jpg,3_20,19957,train
3_20_0986.jpg,3_20,52456,train
3_20_0987.jpg,3_20,50432,train
3_20_0990.jpg,3_20,28842,train
3_20_0991.jpg,3_20,13312,train
3_20_0993.jpg,3_20,52351,train
3_20_0995.jpg,3_20,53571,train
3_20_0996.jpg,3_20,8537,train
3_20_0997.jpg,3_20,52250,train
3_20_0999.jpg,3_20,7202,train
5_15_3_0000.jpg,5_15_3,58151,train
5_15_3_0001.jpg,5_15_3,48789,train
5_15_3_0002.jpg,5_15_3,35846,train
5_15_3_0003.jpg,5_15_3,4482,train
5_15_3_0004.jpg,5_15_3,6406,train
5_15_3_0005.jpg,5_15_3,29607,train
5_15_3_0006.jpg,5_15_3,48551,train
5_15_3_0007.jpg,5_15_3,55338,train
5_15_3_0008.jpg,5_15_3,46411,train
5_15_3_0009.jpg,5_15_3,58990,train
5_15_3_0011.jpg,5_15_3,8972,train
5_15_3_0015.jpg,5_15_3,58752,train
5_15_3_0016.jpg,5_15_3,58613,train
5_15_3_0017.jpg,5_15_3,5845,train
5_15_3_0018.jpg,5_15_3,49787,train
5_15_3_0021.jpg,5_15_3,45659,train
5_15_3_0022.jpg,5_15_3,58248,train
5_15_3_0023.jpg,5_15_3,58563,train
5_15_3_0024.jpg,5_15_3,49482,train
5_15_3_0025.jpg,5_15_3,47787,train
5_15_3_0026.jpg,5_15_3,2372,train
5_15_3_0027.jpg,5_15_3,6408,train
5_15_3_0028.jpg,5_15_3,6363,train
5_15_3_0029.jpg,5_15_3,5612,train
5_15_3_0031.jpg,5_15_3,55339,train
5_15_3_0032.jpg,5_15_3,58368,train
5_15_3_0035.jpg,5_15_3,27404,train
5_15_3_0037.jpg,5_15_3,57595,train
5_15_3_0044.jpg,5_15_3,12726,train
5_15_3_0045.jpg,5_15_3,47992,train
5_15_3_0046.jpg,5_15_3,52212,train
5_15_3_0048.jpg,5_15_3,49318,train
5_15_3_0049.jpg,5_15_3,46332,train
5_15_3_0052.jpg,5_15_3,6044,train
5_15_3_0053.jpg,5_15_3,46912,train
5_15_3_0054.jpg,5_15_3,5315,train
5_15_3_0056.jpg,5_15_3,17545,train
5_15_3_0057.jpg,5_15_3,48792,train
5_15_3_0058.jpg,5_15_3,3696,train
5_15_3_0061.jpg,5_15_3,56443,train
5_15_3_0063.jpg,5_15_3,59106,train
5_15_3_0064.jpg,5_15_3,58757,train
5_15_3_0066.jpg,5_15_3,57563,train
5_15_3_0067.jpg,5_15_3,56472,train
5_15_3_0069.jpg,5_15_3,6467,train
5_15_3_0070.jpg,5_15_3,22733,train
5_15_3_0072.jpg,5_15_3,6403,train
5_15_3_0073.jpg,5_15_3,58807,train
5_15_3_0075.jpg,5_15_3,12724,train
5_15_3_0077.jpg,5_15_3,56796,train
5_15_3_0079.jpg,5_15_3,46630,train
5_15_3_0080.jpg,5_15_3,6431,train
5_15_3_0081.jpg,5_15_3,4821,train
5_15_3_0084.jpg,5_15_3,22731,train
5_15_3_0085.jpg,5_15_3,59076,train
5_15_3_0087.jpg,5_15_3,5717,train
5_15_3_0089.jpg,5_15_3,37082,train
5_15_3_0090.jpg,5_15_3,4484,train
5_15_3_0092.jpg,5_15_3,6468,train
5_15_3_0093.jpg,5_15_3,55814,train
5_15_3_0094.jpg,5_15_3,58786,train
5_15_3_0095.jpg,5_15_3,47574,train
5_15_3_0096.jpg,5_15_3,56570,train
5_15_3_0097.jpg,5_15_3,8905,train
5_15_3_0099.jpg,5_15_3,182,train
5_15_3_0100.jpg,5_15_3,36091,train
5_15_3_0101.jpg,5_15_3,46401,train
5_15_3_0102.jpg,5_15_3,5052,train
5_15_3_0103.jpg,5_15_3,56153,train
5_15_3_0104.jpg,5_15_3,46235,train
5_15_3_0105.jpg,5_15_3,56299,train
5_15_3_0106.jpg,5_15_3,59104,train
5_15_3_0108.jpg,5_15_3,57363,train
5_15_3_0109.jpg,5_15_3,55435,train
5_15_3_0110.jpg,5_15_3,46627,train
5_15_3_0112.jpg,5_15_3,47483,train
5_15_3_0113.jpg,5_15_3,57917,train
5_15_3_0114.jpg,5_15_3,56471,train
5_15_3_0115.jpg,5_15_3,55943,train
5_15_3_0116.jpg,5_15_3,22739,train
5_15_3_0117.jpg,5_15_3,6043,train
5_15_3_0118.jpg,5_15_3,4985,train
5_15_3_0119.jpg,5_15_3,29598,train
5_15_3_0120.jpg,5_15_3,4737,train
5_15_3_0121.jpg,5_15_3,18956,train
5_15_3_0123.jpg,5_15_3,46399,train
5_15_3_0127.jpg,5_15_3,56719,train
5_15_3_0128.jpg,5_15_3,24251,train
5_15_3_0129.jpg,5_15_3,57633,train
5_15_3_0130.jpg,5_15_3,47547,train
5_15_3_0133.jpg,5_15_3,58101,train
5_15_3_0134.jpg,5_15_3,49146,train
5_15_3_0135.jpg,5_15_3,5474,train
5_15_3_0136.jpg,5_15_3,56705,train
5_15_3_0139.jpg,5_15_3,47940,train
5_15_3_0140.jpg,5_15_3,8632,train
5_15_3_0141.jpg,5_15_3,48721,train
5_15_3_0142.jpg,5_15_3,49650,train
5_15_3_0143.jpg,5_15_3,5614,train
5_15_3_0145.jpg,5_15_3,49203,train
5_15_3_0148.jpg,5_15_3,22347,train
5_15_3_0149.jpg,5_15_3,5436,train
5_15_3_0150.jpg,5_15_3,42973,train
5_15_3_0151.jpg,5_15_3,19234,train
5_15_3_0152.jpg,5_15_3,47816,train
5_15_3_0153.jpg,5_15_3,57067,train
5_15_3_0155.jpg,5_15_3,57890,train
5_15_3_0156.jpg,5_15_3,8633,train
5_15_3_0157.jpg,5_15_3,49055,train
5_15_3_0158.jpg,5_15_3,8122,train
5_15_3_0160.jpg,5_15_3,58787,train
5_15_3_0161.jpg,5_15_3,47935,train
5_15_3_0162.jpg,5_15_3,3820,train
5_15_3_0163.jpg,5_15_3,57888,train
5_15_3_0164.jpg,5_15_3,36088,train
5_15_3_0165.jpg,5_15_3,5487,train
5_15_3_0166.jpg,5_15_3,42975,train
5_15_3_0167.jpg,5_15_3,58566,train
5_15_3_0168.jpg,5_15_3,56269,train
5_15_3_0171.jpg,5_15_3,48826,train
5_15_3_0175.jpg,5_15_3,47573,train
5_15_3_0176.jpg,5_15_3,47258,train
5_15_3_0178.jpg,5_15_3,7641,train
5_15_3_0179.jpg,5_15_3,27406,train
5_15_3_0180.jpg,5_15_3,58828,train
5_15_3_0181.jpg,5_15_3,1878,train
5_15_3_0182.jpg,5_15_3,6041,train
5_15_3_0184.jpg,5_15_3,26569,train
5_15_3_0185.jpg,5_15_3,47934,train
5_15_3_0186.jpg,5_15_3,6172,train
5_15_3_0188.jpg,5_15_3,9816,train
5_15_3_0189.jpg,5_15_3,56198,train
5_15_3_0191.jpg,5_15_3,57600,train
5_15_3_0192.jpg,5_15_3,55341,train
5_15_3_0193.jpg,5_15_3,6009,train
5_15_3_0194.jpg,5_15_3,56254,train
5_15_3_0195.jpg,5_15_3,47450,train
5_15_3_0196.jpg,5_15_3,57185,train
5_15_3_0197.jpg,5_15_3,45768,train
5_15_3_0199.jpg,5_15_3,42977,train
5_15_3_0201.jpg,5_15_3,5056,train
5_15_3_0202.jpg,5_15_3,8903,train
5_15_3_0203.jpg,5_15_3,46791,train
5_15_3_0205.jpg,5_15_3,58673,train
5_15_3_0206.jpg,5_15_3,47363,train
5_15_3_0207.jpg,5_15_3,58052,train
5_15_3_0210.jpg,5_15_3,48786,train
5_15_3_0211.jpg,5_15_3,50272,train
5_15_3_0212.jpg,5_15_3,57668,train
5_15_3_0214.jpg,5_15_3,39911,train
5_15_3_0215.jpg,5_15_3,1877,train
5_15_3_0216.jpg,5_15_3,55997,train
5_15_3_0217.jpg,5_15_3,8126,train
5_15_3_0218.jpg,5_15_3,6471,train
5_15_3_0220.jpg,5_15_3,57937,train
5_15_3_0222.jpg,5_15_3,41849,train
5_15_3_0224.jpg,5_15_3,47812,train
5_15_3_0225.jpg,5_15_3,36823,train
5_15_3_0226.jpg,5_15_3,49035,train
5_15_3_0228.jpg,5_15_3,17397,train
5_15_3_0229.jpg,5_15_3,49417,train
5_15_3_0230.jpg,5_15_3,47486,train
5_15_3_0231.jpg,5_15_3,49974,train
5_15_3_0232.jpg,5_15_3,55796,train
5_15_3_0233.jpg,5_15_3,45903,train
5_15_3_0235.jpg,5_15_3,49244,train
5_15_3_0236.jpg,5_15_3,56178,train
5_15_3_0237.jpg,5_15_3,28740,train
5_15_3_0238.jpg,5_15_3,46548,train
5_15_3_0239.jpg,5_15_3,5716,train
5_15_3_0242.jpg,5_15_3,58413,train
5_15_3_0246.jpg,5_15_3,29605,train
5_15_3_0247.jpg,5_15_3,5929,train
5_15_3_0248.jpg,5_15_3,8761,train
5_15_3_0251.jpg,5_15_3,58583,train
5_15_3_0253.jpg,5_15_3,56794,train
5_15_3_0254.jpg,5_15_3,55501,train
5_15_3_0255.jpg,5_15_3,2369,train
5_15_3_0256.jpg,5_15_3,49159,train
5_15_3_0257.jpg,5_15_3,55853,train
5_15_3_0259.jpg,5_15_3,58829,train
5_15_3_0261.jpg,5_15_3,56130,train
5_15_3_0262.jpg,5_15_3,56271,train
5_15_3_0263.jpg,5_15_3,58053,train
5_15_3_0265.jpg,5_15_3,2444,train
5_15_3_0266.jpg,5_15_3,18961,train
5_15_3_0268.jpg,5_15_3,49162,train
5_15_3_0269.jpg,5_15_3,56300,train
5_15_3_0271.jpg,5_15_3,34060,train
5_15_3_0272.jpg,5_15_3,56252,train
5_15_3_0273.jpg,5_15_3,4978,train
5_15_3_0274.jpg,5_15_3,49527,train
5_15_3_0275.jpg,5_15_3,8803,train
5_15_3_0276.jpg,5_15_3,56184,train
5_15_3_0277.jpg,5_15_3,58880,train
5_15_3_0278.jpg,5_15_3,9815,train
5_15_3_0279.jpg,5_15_3,5475,train
5_15_3_0280.jpg,5_15_3,47786,train
5_15_3_0282.jpg,5_15_3,56128,train
5_15_3_0284.jpg,5_15_3,5106,train
5_15_3_0285.jpg,5_15_3,49147,train
5_15_3_0287.jpg,5_15_3,58093,train
5_15_3_0288.jpg,5_15_3,57869,train
5_15_3_0290.jpg,5_15_3,6295,train
5_15_3_0291.jpg,5_15_3,47290,train
5_15_3_0292.jpg,5_15_3,36824,train
5_15_3_0293.jpg,5_15_3,56473,train
5_15_3_0294.jpg,5_15_3,6404,train
5_15_3_0295.jpg,5_15_3,46110,train
5_15_3_0296.jpg,5_15_3,46398,train
5_15_3_0297.jpg,5_15_3,52210,train
5_15_3_0298.jpg,5_15_3,46245,train
5_15_3_0299.jpg,5_15_3,40640,train
5_15_3_0300.jpg,5_15_3,24244,train
5_15_3_0304.jpg,5_15_3,46474,train
5_15_3_0305.jpg,5_15_3,56131,train
5_15_3_0306.jpg,5_15_3,4734,train
5_15_3_0307.jpg,5_15_3,49786,train
5_15_3_0308.jpg,5_15_3,55337,train
5_15_3_0309.jpg,5_15_3,57364,train
5_15_3_0310.jpg,5_15_3,47501,train
5_15_3_0311.jpg,5_15_3,810,train
5_15_3_0313.jpg,5_15_3,46954,train
5_15_3_0314.jpg,5_15_3,58564,train
5_15_3_0315.jpg,5_15_3,57596,train
5_15_3_0316.jpg,5_15_3,6231,train
5_15_3_0317.jpg,5_15_3,58659,train
5_15_3_0318.jpg,5_15_3,47461,train
5_15_3_0319.jpg,5_15_3,17548,train
5_15_3_0320.jpg,5_15_3,48785,train
5_15_3_0324.jpg,5_15_3,49277,train
5_15_3_0326.jpg,5_15_3,22238,train
5_15_3_0327.jpg,5_15_3,58445,train
5_15_3_0330.jpg,5_15_3,58266,train
5_15_3_0332.jpg,5_15_3,6466,train
5_15_3_0333.jpg,5_15_3,55292,train
5_15_3_0334.jpg,5_15_3,57163,train
5_15_3_0335.jpg,5_15_3,57670,train
5_15_3_0336.jpg,5_15_3,36825,train
5_15_3_0338.jpg,5_15_3,50235,train
5_15_3_0340.jpg,5_15_3,47857,train
5_15_3_0341.jpg,5_15_3,58658,train
5_15_3_0343.jpg,5_15_3,49245,train
5_15_3_0344.jpg,5_15_3,17396,train
5_15_3_0345.jpg,5_15_3,58149,train
5_15_3_0346.jpg,5_15_3,6234,train
5_15_3_0348.jpg,5_15_3,49419,train
5_15_3_0351.jpg,5_15_3,56573,train
5_15_3_0352.jpg,5_15_3,58094,train
5_15_3_0353.jpg,5_15_3,809,train
5_15_3_0356.jpg,5_15_3,6288,train
5_15_3_0358.jpg,5_15_3,45775,train
5_15_3_0359.jpg,5_15_3,4823,train
5_15_3_0361.jpg,5_15_3,48547,train
5_15_3_0362.jpg,5_15_3,49058,train
5_15_3_0363.jpg,5_15_3,47012,train
5_15_3_0364.jpg,5_15_3,4157,train
5_15_3_0365.jpg,5_15_3,8625,train
5_15_3_0366.jpg,5_15_3,22271,train
5_15_3_0367.jpg,5_15_3,50927,train
5_15_3_0368.jpg,5_15_3,40642,train
5_15_3_0371.jpg,5_15_3,58896,train
5_15_3_0373.jpg,5_15_3,6500,train
5_15_3_0376.jpg,5_15_3,55795,train
5_15_3_0377.jpg,5_15_3,48245,train
5_15_3_0378.jpg,5_15_3,6653,train
5_15_3_0379.jpg,5_15_3,6236,train
5_15_3_0380.jpg,5_15_3,6232,train
5_15_3_0382.jpg,5_15_3,58826,train
5_15_3_0383.jpg,5_15_3,58152,train
5_15_3_0384.jpg,5_15_3,47361,train
5_15_3_0386.jpg,5_15_3,2443,train
5_15_3_0388.jpg,5_15_3,5108,train
5_15_3_0389.jpg,5_15_3,47357,train
5_15_3_0391.jpg,5_15_3,1440,train
5_15_3_0392.jpg,5_15_3,49319,train
5_15_3_0395.jpg,5_15_3,57887,train
5_15_3_0397.jpg,5_15_3,58899,train
5_15_3_0399.jpg,5_15_3,36089,train
5_15_3_0400.jpg,5_15_3,7960,train
5_15_3_0401.jpg,5_15_3,17549,train
5_15_3_0402.jpg,5_15_3,57629,train
5_15_3_0403.jpg,5_15_3,45766,train
5_15_3_0405.jpg,5_15_3,39981,train
5_15_3_0408.jpg,5_15_3,56197,train
5_15_3_0409.jpg,5_15_3,50266,train
5_15_3_0410.jpg,5_15_3,57034,train
5_15_3_0411.jpg,5_15_3,48309,train
5_15_3_0412.jpg,5_15_3,48791,train
5_15_3_0413.jpg,5_15_3,5107,train
5_15_3_0415.jpg,5_15_3,47697,train
5_15_3_0416.jpg,5_15_3,36827,train
5_15_3_0417.jpg,5_15_3,57463,train
5_15_3_0418.jpg,5_15_3,5847,train
5_15_3_0420.jpg,5_15_3,49243,train
5_15_3_0421.jpg,5_15_3,46292,train
5_15_3_0422.jpg,5_15_3,46631,train
5_15_3_0423.jpg,5_15_3,46636,train
5_15_3_0424.jpg,5_15_3,58250,train
5_15_3_0425.jpg,5_15_3,6341,train
5_15_3_0431.jpg,5_15_3,6010,train
5_15_3_0432.jpg,5_15_3,49789,train
5_15_3_0433.jpg,5_15_3,5471,train
5_15_3_0434.jpg,5_15_3,56792,train
5_15_3_0435.jpg,5_15_3,56509,train
5_15_3_0436.jpg,5_15_3,46605,train
5_15_3_0437.jpg,5_15_3,6045,train
5_15_3_0438.jpg,5_15_3,4987,train
5_15_3_0439.jpg,5_15_3,49280,train
5_15_3_0440.jpg,5_15_3,3818,train
5_15_3_0442.jpg,5_15_3,59176,train
5_15_3_0447.jpg,5_15_3,6361,train
5_15_3_0448.jpg,5_15_3,6290,train
5_15_3_0450.jpg,5_15_3,56444,train
5_15_3_0451.jpg,5_15_3,29604,train
5_15_3_0452.jpg,5_15_3,4155,train
5_15_3_0453.jpg,5_15_3,58993,train
5_15_3_0454.jpg,5_15_3,24245,train
5_15_3_0455.jpg,5_15_3,46836,train
5_15_3_0456.jpg,5_15_3,52213,train
5_15_3_0458.jpg,5_15_3,5178,train
5_15_3_0459.jpg,5_15_3,7120,train
5_15_3_0460.jpg,5_15_3,17395,train
5_15_3_0461.jpg,5_15_3,7318,train
5_15_3_0462.jpg,5_15_3,50238,train
5_15_3_0463.jpg,5_15_3,57934,train
5_15_3_0464.jpg,5_15_3,56667,train
5_15_3_0465.jpg,5_15_3,22738,train
5_15_3_0466.jpg,5_15_3,57935,train
5_15_3_0467.jpg,5_15_3,8624,train
5_15_3_0468.jpg,5_15_3,49525,train
5_15_3_0470.jpg,5_15_3,5848,train
5_15_3_0476.jpg,5_15_3,8626,train
5_15_3_0477.jpg,5_15_3,6175,train
5_15_3_0478.jpg,5_15_3,59103,train
5_15_3_0479.jpg,5_15_3,29596,train
5_15_3_0482.jpg,5_15_3,46413,train
5_15_3_0484.jpg,5_15_3,24250,train
5_15_3_0485.jpg,5_15_3,5927,train
5_15_3_0486.jpg,5_15_3,55996,train
5_15_3_0487.jpg,5_15_3,35848,train
5_15_3_0488.jpg,5_15_3,50268,train
5_15_3_0489.jpg,5_15_3,8800,train
5_15_3_0490.jpg,5_15_3,50271,train
5_15_3_0491.jpg,5_15_3,5180,train
5_15_3_0492.jpg,5_15_3,5057,train
5_15_3_0494.jpg,5_15_3,811,train
5_15_3_0495.jpg,5_15_3,47322,train
5_15_3_0496.jpg,5_15_3,45661,train
5_15_3_0497.jpg,5_15_3,48183,train
5_15_3_0498.jpg,5_15_3,56506,train
5_15_3_0502.jpg,5_15_3,47813,train
5_15_3_0503.jpg,5_15_3,55598,train
5_15_3_0504.jpg,5_15_3,57839,train
5_15_3_0507.jpg,5_15_3,46290,train
5_15_3_0509.jpg,5_15_3,59105,train
5_15_3_0511.jpg,5_15_3,58494,train
5_15_3_0512.jpg,5_15_3,56148,train
5_15_3_0513.jpg,5_15_3,7286,train
5_15_3_0514.jpg,5_15_3,57936,train
5_15_3_0515.jpg,5_15_3,46232,train
5_15_3_0516.jpg,5_15_3,19233,train
5_15_3_0517.jpg,5_15_3,4981,train
5_15_3_0518.jpg,5_15_3,49436,train
5_15_3_0519.jpg,5_15_3,57631,train
5_15_3_0520.jpg,5_15_3,49649,train
5_15_3_0521.jpg,5_15_3,55536,train
5_15_3_0522.jpg,5_15_3,49576,train
5_15_3_0523.jpg,5_15_3,46402,train
5_15_3_0525.jpg,5_15_3,3698,train
5_15_3_0526.jpg,5_15_3,58493,train
5_15_3_0528.jpg,5_15_3,46952,train
5_15_3_0529.jpg,5_15_3,48883,train
5_15_3_0531.jpg,5_15_3,6011,train
5_15_3_0533.jpg,5_15_3,26570,train
5_15_3_0534.jpg,5_15_3,5103,train
5_15_3_0535.jpg,5_15_3,4738,train
5_15_3_0536.jpg,5_15_3,57988,train
5_15_3_0537.jpg,5_15_3,46607,train
5_15_3_0538.jpg,5_15_3,58538,train
5_15_3_0539.jpg,5_15_3,7955,train
5_15_3_0540.jpg,5_15_3,47572,train
5_15_3_0541.jpg,5_15_3,58895,train
5_15_3_0542.jpg,5_15_3,47938,train
5_15_3_0544.jpg,5_15_3,41848,train
5_15_3_0545.jpg,5_15_3,47567,train
5_15_3_0546.jpg,5_15_3,57422,train
5_15_3_0547.jpg,5_15_3,3721,train
5_15_3_0549.jpg,5_15_3,56151,train
5_15_3_0553.jpg,5_15_3,49784,train
5_15_3_0554.jpg,5_15_3,47936,train
5_15_3_0555.jpg,5_15_3,49205,train
5_15_3_0556.jpg,5_15_3,58693,train
5_15_3_0557.jpg,5_15_3,45764,train
5_15_3_0558.jpg,5_15_3,8975,train
5_15_3_0560.jpg,5_15_3,27403,train
5_15_3_0561.jpg,5_15_3,58491,train
5_15_3_0563.jpg,5_15_3,5238,train
5_15_3_0565.jpg,5_15_3,59172,train
5_15_3_0566.jpg,5_15_3,29608,train
5_15_3_0567.jpg,5_15_3,58392,train
5_15_3_0569.jpg,5_15_3,36828,train
5_15_3_0571.jpg,5_15_3,2371,train
5_15_3_0573.jpg,5_15_3,58346,train
5_15_3_0574.jpg,5_15_3,57916,train
5_15_3_0575.jpg,5_15_3,47449,train
5_15_3_0576.jpg,5_15_3,5350,train
5_15_3_0577.jpg,5_15_3,7638,train
5_15_3_0579.jpg,5_15_3,45770,train
5_15_3_0581.jpg,5_15_3,48552,train
5_15_3_0585.jpg,5_15_3,48827,train
5_15_3_0586.jpg,5_15_3,57561,train
5_15_3_0588.jpg,5_15_3,47358,train
5_15_3_0589.jpg,5_15_3,41847,train
5_15_3_0593.jpg,5_15_3,25084,train
5_15_3_0595.jpg,5_15_3,37077,train
5_15_3_0596.jpg,5_15_3,50236,train
5_15_3_0597.jpg,5_15_3,55797,train
5_15_3_0599.jpg,5_15_3,19370,train
5_15_3_0600.jpg,5_15_3,58414,train
5_15_3_0602.jpg,5_15_3,7147,train
5_15_3_0604.jpg,5_15_3,5926,train
5_15_3_0606.jpg,5_15_3,5539,train
5_15_3_0607.jpg,5_15_3,57216,train
5_15_3_0609.jpg,5_15_3,46311,train
5_15_3_0610.jpg,5_15_3,49052,train
5_15_3_0611.jpg,5_15_3,673,train
5_15_3_0612.jpg,5_15_3,58730,train
5_15_3_0614.jpg,5_15_3,28738,train
5_15_3_0615.jpg,5_15_3,49059,train
5_15_3_0616.jpg,5_15_3,57086,train
5_15_3_0620.jpg,5_15_3,7958,train
5_15_3_0621.jpg,5_15_3,58051,train
5_15_3_0622.jpg,5_15_3,7862,train
5_15_3_0624.jpg,5_15_3,58344,train
5_15_3_0626.jpg,5_15_3,5264,train
5_15_3_0627.jpg,5_15_3,5672,train
5_15_3_0628.jpg,5_15_3,6292,train
5_15_3_0630.jpg,5_15_3,56200,train
5_15_3_0632.jpg,5_15_3,7640,train
5_15_3_0633.jpg,5_15_3,58753,train
5_15_3_0634.jpg,5_15_3,46795,train
5_15_3_0635.jpg,5_15_3,5473,train
5_15_3_0636.jpg,5_15_3,7288,train
5_15_3_0638.jpg,5_15_3,7121,train
5_15_3_0639.jpg,5_15_3,57774,train
5_15_3_0641.jpg,5_15_3,58692,train
5_15_3_0643.jpg,5_15_3,57632,train
5_15_3_0644.jpg,5_15_3,5207,train
5_15_3_0645.jpg,5_15_3,183,train
5_15_3_0647.jpg,5_15_3,49206,train
5_15_3_0648.jpg,5_15_3,58095,train
5_15_3_0650.jpg,5_15_3,17543,train
5_15_3_0653.jpg,5_15_3,47484,train
5_15_3_0657.jpg,5_15_3,48244,train
5_15_3_0658.jpg,5_15_3,22348,train
5_15_3_0659.jpg,5_15_3,46549,train
5_15_3_0660.jpg,5_15_3,7860,train
5_15_3_0662.jpg,5_15_3,3984,train
5_15_3_0665.jpg,5_15_3,12672,train
5_15_3_0666.jpg,5_15_3,58694,train
5_15_3_0667.jpg,5_15_3,47698,train
5_15_3_0668.jpg,5_15_3,49790,train
5_15_3_0669.jpg,5_15_3,5718,train
5_15_3_0670.jpg,5_15_3,6502,train
5_15_3_0672.jpg,5_15_3,41852,train
5_15_3_0673.jpg,5_15_3,46955,train
5_15_3_0674.jpg,5_15_3,46115,train
5_15_3_0675.jpg,5_15_3,49484,train
5_15_3_0677.jpg,5_15_3,55994,train
5_15_3_0678.jpg,5_15_3,19006,train
5_15_3_0679.jpg,5_15_3,46951,train
5_15_3_0680.jpg,5_15_3,58267,train
5_15_3_0681.jpg,5_15_3,46628,train
5_15_3_0682.jpg,5_15_3,57365,train
5_15_3_0684.jpg,5_15_3,57564,train
5_15_3_0687.jpg,5_15_3,48550,train
5_15_3_0688.jpg,5_15_3,47863,train
5_15_3_0689.jpg,5_15_3,50269,train
5_15_3_0690.jpg,5_15_3,6083,train
5_15_3_0691.jpg,5_15_3,46112,train
5_15_3_0692.jpg,5_15_3,58184,train
5_15_3_0693.jpg,5_15_3,56475,train
5_15_3_0694.jpg,5_15_3,5488,train
5_15_3_0695.jpg,5_15_3,56255,train
5_15_3_0696.jpg,5_15_3,6362,train
5_15_3_0697.jpg,5_15_3,24253,train
5_15_3_0698.jpg,5_15_3,58995,train
5_15_3_0699.jpg,5_15_3,49575,train
5_15_3_0700.jpg,5_15_3,56177,train
5_15_3_0702.jpg,5_15_3,55810,train
5_15_3_0704.jpg,5_15_3,28742,train
5_15_3_0705.jpg,5_15_3,49785,train
5_15_3_0706.jpg,5_15_3,47817,train
5_15_3_0707.jpg,5_15_3,55539,train
5_15_3_0708.jpg,5_15_3,56194,train
5_15_3_0710.jpg,5_15_3,57424,train
5_15_3_0711.jpg,5_15_3,46909,train
5_15_3_0712.jpg,5_15_3,7319,train
5_15_3_0713.jpg,5_15_3,58614,train
5_15_3_0715.jpg,5_15_3,5543,train
5_15_3_0719.jpg,5_15_3,46472,train
5_15_3_0720.jpg,5_15_3,5930,train
5_15_3_0723.jpg,5_15_3,4735,train
5_15_3_0724.jpg,5_15_3,58831,train
5_15_3_0726.jpg,5_15_3,27409,train
5_15_3_0727.jpg,5_15_3,46837,train
5_15_3_0728.jpg,5_15_3,22322,train
5_15_3_0729.jpg,5_15_3,5104,train
5_15_3_0730.jpg,5_15_3,56132,train
5_15_3_0731.jpg,5_15_3,5418,train
5_15_3_0732.jpg,5_15_3,56666,train
5_15_3_0733.jpg,5_15_3,46409,train
5_15_3_0734.jpg,5_15_3,57889,train
5_15_3_0735.jpg,5_15_3,18957,train
5_15_3_0737.jpg,5_15_3,47481,train
5_15_3_0738.jpg,5_15_3,50270,train
5_15_3_0739.jpg,5_15_3,49684,train
5_15_3_0740.jpg,5_15_3,50273,train
5_15_3_0742.jpg,5_15_3,55436,train
5_15_3_0744.jpg,5_15_3,47939,train
5_15_3_0745.jpg,5_15_3,56183,train
5_15_3_0746.jpg,5_15_3,48978,train
5_15_3_0747.jpg,5_15_3,46629,train
5_15_3_0748.jpg,5_15_3,46400,train
5_15_3_0749.jpg,5_15_3,47316,train
5_15_3_0750.jpg,5_15_3,48724,train
5_15_3_0751.jpg,5_15_3,47792,train
5_15_3_0752.jpg,5_15_3,58318,train
5_15_3_0753.jpg,5_15_3,8836,train
5_15_3_0754.jpg,5_15_3,4979,train
5_15_3_0755.jpg,5_15_3,56507,train
5_15_3_0756.jpg,5_15_3,5434,train
5_15_3_0757.jpg,5_15_3,57421,train
5_15_3_0758.jpg,5_15_3,45767,train
5_15_3_0760.jpg,5_15_3,5609,train
5_15_3_0761.jpg,5_15_3,58394,train
5_15_3_0762.jpg,5_15_3,49648,train
5_15_3_0764.jpg,5_15_3,58069,train
5_15_3_0765.jpg,5_15_3,58898,train
5_15_3_0767.jpg,5_15_3,43129,train
5_15_3_0768.jpg,5_15_3,57069,train
5_15_3_0771.jpg,5_15_3,5309,train
5_15_3_0772.jpg,5_15_3,47318,train
5_15_3_0773.jpg,5_15_3,3722,train
5_15_3_0774.jpg,5_15_3,58830,train
5_15_3_0775.jpg,5_15_3,43130,train
5_15_3_0776.jpg,5_15_3,48549,train
5_15_3_0778.jpg,5_15_3,37079,train
5_15_3_0779.jpg,5_15_3,22734,train
5_15_3_0780.jpg,5_15_3,5437,train
5_15_3_0782.jpg,5_15_3,48312,train
5_15_3_0787.jpg,5_15_3,5472,train
5_15_3_0788.jpg,5_15_3,12667,train
5_15_3_0792.jpg,5_15_3,5202,train
5_15_3_0795.jpg,5_15_3,47317,train
5_15_3_0797.jpg,5_15_3,57033,train
5_15_3_0798.jpg,5_15_3,47482,train
5_15_3_0799.jpg,5_15_3,12673,train
5_15_3_0801.jpg,5_15_3,46604,train
5_15_3_0802.jpg,5_15_3,8765,train
5_15_3_0803.jpg,5_15_3,58317,train
5_15_3_0804.jpg,5_15_3,49647,train
5_15_3_0805.jpg,5_15_3,57085,train
5_15_3_0808.jpg,5_15_3,5476,train
5_15_3_0809.jpg,5_15_3,58027,train
5_15_3_0810.jpg,5_15_3,24246,train
5_15_3_0811.jpg,5_15_3,40641,train
5_15_3_0813.jpg,5_15_3,47259,train
5_15_3_0815.jpg,5_15_3,24243,train
5_15_3_0817.jpg,5_15_3,49398,train
5_15_3_0818.jpg,5_15_3,58656,train
5_15_3_0819.jpg,5_15_3,9813,train
5_15_3_0820.jpg,5_15_3,55941,train
5_15_3_0822.jpg,5_15_3,56904,train
5_15_3_0825.jpg,5_15_3,46606,train
5_15_3_0826.jpg,5_15_3,184,train
5_15_3_0827.jpg,5_15_3,55499,train
5_15_3_0828.jpg,5_15_3,46632,train
5_15_3_0829.jpg,5_15_3,55645,train
5_15_3_0830.jpg,5_15_3,47545,train
5_15_3_0831.jpg,5_15_3,58049,train
5_15_3_0832.jpg,5_15_3,26571,train
5_15_3_0835.jpg,5_15_3,47860,train
5_15_3_0836.jpg,5_15_3,46107,train
5_15_3_0837.jpg,5_15_3,47989,train
5_15_3_0838.jpg,5_15_3,7289,train
5_15_3_0840.jpg,5_15_3,4986,train
5_15_3_0841.jpg,5_15_3,58611,train
5_15_3_0842.jpg,5_15_3,49279,train
5_15_3_0843.jpg,5_15_3,49978,train
5_15_3_0844.jpg,5_15_3,46633,train
5_15_3_0846.jpg,5_15_3,8622,train
5_15_3_0848.jpg,5_15_3,24242,train
5_15_3_0850.jpg,5_15_3,22732,train
5_15_3_0851.jpg,5_15_3,55290,train
5_15_3_0852.jpg,5_15_3,5433,train
5_15_3_0853.jpg,5_15_3,47364,train
5_15_3_0855.jpg,5_15_3,58187,train
5_15_3_0856.jpg,5_15_3,47937,train
5_15_3_0857.jpg,5_15_3,36818,train
5_15_3_0862.jpg,5_15_3,41851,train
5_15_3_0863.jpg,5_15_3,57566,train
5_15_3_0864.jpg,5_15_3,57037,train
5_15_3_0866.jpg,5_15_3,22741,train
5_15_3_0867.jpg,5_15_3,47359,train
5_15_3_0868.jpg,5_15_3,56273,train
5_15_3_0869.jpg,5_15_3,58657,train
5_15_3_0870.jpg,5_15_3,58674,train
5_15_3_0872.jpg,5_15_3,56568,train
5_15_3_0873.jpg,5_15_3,49322,train
5_15_3_0874.jpg,5_15_3,1441,train
5_15_3_0875.jpg,5_15_3,12727,train
5_15_3_0876.jpg,5_15_3,49321,train
5_15_3_0877.jpg,5_15_3,57634,train
5_15_3_0878.jpg,5_15_3,46611,train
5_15_3_0879.jpg,5_15_3,4154,train
5_15_3_0880.jpg,5_15_3,9814,train
5_15_3_0882.jpg,5_15_3,49973,train
5_15_3_0883.jpg,5_15_3,57965,train
5_15_3_0884.jpg,5_15_3,28743,train
5_15_3_0885.jpg,5_15_3,5469,train
5_15_3_0886.jpg,5_15_3,45662,train
5_15_3_0888.jpg,5_15_3,48185,train
5_15_3_0889.jpg,5_15_3,46610,train
5_15_3_0890.jpg,5_15_3,58758,train
5_15_3_0891.jpg,5_15_3,45771,train
5_15_3_0892.jpg,5_15_3,49161,train
5_15_3_0893.jpg,5_15_3,47261,train
5_15_3_0894.jpg,5_15_3,47320,train
5_15_3_0895.jpg,5_15_3,2400,train
5_15_3_0897.jpg,5_15_3,49558,train
5_15_3_0898.jpg,5_15_3,3822,train
5_15_3_0899.jpg,5_15_3,47015,train
5_15_3_0900.jpg,5_15_3,58367,train
5_15_3_0901.jpg,5_15_3,29602,train
5_15_3_0902.jpg,5_15_3,5537,train
5_15_3_0903.jpg,5_15_3,2481,train
5_15_3_0904.jpg,5_15_3,46291,train
5_15_3_0905.jpg,5_15_3,56270,train
5_15_3_0906.jpg,5_15_3,58150,train
5_15_3_0907.jpg,5_15_3,58654,train
5_15_3_0908.jpg,5_15_3,6430,train
5_15_3_0909.jpg,5_15_3,46312,train
5_15_3_0912.jpg,5_15_3,49437,train
5_15_3_0913.jpg,5_15_3,45905,train
5_15_3_0914.jpg,5_15_3,29594,train
5_15_3_0917.jpg,5_15_3,36924,train
5_15_3_0919.jpg,5_15_3,57083,train
5_15_3_0920.jpg,5_15_3,58882,train
5_15_3_0922.jpg,5_15_3,48315,train
5_15_3_0923.jpg,5_15_3,3823,train
5_15_3_0925.jpg,5_15_3,39910,train
5_15_3_0927.jpg,5_15_3,56179,train
5_15_3_0928.jpg,5_15_3,47815,train
5_15_3_0929.jpg,5_15_3,7956,train
5_15_3_0932.jpg,5_15_3,6470,train
5_15_3_0933.jpg,5_15_3,56193,train
5_15_3_0934.jpg,5_15_3,560,train
5_15_3_0935.jpg,5_15_3,57871,train
5_15_3_0936.jpg,5_15_3,49423,train
5_15_3_0938.jpg,5_15_3,8838,train
5_15_3_0939.jpg,5_15_3,46839,train
5_15_3_0940.jpg,5_15_3,48908,train
5_15_3_0943.jpg,5_15_3,47858,train
5_15_3_0945.jpg,5_15_3,57601,train
5_15_3_0947.jpg,5_15_3,49792,train
5_15_3_0948.jpg,5_15_3,58784,train
5_15_3_0949.jpg,5_15_3,5485,train
5_15_3_0950.jpg,5_15_3,12671,train
5_15_3_0951.jpg,5_15_3,5203,train
5_15_3_0952.jpg,5_15_3,34055,train
5_15_3_0954.jpg,5_15_3,58188,train
5_15_3_0957.jpg,5_15_3,6651,train
5_15_3_0958.jpg,5_15_3,48723,train
5_15_3_0960.jpg,5_15_3,39917,train
5_15_3_0961.jpg,5_15_3,58246,train
5_15_3_0964.jpg,5_15_3,57165,train
5_15_3_0965.jpg,5_15_3,42976,train
5_15_3_0967.jpg,5_15_3,58495,train
5_15_3_0968.jpg,5_15_3,55581,train
5_15_3_0969.jpg,5_15_3,56569,train
5_15_3_0970.jpg,5_15_3,56907,train
5_15_3_0971.jpg,5_15_3,46614,train
5_15_3_0973.jpg,5_15_3,55434,train
5_15_3_0975.jpg,5_15_3,8974,train
5_15_3_0976.jpg,5_15_3,6364,train
5_15_3_0978.jpg,5_15_3,5489,train
5_15_3_0979.jpg,5_15_3,58189,train
5_15_3_0980.jpg,5_15_3,36087,train
5_15_3_0981.jpg,5_15_3,47011,train
5_15_3_0982.jpg,5_15_3,45773,train
5_15_3_0983.jpg,5_15_3,48977,train
5_15_3_0985.jpg,5_15_3,55944,train
5_15_3_0989.jpg,5_15_3,49793,train
5_15_3_0990.jpg,5_15_3,49686,train
5_15_3_0992.jpg,5_15_3,39916,train
5_15_3_0993.jpg,5_15_3,58832,train
5_15_3_0994.jpg,5_15_3,49204,train
5_15_3_0996.jpg,5_15_3,59010,train
5_15_3_0998.jpg,5_15_3,24241,train
5_15_1_0000.jpg,5_15_1,2545,train
5_15_1_0001.jpg,5_15_1,21523,train
5_15_1_0002.jpg,5_15_1,25091,train
5_15_1_0003.jpg,5_15_1,11766,train
5_15_1_0005.jpg,5_15_1,6178,train
5_15_1_0007.jpg,5_15_1,19648,train
5_15_1_0008.jpg,5_15_1,57361,train
5_15_1_0009.jpg,5_15_1,583,train
5_15_1_0011.jpg,5_15_1,18223,train
5_15_1_0012.jpg,5_15_1,56796,train
5_15_1_0013.jpg,5_15_1,19007,train
5_15_1_0015.jpg,5_15_1,21525,train
5_15_1_0016.jpg,5_15_1,22753,train
5_15_1_0019.jpg,5_15_1,56907,train
5_15_1_0023.jpg,5_15_1,5270,train
5_15_1_0024.jpg,5_15_1,5275,train
5_15_1_0025.jpg,5_15_1,28587,train
5_15_1_0026.jpg,5_15_1,5773,train
5_15_1_0027.jpg,5_15_1,28575,train
5_15_1_0029.jpg,5_15_1,30962,train
5_15_1_0030.jpg,5_15_1,25092,train
5_15_1_0031.jpg,5_15_1,46917,train
5_15_1_0033.jpg,5_15_1,18247,train
5_15_1_0035.jpg,5_15_1,46828,train
5_15_1_0036.jpg,5_15_1,30960,train
5_15_1_0039.jpg,5_15_1,29590,train
5_15_1_0041.jpg,5_15_1,49205,train
5_15_1_0042.jpg,5_15_1,5971,train
5_15_1_0049.jpg,5_15_1,57217,train
5_15_1_0050.jpg,5_15_1,4994,train
5_15_1_0051.jpg,5_15_1,25204,train
5_15_1_0052.jpg,5_15_1,11763,train
5_15_1_0053.jpg,5_15_1,9962,train
5_15_1_0054.jpg,5_15_1,48296,train
5_15_1_0055.jpg,5_15_1,5619,train
5_15_1_0056.jpg,5_15_1,5774,train
5_15_1_0057.jpg,5_15_1,21507,train
5_15_1_0059.jpg,5_15_1,6506,train
5_15_1_0060.jpg,5_15_1,9984,train
5_15_1_0061.jpg,5_15_1,49156,train
5_15_1_0063.jpg,5_15_1,49690,train
5_15_1_0065.jpg,5_15_1,47468,train
5_15_1_0067.jpg,5_15_1,29607,train
5_15_1_0069.jpg,5_15_1,34060,train
5_15_1_0070.jpg,5_15_1,47116,train
5_15_1_0073.jpg,5_15_1,21522,train
5_15_1_0076.jpg,5_15_1,9964,train
5_15_1_0078.jpg,5_15_1,49100,train
5_15_1_0080.jpg,5_15_1,678,train
5_15_1_0081.jpg,5_15_1,6510,train
5_15_1_0083.jpg,5_15_1,55609,train
5_15_1_0084.jpg,5_15_1,5759,train
5_15_1_0085.jpg,5_15_1,49108,train
5_15_1_0086.jpg,5_15_1,5775,train
5_15_1_0087.jpg,5_15_1,47499,train
5_15_1_0089.jpg,5_15_1,11780,train
5_15_1_0090.jpg,5_15_1,25215,train
5_15_1_0091.jpg,5_15_1,57430,train
5_15_1_0092.jpg,5_15_1,5449,train
5_15_1_0093.jpg,5_15_1,25086,train
5_15_1_0094.jpg,5_15_1,57033,train
5_15_1_0097.jpg,5_15_1,5763,train
5_15_1_0098.jpg,5_15_1,5462,train
5_15_1_0100.jpg,5_15_1,48291,train
5_15_1_0101.jpg,5_15_1,21807,train
5_15_1_0102.jpg,5_15_1,48716,train
5_15_1_0104.jpg,5_15_1,47180,train
5_15_1_0105.jpg,5_15_1,6505,train
5_15_1_0106.jpg,5_15_1,6366,train
5_15_1_0107.jpg,5_15_1,56939,train
5_15_1_0108.jpg,5_15_1,48883,train
5_15_1_0111.jpg,5_15_1,25101,train
5_15_1_0112.jpg,5_15_1,46925,train
5_15_1_0113.jpg,5_15_1,46990,train
5_15_1_0114.jpg,5_15_1,6408,train
5_15_1_0117.jpg,5_15_1,49357,train
5_15_1_0118.jpg,5_15_1,57228,train
5_15_1_0119.jpg,5_15_1,46607,train
5_15_1_0121.jpg,5_15_1,47019,train
5_15_1_0122.jpg,5_15_1,49210,train
5_15_1_0124.jpg,5_15_1,21841,train
5_15_1_0126.jpg,5_15_1,5355,train
5_15_1_0127.jpg,5_15_1,21534,train
5_15_1_0129.jpg,5_15_1,548,train
5_15_1_0130.jpg,5_15_1,9968,train
5_15_1_0132.jpg,5_15_1,57379,train
5_15_1_0133.jpg,5_15_1,46611,train
5_15_1_0134.jpg,5_15_1,9978,train
5_15_1_0135.jpg,5_15_1,46919,train
5_15_1_0136.jpg,5_15_1,5466,train
5_15_1_0137.jpg,5_15_1,21487,train
5_15_1_0138.jpg,5_15_1,46823,train
5_15_1_0139.jpg,5_15_1,48294,train
5_15_1_0143.jpg,5_15_1,48697,train
5_15_1_0144.jpg,5_15_1,49991,train
5_15_1_0146.jpg,5_15_1,6200,train
5_15_1_0147.jpg,5_15_1,5731,train
5_15_1_0148.jpg,5_15_1,12730,train
5_15_1_0149.jpg,5_15_1,6181,train
5_15_1_0151.jpg,5_15_1,47121,train
5_15_1_0152.jpg,5_15_1,18739,train
5_15_1_0153.jpg,5_15_1,46926,train
5_15_1_0154.jpg,5_15_1,28723,train
5_15_1_0155.jpg,5_15_1,5422,train
5_15_1_0157.jpg,5_15_1,29615,train
5_15_1_0158.jpg,5_15_1,48860,train
5_15_1_0159.jpg,5_15_1,19650,train
5_15_1_0161.jpg,5_15_1,6242,train
5_15_1_0162.jpg,5_15_1,25083,train
5_15_1_0163.jpg,5_15_1,47498,train
5_15_1_0164.jpg,5_15_1,4996,train
5_15_1_0165.jpg,5_15_1,55605,train
5_15_1_0167.jpg,5_15_1,48700,train
5_15_1_0169.jpg,5_15_1,19652,train
5_15_1_0170.jpg,5_15_1,28702,train
5_15_1_0171.jpg,5_15_1,2597,train
5_15_1_0172.jpg,5_15_1,46640,train
5_15_1_0174.jpg,5_15_1,34064,train
5_15_1_0175.jpg,5_15_1,47114,train
5_15_1_0179.jpg,5_15_1,57776,train
5_15_1_0181.jpg,5_15_1,47091,train
5_15_1_0182.jpg,5_15_1,22754,train
5_15_1_0183.jpg,5_15_1,21745,train
5_15_1_0184.jpg,5_15_1,12681,train
5_15_1_0187.jpg,5_15_1,5451,train
5_15_1_0189.jpg,5_15_1,46974,train
5_15_1_0190.jpg,5_15_1,5678,train
5_15_1_0191.jpg,5_15_1,25444,train
5_15_1_0192.jpg,5_15_1,47491,train
5_15_1_0194.jpg,5_15_1,49693,train
5_15_1_0195.jpg,5_15_1,19653,train
5_15_1_0196.jpg,5_15_1,21811,train
5_15_1_0197.jpg,5_15_1,18214,train
5_15_1_0200.jpg,5_15_1,47111,train
5_15_1_0201.jpg,5_15_1,29614,train
5_15_1_0202.jpg,5_15_1,25442,train
5_15_1_0204.jpg,5_15_1,18494,train
5_15_1_0207.jpg,5_15_1,48832,train
5_15_1_0209.jpg,5_15_1,57387,train
5_15_1_0210.jpg,5_15_1,47169,train
5_15_1_0211.jpg,5_15_1,30958,train
5_15_1_0212.jpg,5_15_1,46824,train
5_15_1_0213.jpg,5_15_1,564,train
5_15_1_0216.jpg,5_15_1,6514,train
5_15_1_0217.jpg,5_15_1,28713,train
5_15_1_0218.jpg,5_15_1,28602,train
5_15_1_0219.jpg,5_15_1,677,train
5_15_1_0221.jpg,5_15_1,48287,train
5_15_1_0222.jpg,5_15_1,6545,train
5_15_1_0224.jpg,5_15_1,49703,train
5_15_1_0225.jpg,5_15_1,6240,train
5_15_1_0227.jpg,5_15_1,56993,train
5_15_1_0228.jpg,5_15_1,49647,train
5_15_1_0229.jpg,5_15_1,390,train
5_15_1_0230.jpg,5_15_1,47489,train
5_15_1_0231.jpg,5_15_1,6370,train
5_15_1_0235.jpg,5_15_1,19676,train
5_15_1_0236.jpg,5_15_1,57772,train
5_15_1_0238.jpg,5_15_1,11773,train
5_15_1_0239.jpg,5_15_1,46616,train
5_15_1_0240.jpg,5_15_1,19671,train
5_15_1_0241.jpg,5_15_1,30224,train
5_15_1_0242.jpg,5_15_1,19023,train
5_15_1_0243.jpg,5_15_1,18234,train
5_15_1_0244.jpg,5_15_1,49702,train
5_15_1_0247.jpg,5_15_1,2375,train
5_15_1_0248.jpg,5_15_1,25458,train
5_15_1_0249.jpg,5_15_1,28571,train
5_15_1_0250.jpg,5_15_1,57569,train
5_15_1_0252.jpg,5_15_1,49697,train
5_15_1_0253.jpg,5_15_1,47750,train
5_15_1_0254.jpg,5_15_1,47021,train
5_15_1_0255.jpg,5_15_1,46998,train
5_15_1_0256.jpg,5_15_1,30952,train
5_15_1_0260.jpg,5_15_1,50280,train
5_15_1_0262.jpg,5_15_1,49699,train
5_15_1_0265.jpg,5_15_1,12683,train
5_15_1_0266.jpg,5_15_1,58758,train
5_15_1_0268.jpg,5_15_1,46644,train
5_15_1_0269.jpg,5_15_1,25097,train
5_15_1_0270.jpg,5_15_1,47170,train
5_15_1_0271.jpg,5_15_1,25094,train
5_15_1_0272.jpg,5_15_1,5968,train
5_15_1_0274.jpg,5_15_1,6020,train
5_15_1_0275.jpg,5_15_1,5765,train
5_15_1_0276.jpg,5_15_1,49486,train
5_15_1_0278.jpg,5_15_1,56908,train
5_15_1_0279.jpg,5_15_1,19015,train
5_15_1_0280.jpg,5_15_1,5321,train
5_15_1_0281.jpg,5_15_1,21542,train
5_15_1_0282.jpg,5_15_1,46609,train
5_15_1_0283.jpg,5_15_1,56941,train
5_15_1_0284.jpg,5_15_1,28581,train
5_15_1_0287.jpg,5_15_1,5279,train
5_15_1_0288.jpg,5_15_1,49696,train
5_15_1_0291.jpg,5_15_1,57684,train
5_15_1_0292.jpg,5_15_1,46929,train
5_15_1_0293.jpg,5_15_1,49110,train
5_15_1_0295.jpg,5_15_1,49763,train
5_15_1_0297.jpg,5_15_1,19645,train
5_15_1_0299.jpg,5_15_1,6205,train
5_15_1_0300.jpg,5_15_1,57775,train
5_15_1_0301.jpg,5_15_1,21498,train
5_15_1_0302.jpg,5_15_1,24524,train
5_15_1_0304.jpg,5_15_1,5356,train
5_15_1_0306.jpg,5_15_1,47110,train
5_15_1_0307.jpg,5_15_1,21513,train
5_15_1_0309.jpg,5_15_1,55651,train
5_15_1_0310.jpg,5_15_1,12680,train
5_15_1_0312.jpg,5_15_1,47753,train
5_15_1_0314.jpg,5_15_1,19016,train
5_15_1_0315.jpg,5_15_1,47497,train
5_15_1_0317.jpg,5_15_1,28709,train
5_15_1_0318.jpg,5_15_1,49250,train
5_15_1_0320.jpg,5_15_1,49488,train
5_15_1_0322.jpg,5_15_1,49689,train
5_15_1_0323.jpg,5_15_1,56799,train
5_15_1_0324.jpg,5_15_1,18222,train
5_15_1_0325.jpg,5_15_1,57635,train
5_15_1_0327.jpg,5_15_1,21748,train
5_15_1_0328.jpg,5_15_1,55601,train
5_15_1_0330.jpg,5_15_1,47175,train
5_15_1_0331.jpg,5_15_1,28724,train
5_15_1_0332.jpg,5_15_1,6417,train
5_15_1_0334.jpg,5_15_1,49989,train
5_15_1_0336.jpg,5_15_1,46916,train
5_15_1_0337.jpg,5_15_1,57229,train
5_15_1_0338.jpg,5_15_1,19018,train
5_15_1_0339.jpg,5_15_1,29602,train
5_15_1_0341.jpg,5_15_1,387,train
5_15_1_0342.jpg,5_15_1,56994,train
5_15_1_0343.jpg,5_15_1,56803,train
5_15_1_0346.jpg,5_15_1,547,train
5_15_1_0347.jpg,5_15_1,655,train
5_15_1_0348.jpg,5_15_1,5615,train
5_15_1_0350.jpg,5_15_1,56806,train
5_15_1_0351.jpg,5_15_1,49587,train
5_15_1_0353.jpg,5_15_1,50278,train
5_15_1_0354.jpg,5_15_1,46997,train
5_15_1_0356.jpg,5_15_1,25454,train
5_15_1_0359.jpg,5_15_1,57685,train
5_15_1_0362.jpg,5_15_1,57683,train
5_15_1_0364.jpg,5_15_1,18248,train
5_15_1_0365.jpg,5_15_1,5936,train
5_15_1_0366.jpg,5_15_1,49255,train
5_15_1_0367.jpg,5_15_1,28708,train
5_15_1_0369.jpg,5_15_1,47022,train
5_15_1_0370.jpg,5_15_1,2483,train
5_15_1_0371.jpg,5_15_1,46922,train
5_15_1_0372.jpg,5_15_1,25199,train
5_15_1_0373.jpg,5_15_1,19654,train
5_15_1_0374.jpg,5_15_1,5421,train
5_15_1_0375.jpg,5_15_1,28605,train
5_15_1_0376.jpg,5_15_1,57637,train
5_15_1_0378.jpg,5_15_1,5733,train
5_15_1_0379.jpg,5_15_1,18743,train
5_15_1_0380.jpg,5_15_1,48290,train
5_15_1_0381.jpg,5_15_1,21808,train
5_15_1_0382.jpg,5_15_1,5620,train
5_15_1_0384.jpg,5_15_1,6244,train
5_15_1_0386.jpg,5_15_1,30959,train
5_15_1_0387.jpg,5_15_1,47495,train
5_15_1_0390.jpg,5_15_1,5362,train
5_15_1_0391.jpg,5_15_1,28599,train
5_15_1_0395.jpg,5_15_1,47088,train
5_15_1_0396.jpg,5_15_1,46643,train
5_15_1_0397.jpg,5_15_1,57034,train
5_15_1_0400.jpg,5_15_1,24526,train
5_15_1_0401.jpg,5_15_1,47469,train
5_15_1_0402.jpg,5_15_1,57225,train
5_15_1_0403.jpg,5_15_1,5973,train
5_15_1_0404.jpg,5_15_1,5272,train
5_15_1_0405.jpg,5_15_1,49203,train
5_15_1_0407.jpg,5_15_1,57382,train
5_15_1_0410.jpg,5_15_1,46816,train
5_15_1_0412.jpg,5_15_1,5548,train
5_15_1_0414.jpg,5_15_1,57644,train
5_15_1_0415.jpg,5_15_1,30956,train
5_15_1_0416.jpg,5_15_1,24515,train
5_15_1_0417.jpg,5_15_1,5156,train
5_15_1_0418.jpg,5_15_1,49211,train
5_15_1_0420.jpg,5_15_1,654,train
5_15_1_0424.jpg,5_15_1,21497,train
5_15_1_0426.jpg,5_15_1,47183,train
5_15_1_0428.jpg,5_15_1,57462,train
5_15_1_0429.jpg,5_15_1,56911,train
5_15_1_0431.jpg,5_15_1,28718,train
5_15_1_0432.jpg,5_15_1,6204,train
5_15_1_0433.jpg,5_15_1,6548,train
5_15_1_0435.jpg,5_15_1,22750,train
5_15_1_0436.jpg,5_15_1,57428,train
5_15_1_0438.jpg,5_15_1,34067,train
5_15_1_0439.jpg,5_15_1,46826,train
5_15_1_0440.jpg,5_15_1,46959,train
5_15_1_0441.jpg,5_15_1,46842,train
5_15_1_0442.jpg,5_15_1,18226,train
5_15_1_0443.jpg,5_15_1,47123,train
5_15_1_0444.jpg,5_15_1,47176,train
5_15_1_0445.jpg,5_15_1,28725,train
5_15_1_0446.jpg,5_15_1,48830,train
5_15_1_0447.jpg,5_15_1,6480,train
5_15_1_0448.jpg,5_15_1,5181,train
5_15_1_0449.jpg,5_15_1,5464,train
5_15_1_0450.jpg,5_15_1,57037,train
5_15_1_0451.jpg,5_15_1,584,train
5_15_1_0453.jpg,5_15_1,25203,train
5_15_1_0454.jpg,5_15_1,5320,train
5_15_1_0455.jpg,5_15_1,5331,train
5_15_1_0456.jpg,5_15_1,21503,train
5_15_1_0458.jpg,5_15_1,5367,train
5_15_1_0461.jpg,5_15_1,6507,train
5_15_1_0462.jpg,5_15_1,57381,train
5_15_1_0463.jpg,5_15_1,5767,train
5_15_1_0467.jpg,5_15_1,12731,train
5_15_1_0469.jpg,5_15_1,48833,train
5_15_1_0470.jpg,5_15_1,5317,train
5_15_1_0471.jpg,5_15_1,21535,train
5_15_1_0472.jpg,5_15_1,48701,train
5_15_1_0473.jpg,5_15_1,57774,train
5_15_1_0474.jpg,5_15_1,19017,train
5_15_1_0475.jpg,5_15_1,4992,train
5_15_1_0476.jpg,5_15_1,21531,train
5_15_1_0478.jpg,5_15_1,56802,train
5_15_1_0479.jpg,5_15_1,56943,train
5_15_1_0480.jpg,5_15_1,29617,train
5_15_1_0481.jpg,5_15_1,57385,train
5_15_1_0482.jpg,5_15_1,49644,train
5_15_1_0483.jpg,5_15_1,9974,train
5_15_1_0484.jpg,5_15_1,49042,train
5_15_1_0485.jpg,5_15_1,21493,train
5_15_1_0486.jpg,5_15_1,5675,train
5_15_1_0487.jpg,5_15_1,48295,train
5_15_1_0488.jpg,5_15_1,8638,train
5_15_1_0489.jpg,5_15_1,434,train
5_15_1_0492.jpg,5_15_1,57035,train
5_15_1_0493.jpg,5_15_1,47106,train
5_15_1_0494.jpg,5_15_1,25876,train
5_15_1_0495.jpg,5_15_1,2374,train
5_15_1_0496.jpg,5_15_1,5360,train
5_15_1_0497.jpg,5_15_1,11816,train
5_15_1_0499.jpg,5_15_1,21528,train
5_15_1_0501.jpg,5_15_1,57216,train
5_15_1_0504.jpg,5_15_1,47173,train
5_15_1_0505.jpg,5_15_1,21836,train
5_15_1_0506.jpg,5_15_1,48292,train
5_15_1_0507.jpg,5_15_1,6373,train
5_15_1_0508.jpg,5_15_1,5366,train
5_15_1_0510.jpg,5_15_1,25460,train
5_15_1_0511.jpg,5_15_1,57243,train
5_15_1_0512.jpg,5_15_1,47089,train
5_15_1_0516.jpg,5_15_1,46642,train
5_15_1_0519.jpg,5_15_1,12734,train
5_15_1_0521.jpg,5_15_1,6182,train
5_15_1_0523.jpg,5_15_1,11768,train
5_15_1_0524.jpg,5_15_1,55600,train
5_15_1_0525.jpg,5_15_1,6202,train
5_15_1_0526.jpg,5_15_1,5182,train
5_15_1_0527.jpg,5_15_1,49650,train
5_15_1_0528.jpg,5_15_1,29622,train
5_15_1_0530.jpg,5_15_1,48717,train
5_15_1_0532.jpg,5_15_1,21526,train
5_15_1_0533.jpg,5_15_1,5969,train
5_15_1_0535.jpg,5_15_1,12675,train
5_15_1_0536.jpg,5_15_1,30957,train
5_15_1_0537.jpg,5_15_1,48862,train
5_15_1_0539.jpg,5_15_1,6544,train
5_15_1_0540.jpg,5_15_1,21511,train
5_15_1_0541.jpg,5_15_1,21540,train
5_15_1_0542.jpg,5_15_1,19675,train
5_15_1_0543.jpg,5_15_1,46812,train
5_15_1_0544.jpg,5_15_1,18740,train
5_15_1_0545.jpg,5_15_1,46818,train
5_15_1_0546.jpg,5_15_1,6369,train
5_15_1_0549.jpg,5_15_1,46921,train
5_15_1_0550.jpg,5_15_1,34057,train
5_15_1_0551.jpg,5_15_1,57070,train
5_15_1_0552.jpg,5_15_1,57463,train
5_15_1_0554.jpg,5_15_1,25207,train
5_15_1_0555.jpg,5_15_1,25211,train
5_15_1_0556.jpg,5_15_1,9971,train
5_15_1_0559.jpg,5_15_1,34062,train
5_15_1_0560.jpg,5_15_1,21532,train
5_15_1_0561.jpg,5_15_1,19672,train
5_15_1_0563.jpg,5_15_1,57240,train
5_15_1_0564.jpg,5_15_1,47000,train
5_15_1_0565.jpg,5_15_1,6477,train
5_15_1_0567.jpg,5_15_1,28580,train
5_15_1_0568.jpg,5_15_1,50276,train
5_15_1_0569.jpg,5_15_1,46843,train
5_15_1_0570.jpg,5_15_1,18235,train
5_15_1_0572.jpg,5_15_1,46608,train
5_15_1_0573.jpg,5_15_1,46845,train
5_15_1_0574.jpg,5_15_1,12682,train
5_15_1_0575.jpg,5_15_1,18221,train
5_15_1_0576.jpg,5_15_1,28600,train
5_15_1_0578.jpg,5_15_1,21492,train
5_15_1_0580.jpg,5_15_1,2376,train
5_15_1_0581.jpg,5_15_1,21755,train
5_15_1_0582.jpg,5_15_1,6372,train
5_15_1_0583.jpg,5_15_1,25210,train
5_15_1_0584.jpg,5_15_1,19013,train
5_15_1_0585.jpg,5_15_1,6543,train
5_15_1_0586.jpg,5_15_1,49359,train
5_15_1_0587.jpg,5_15_1,48827,train
5_15_1_0588.jpg,5_15_1,22739,train
5_15_1_0589.jpg,5_15_1,49212,train
5_15_1_0591.jpg,5_15_1,46638,train
5_15_1_0592.jpg,5_15_1,46646,train
5_15_1_0594.jpg,5_15_1,47172,train
5_15_1_0595.jpg,5_15_1,57577,train
5_15_1_0597.jpg,5_15_1,47104,train
5_15_1_0598.jpg,5_15_1,47087,train
5_15_1_0600.jpg,5_15_1,6180,train
5_15_1_0601.jpg,5_15_1,28722,train
5_15_1_0602.jpg,5_15_1,18218,train
5_15_1_0603.jpg,5_15_1,29610,train
5_15_1_0604.jpg,5_15_1,5465,train
5_15_1_0605.jpg,5_15_1,46918,train
5_15_1_0607.jpg,5_15_1,411,train
5_15_1_0608.jpg,5_15_1,34056,train
5_15_1_0609.jpg,5_15_1,47125,train
5_15_1_0610.jpg,5_15_1,49992,train
5_15_1_0611.jpg,5_15_1,58756,train
5_15_1_0612.jpg,5_15_1,21509,train
5_15_1_0614.jpg,5_15_1,49986,train
5_15_1_0615.jpg,5_15_1,6296,train
5_15_1_0617.jpg,5_15_1,2669,train
5_15_1_0618.jpg,5_15_1,18237,train
5_15_1_0619.jpg,5_15_1,48718,train
5_15_1_0620.jpg,5_15_1,25456,train
5_15_1_0621.jpg,5_15_1,6177,train
5_15_1_0622.jpg,5_15_1,21842,train
5_15_1_0623.jpg,5_15_1,55652,train
5_15_1_0625.jpg,5_15_1,25088,train
5_15_1_0627.jpg,5_15_1,25879,train
5_15_1_0629.jpg,5_15_1,57042,train
5_15_1_0630.jpg,5_15_1,28711,train
5_15_1_0631.jpg,5_15_1,19646,train
5_15_1_0632.jpg,5_15_1,19674,train
5_15_1_0633.jpg,5_15_1,47486,train
5_15_1_0636.jpg,5_15_1,5966,train
5_15_1_0637.jpg,5_15_1,2409,train
5_15_1_0639.jpg,5_15_1,21544,train
5_15_1_0641.jpg,5_15_1,47027,train
5_15_1_0642.jpg,5_15_1,47094,train
5_15_1_0643.jpg,5_15_1,5363,train
5_15_1_0644.jpg,5_15_1,57649,train
5_15_1_0645.jpg,5_15_1,21495,train
5_15_1_0646.jpg,5_15_1,56878,train
5_15_1_0647.jpg,5_15_1,25455,train
5_15_1_0648.jpg,5_15_1,11767,train
5_15_1_0649.jpg,5_15_1,57226,train
5_15_1_0651.jpg,5_15_1,6301,train
5_15_1_0652.jpg,5_15_1,47182,train
5_15_1_0656.jpg,5_15_1,25197,train
5_15_1_0658.jpg,5_15_1,21505,train
5_15_1_0660.jpg,5_15_1,5425,train
5_15_1_0661.jpg,5_15_1,49648,train
5_15_1_0662.jpg,5_15_1,2388,train
5_15_1_0663.jpg,5_15_1,22742,train
5_15_1_0664.jpg,5_15_1,22736,train
5_15_1_0665.jpg,5_15_1,2391,train
5_15_1_0666.jpg,5_15_1,11778,train
5_15_1_0667.jpg,5_15_1,56946,train
5_15_1_0669.jpg,5_15_1,21514,train
5_15_1_0670.jpg,5_15_1,5274,train
5_15_1_0672.jpg,5_15_1,49700,train
5_15_1_0673.jpg,5_15_1,28707,train
5_15_1_0674.jpg,5_15_1,56940,train
5_15_1_0675.jpg,5_15_1,11820,train
5_15_1_0676.jpg,5_15_1,46238,train
5_15_1_0678.jpg,5_15_1,47754,train
5_15_1_0680.jpg,5_15_1,28719,train
5_15_1_0681.jpg,5_15_1,57566,train
5_15_1_0682.jpg,5_15_1,44943,train
5_15_1_0683.jpg,5_15_1,46913,train
5_15_1_0686.jpg,5_15_1,46819,train
5_15_1_0687.jpg,5_15_1,47118,train
5_15_1_0688.jpg,5_15_1,46846,train
5_15_1_0689.jpg,5_15_1,49489,train
5_15_1_0690.jpg,5_15_1,48837,train
5_15_1_0691.jpg,5_15_1,30225,train
5_15_1_0692.jpg,5_15_1,46912,train
5_15_1_0693.jpg,5_15_1,5452,train
5_15_1_0695.jpg,5_15_1,29619,train
5_15_1_0697.jpg,5_15_1,6239,train
5_15_1_0698.jpg,5_15_1,48288,train
5_15_1_0699.jpg,5_15_1,5267,train
5_15_1_0702.jpg,5_15_1,22752,train
5_15_1_0706.jpg,5_15_1,2403,train
5_15_1_0708.jpg,5_15_1,2408,train
5_15_1_0709.jpg,5_15_1,9963,train
5_15_1_0710.jpg,5_15_1,28721,train
5_15_1_0711.jpg,5_15_1,48705,train
5_15_1_0712.jpg,5_15_1,11770,train
5_15_1_0714.jpg,5_15_1,6475,train
5_15_1_0718.jpg,5_15_1,28703,train
5_15_1_0719.jpg,5_15_1,46612,train
5_15_1_0720.jpg,5_15_1,29604,train
5_15_1_0721.jpg,5_15_1,5468,train
5_15_1_0722.jpg,5_15_1,49038,train
5_15_1_0723.jpg,5_15_1,21489,train
5_15_1_0725.jpg,5_15_1,46822,train
5_15_1_0727.jpg,5_15_1,6344,train
5_15_1_0728.jpg,5_15_1,57365,train
5_15_1_0732.jpg,5_15_1,21527,train
5_15_1_0733.jpg,5_15_1,25212,train
5_15_1_0734.jpg,5_15_1,57222,train
5_15_1_0736.jpg,5_15_1,6546,train
5_15_1_0738.jpg,5_15_1,46556,train
5_15_1_0741.jpg,5_15_1,57572,train
5_15_1_0742.jpg,5_15_1,47124,train
5_15_1_0744.jpg,5_15_1,2594,train
5_15_1_0745.jpg,5_15_1,57574,train
5_15_1_0747.jpg,5_15_1,57571,train
5_15_1_0750.jpg,5_15_1,57237,train
5_15_1_0752.jpg,5_15_1,28604,train
5_15_1_0753.jpg,5_15_1,11781,train
5_15_1_0754.jpg,5_15_1,6021,train
5_15_1_0756.jpg,5_15_1,21804,train
5_15_1_0757.jpg,5_15_1,46817,train
5_15_1_0759.jpg,5_15_1,47109,train
5_15_1_0760.jpg,5_15_1,48632,train
5_15_1_0761.jpg,5_15_1,47186,train
5_15_1_0762.jpg,5_15_1,5326,train
5_15_1_0763.jpg,5_15_1,48857,train
5_15_1_0767.jpg,5_15_1,28701,train
5_15_1_0770.jpg,5_15_1,25880,train
5_15_1_0771.jpg,5_15_1,22751,train
5_15_1_0772.jpg,5_15_1,4987,train
5_15_1_0773.jpg,5_15_1,56871,train
5_15_1_0775.jpg,5_15_1,5679,train
5_15_1_0777.jpg,5_15_1,5318,train
5_15_1_0778.jpg,5_15_1,5467,train
5_15_1_0780.jpg,5_15_1,48828,train
5_15_1_0783.jpg,5_15_1,47119,train
5_15_1_0784.jpg,5_15_1,25096,train
5_15_1_0785.jpg,5_15_1,47096,train
5_15_1_0787.jpg,5_15_1,34058,train
5_15_1_0788.jpg,5_15_1,21520,train
5_15_1_0789.jpg,5_15_1,11771,train
5_15_1_0792.jpg,5_15_1,5761,train
5_15_1_0793.jpg,5_15_1,5426,train
5_15_1_0794.jpg,5_15_1,2588,train
5_15_1_0795.jpg,5_15_1,57425,train
5_15_1_0796.jpg,5_15_1,28569,train
5_15_1_0797.jpg,5_15_1,2394,train
5_15_1_0798.jpg,5_15_1,5762,train
5_15_1_0799.jpg,5_15_1,57383,train
5_15_1_0800.jpg,5_15_1,21840,train
5_15_1_0801.jpg,5_15_1,4995,train
5_15_1_0802.jpg,5_15_1,57386,train
5_15_1_0803.jpg,5_15_1,49649,train
5_15_1_0805.jpg,5_15_1,46820,train
5_15_1_0806.jpg,5_15_1,56998,train
5_15_1_0807.jpg,5_15_1,675,train
5_15_1_0808.jpg,5_15_1,46617,train
5_15_1_0811.jpg,5_15_1,28712,train
5_15_1_0812.jpg,5_15_1,47113,train
5_15_1_0814.jpg,5_15_1,25209,train
5_15_1_0815.jpg,5_15_1,18212,train
5_15_1_0816.jpg,5_15_1,49988,train
5_15_1_0818.jpg,5_15_1,5276,train
5_15_1_0821.jpg,5_15_1,57570,train
5_15_1_0822.jpg,5_15_1,30948,train
5_15_1_0823.jpg,5_15_1,55607,train
5_15_1_0824.jpg,5_15_1,49204,train
5_15_1_0825.jpg,5_15_1,21543,train
5_15_1_0826.jpg,5_15_1,57220,train
5_15_1_0828.jpg,5_15_1,57459,train
5_15_1_0830.jpg,5_15_1,2543,train
5_15_1_0832.jpg,5_15_1,21545,train
5_15_1_0833.jpg,5_15_1,25214,train
5_15_1_0834.jpg,5_15_1,57771,train
5_15_1_0835.jpg,5_15_1,2544,train
5_15_1_0836.jpg,5_15_1,21747,train
5_15_1_0837.jpg,5_15_1,2546,train
5_15_1_0838.jpg,5_15_1,57687,train
5_15_1_0841.jpg,5_15_1,6512,train
5_15_1_0842.jpg,5_15_1,5446,train
5_15_1_0843.jpg,5_15_1,29598,train
5_15_1_0844.jpg,5_15_1,57238,train
5_15_1_0845.jpg,5_15_1,6419,train
5_15_1_0846.jpg,5_15_1,2410,train
5_15_1_0847.jpg,5_15_1,21516,train
5_15_1_0848.jpg,5_15_1,5354,train
5_15_1_0850.jpg,5_15_1,12679,train
5_15_1_0851.jpg,5_15_1,29616,train
5_15_1_0852.jpg,5_15_1,46813,train
5_15_1_0855.jpg,5_15_1,19682,train
5_15_1_0856.jpg,5_15_1,21834,train
5_15_1_0858.jpg,5_15_1,49107,train
5_15_1_0860.jpg,5_15_1,5447,train
5_15_1_0861.jpg,5_15_1,57069,train
5_15_1_0862.jpg,5_15_1,25449,train
5_15_1_0864.jpg,5_15_1,25457,train
5_15_1_0866.jpg,5_15_1,44948,train
5_15_1_0867.jpg,5_15_1,25093,train
5_15_1_0868.jpg,5_15_1,47025,train
5_15_1_0869.jpg,5_15_1,24521,train
5_15_1_0874.jpg,5_15_1,49993,train
5_15_1_0875.jpg,5_15_1,24525,train
5_15_1_0876.jpg,5_15_1,21529,train
5_15_1_0878.jpg,5_15_1,56800,train
5_15_1_0879.jpg,5_15_1,6303,train
5_15_1_0880.jpg,5_15_1,18216,train
5_15_1_0881.jpg,5_15_1,57464,train
5_15_1_0882.jpg,5_15_1,11817,train
5_15_1_0885.jpg,5_15_1,57427,train
5_15_1_0886.jpg,5_15_1,21501,train
5_15_1_0887.jpg,5_15_1,2377,train
5_15_1_0888.jpg,5_15_1,49535,train
5_15_1_0889.jpg,5_15_1,46988,train
5_15_1_0891.jpg,5_15_1,6241,train
5_15_1_0892.jpg,5_15_1,4989,train
5_15_1_0893.jpg,5_15_1,389,train
5_15_1_0894.jpg,5_15_1,11774,train
5_15_1_0896.jpg,5_15_1,6179,train
5_15_1_0897.jpg,5_15_1,48826,train
5_15_1_0898.jpg,5_15_1,47122,train
5_15_1_0899.jpg,5_15_1,21510,train
5_15_1_0900.jpg,5_15_1,47117,train
5_15_1_0901.jpg,5_15_1,2390,train
5_15_1_0902.jpg,5_15_1,19009,train
5_15_1_0903.jpg,5_15_1,57227,train
5_15_1_0904.jpg,5_15_1,18232,train
5_15_1_0905.jpg,5_15_1,47023,train
5_15_1_0906.jpg,5_15_1,49214,train
5_15_1_0909.jpg,5_15_1,56798,train
5_15_1_0910.jpg,5_15_1,333,train
5_15_1_0912.jpg,5_15_1,5368,train
5_15_1_0915.jpg,5_15_1,46814,train
5_15_1_0916.jpg,5_15_1,410,train
5_15_1_0918.jpg,5_15_1,57770,train
5_15_1_0919.jpg,5_15_1,29608,train
5_15_1_0920.jpg,5_15_1,56949,train
5_15_1_0922.jpg,5_15_1,58759,train
5_15_1_0923.jpg,5_15_1,18742,train
5_15_1_0924.jpg,5_15_1,46928,train
5_15_1_0925.jpg,5_15_1,46827,train
5_15_1_0929.jpg,5_15_1,57360,train
5_15_1_0932.jpg,5_15_1,6478,train
5_15_1_0933.jpg,5_15_1,47492,train
5_15_1_0934.jpg,5_15_1,11772,train
5_15_1_0936.jpg,5_15_1,49984,train
5_15_1_0937.jpg,5_15_1,5769,train
5_15_1_0940.jpg,5_15_1,47108,train
5_15_1_0941.jpg,5_15_1,5544,train
5_15_1_0942.jpg,5_15_1,47470,train
5_15_1_0943.jpg,5_15_1,49040,train
5_15_1_0946.jpg,5_15_1,47755,train
5_15_1_0947.jpg,5_15_1,58762,train
5_15_1_0948.jpg,5_15_1,5448,train
5_15_1_0949.jpg,5_15_1,49209,train
5_15_1_0950.jpg,5_15_1,28715,train
5_15_1_0951.jpg,5_15_1,57094,train
5_15_1_0952.jpg,5_15_1,57364,train
5_15_1_0953.jpg,5_15_1,46825,train
5_15_1_0955.jpg,5_15_1,28720,train
5_15_1_0956.jpg,5_15_1,30219,train
5_15_1_0958.jpg,5_15_1,6367,train
5_15_1_0959.jpg,5_15_1,48634,train
5_15_1_0960.jpg,5_15_1,49036,train
5_15_1_0961.jpg,5_15_1,6513,train
5_15_1_0962.jpg,5_15_1,48762,train
5_15_1_0965.jpg,5_15_1,2404,train
5_15_1_0966.jpg,5_15_1,28573,train
5_15_1_0967.jpg,5_15_1,5776,train
5_15_1_0968.jpg,5_15_1,11813,train
5_15_1_0970.jpg,5_15_1,5450,train
5_15_1_0971.jpg,5_15_1,22738,train
5_15_1_0973.jpg,5_15_1,6238,train
5_15_1_0974.jpg,5_15_1,6416,train
5_15_1_0976.jpg,5_15_1,47490,train
5_15_1_0977.jpg,5_15_1,57239,train
5_15_1_0978.jpg,5_15_1,34066,train
5_15_1_0979.jpg,5_15_1,25213,train
5_15_1_0980.jpg,5_15_1,47112,train
5_15_1_0981.jpg,5_15_1,22741,train
5_15_1_0982.jpg,5_15_1,19681,train
5_15_1_0986.jpg,5_15_1,49035,train
5_15_1_0987.jpg,5_15_1,47031,train
5_15_1_0991.jpg,5_15_1,49213,train
5_15_1_0994.jpg,5_15_1,19022,train
5_15_1_0995.jpg,5_15_1,18224,train
5_15_1_0997.jpg,5_15_1,49356,train
5_15_1_0998.jpg,5_15_1,18244,train
5_15_1_0999.jpg,5_15_1,29596,train
5_15_2_2_0000.jpg,5_15_2_2,25704,train
5_15_2_2_0001.jpg,5_15_2_2,58626,train
5_15_2_2_0003.jpg,5_15_2_2,58846,train
5_15_2_2_0004.jpg,5_15_2_2,26704,train
5_15_2_2_0005.jpg,5_15_2_2,47367,train
5_15_2_2_0006.jpg,5_15_2_2,58372,train
5_15_2_2_0008.jpg,5_15_2_2,10027,train
5_15_2_2_0009.jpg,5_15_2_2,46780,train
5_15_2_2_0010.jpg,5_15_2_2,3232,train
5_15_2_2_0011.jpg,5_15_2_2,58140,train
5_15_2_2_0012.jpg,5_15_2_2,7395,train
5_15_2_2_0013.jpg,5_15_2_2,29855,train
5_15_2_2_0014.jpg,5_15_2_2,33472,train
5_15_2_2_0015.jpg,5_15_2_2,24271,train
5_15_2_2_0016.jpg,5_15_2_2,8843,train
5_15_2_2_0017.jpg,5_15_2_2,58375,train
5_15_2_2_0019.jpg,5_15_2_2,879,train
5_15_2_2_0020.jpg,5_15_2_2,57992,train
5_15_2_2_0021.jpg,5_15_2_2,48425,train
5_15_2_2_0023.jpg,5_15_2_2,8736,train
5_15_2_2_0024.jpg,5_15_2_2,30717,train
5_15_2_2_0026.jpg,5_15_2_2,48421,train
5_15_2_2_0027.jpg,5_15_2_2,33473,train
5_15_2_2_0028.jpg,5_15_2_2,58463,train
5_15_2_2_0029.jpg,5_15_2_2,58851,train
5_15_2_2_0031.jpg,5_15_2_2,17963,train
5_15_2_2_0032.jpg,5_15_2_2,33165,train
5_15_2_2_0034.jpg,5_15_2_2,29504,train
5_15_2_2_0036.jpg,5_15_2_2,11949,train
5_15_2_2_0037.jpg,5_15_2_2,35510,train
5_15_2_2_0038.jpg,5_15_2_2,29858,train
5_15_2_2_0039.jpg,5_15_2_2,7290,train
5_15_2_2_0040.jpg,5_15_2_2,58320,train
5_15_2_2_0041.jpg,5_15_2_2,48430,train
5_15_2_2_0042.jpg,5_15_2_2,30711,train
5_15_2_2_0043.jpg,5_15_2_2,56347,train
5_15_2_2_0046.jpg,5_15_2_2,18057,train
5_15_2_2_0047.jpg,5_15_2_2,30742,train
5_15_2_2_0049.jpg,5_15_2_2,47405,train
5_15_2_2_0050.jpg,5_15_2_2,27943,train
5_15_2_2_0051.jpg,5_15_2_2,58038,train
5_15_2_2_0052.jpg,5_15_2_2,47868,train
5_15_2_2_0053.jpg,5_15_2_2,24971,train
5_15_2_2_0054.jpg,5_15_2_2,29510,train
5_15_2_2_0057.jpg,5_15_2_2,57937,train
5_15_2_2_0060.jpg,5_15_2_2,47354,train
5_15_2_2_0061.jpg,5_15_2_2,47370,train
5_15_2_2_0062.jpg,5_15_2_2,12061,train
5_15_2_2_0063.jpg,5_15_2_2,47346,train
5_15_2_2_0064.jpg,5_15_2_2,58169,train
5_15_2_2_0065.jpg,5_15_2_2,58790,train
5_15_2_2_0067.jpg,5_15_2_2,56005,train
5_15_2_2_0068.jpg,5_15_2_2,58040,train
5_15_2_2_0070.jpg,5_15_2_2,24969,train
5_15_2_2_0072.jpg,5_15_2_2,58075,train
5_15_2_2_0074.jpg,5_15_2_2,58466,train
5_15_2_2_0075.jpg,5_15_2_2,49722,train
5_15_2_2_0076.jpg,5_15_2_2,58257,train
5_15_2_2_0078.jpg,5_15_2_2,57977,train
5_15_2_2_0080.jpg,5_15_2_2,57947,train
5_15_2_2_0083.jpg,5_15_2_2,6657,train
5_15_2_2_0084.jpg,5_15_2_2,6655,train
5_15_2_2_0085.jpg,5_15_2_2,57948,train
5_15_2_2_0086.jpg,5_15_2_2,17968,train
5_15_2_2_0087.jpg,5_15_2_2,24974,train
5_15_2_2_0089.jpg,5_15_2_2,30587,train
5_15_2_2_0091.jpg,5_15_2_2,55542,train
5_15_2_2_0092.jpg,5_15_2_2,24499,train
5_15_2_2_0093.jpg,5_15_2_2,35516,train
5_15_2_2_0094.jpg,5_15_2_2,8844,train
5_15_2_2_0096.jpg,5_15_2_2,24277,train
5_15_2_2_0098.jpg,5_15_2_2,2446,train
5_15_2_2_0099.jpg,5_15_2_2,58196,train
5_15_2_2_0100.jpg,5_15_2_2,58576,train
5_15_2_2_0101.jpg,5_15_2_2,58167,train
5_15_2_2_0102.jpg,5_15_2_2,8846,train
5_15_2_2_0103.jpg,5_15_2_2,12059,train
5_15_2_2_0104.jpg,5_15_2_2,8847,train
5_15_2_2_0105.jpg,5_15_2_2,33164,train
5_15_2_2_0108.jpg,5_15_2_2,18056,train
5_15_2_2_0110.jpg,5_15_2_2,58352,train
5_15_2_2_0112.jpg,5_15_2_2,9956,train
5_15_2_2_0113.jpg,5_15_2_2,24267,train
5_15_2_2_0115.jpg,5_15_2_2,59103,train
5_15_2_2_0116.jpg,5_15_2_2,29654,train
5_15_2_2_0117.jpg,5_15_2_2,58570,train
5_15_2_2_0118.jpg,5_15_2_2,24982,train
5_15_2_2_0119.jpg,5_15_2_2,58414,train
5_15_2_2_0120.jpg,5_15_2_2,24901,train
5_15_2_2_0121.jpg,5_15_2_2,29867,train
5_15_2_2_0124.jpg,5_15_2_2,59012,train
5_15_2_2_0125.jpg,5_15_2_2,2447,train
5_15_2_2_0126.jpg,5_15_2_2,58359,train
5_15_2_2_0127.jpg,5_15_2_2,29513,train
5_15_2_2_0128.jpg,5_15_2_2,21606,train
5_15_2_2_0129.jpg,5_15_2_2,10033,train
5_15_2_2_0131.jpg,5_15_2_2,25748,train
5_15_2_2_0133.jpg,5_15_2_2,58618,train
5_15_2_2_0137.jpg,5_15_2_2,19386,train
5_15_2_2_0139.jpg,5_15_2_2,6651,train
5_15_2_2_0143.jpg,5_15_2_2,9865,train
5_15_2_2_0144.jpg,5_15_2_2,24268,train
5_15_2_2_0145.jpg,5_15_2_2,47352,train
5_15_2_2_0146.jpg,5_15_2_2,57885,train
5_15_2_2_0147.jpg,5_15_2_2,58356,train
5_15_2_2_0150.jpg,5_15_2_2,30739,train
5_15_2_2_0151.jpg,5_15_2_2,58046,train
5_15_2_2_0152.jpg,5_15_2_2,59104,train
5_15_2_2_0153.jpg,5_15_2_2,57997,train
5_15_2_2_0154.jpg,5_15_2_2,24986,train
5_15_2_2_0155.jpg,5_15_2_2,3756,train
5_15_2_2_0157.jpg,5_15_2_2,24977,train
5_15_2_2_0159.jpg,5_15_2_2,27937,train
5_15_2_2_0161.jpg,5_15_2_2,58328,train
5_15_2_2_0162.jpg,5_15_2_2,58349,train
5_15_2_2_0164.jpg,5_15_2_2,35507,train
5_15_2_2_0166.jpg,5_15_2_2,58407,train
5_15_2_2_0169.jpg,5_15_2_2,56714,train
5_15_2_2_0170.jpg,5_15_2_2,56346,train
5_15_2_2_0172.jpg,5_15_2_2,58199,train
5_15_2_2_0173.jpg,5_15_2_2,57938,train
5_15_2_2_0175.jpg,5_15_2_2,11808,train
5_15_2_2_0177.jpg,5_15_2_2,58495,train
5_15_2_2_0181.jpg,5_15_2_2,29451,train
5_15_2_2_0182.jpg,5_15_2_2,2445,train
5_15_2_2_0183.jpg,5_15_2_2,35509,train
5_15_2_2_0184.jpg,5_15_2_2,25744,train
5_15_2_2_0186.jpg,5_15_2_2,58848,train
5_15_2_2_0187.jpg,5_15_2_2,47876,train
5_15_2_2_0188.jpg,5_15_2_2,58106,train
5_15_2_2_0189.jpg,5_15_2_2,47886,train
5_15_2_2_0190.jpg,5_15_2_2,47403,train
5_15_2_2_0191.jpg,5_15_2_2,29865,train
5_15_2_2_0196.jpg,5_15_2_2,58351,train
5_15_2_2_0197.jpg,5_15_2_2,11783,train
5_15_2_2_0198.jpg,5_15_2_2,30093,train
5_15_2_2_0199.jpg,5_15_2_2,58073,train
5_15_2_2_0200.jpg,5_15_2_2,49772,train
5_15_2_2_0201.jpg,5_15_2_2,29937,train
5_15_2_2_0202.jpg,5_15_2_2,58805,train
5_15_2_2_0204.jpg,5_15_2_2,11946,train
5_15_2_2_0205.jpg,5_15_2_2,28912,train
5_15_2_2_0209.jpg,5_15_2_2,30719,train
5_15_2_2_0210.jpg,5_15_2_2,21220,train
5_15_2_2_0212.jpg,5_15_2_2,58133,train
5_15_2_2_0213.jpg,5_15_2_2,48427,train
5_15_2_2_0214.jpg,5_15_2_2,30744,train
5_15_2_2_0215.jpg,5_15_2_2,29452,train
5_15_2_2_0216.jpg,5_15_2_2,30730,train
5_15_2_2_0217.jpg,5_15_2_2,7128,train
5_15_2_2_0218.jpg,5_15_2_2,17965,train
5_15_2_2_0219.jpg,5_15_2_2,47885,train
5_15_2_2_0220.jpg,5_15_2_2,11812,train
5_15_2_2_0221.jpg,5_15_2_2,28754,train
5_15_2_2_0222.jpg,5_15_2_2,58331,train
5_15_2_2_0225.jpg,5_15_2_2,27893,train
5_15_2_2_0226.jpg,5_15_2_2,29938,train
5_15_2_2_0227.jpg,5_15_2_2,58796,train
5_15_2_2_0229.jpg,5_15_2_2,56840,train
5_15_2_2_0230.jpg,5_15_2_2,11784,train
5_15_2_2_0232.jpg,5_15_2_2,56838,train
5_15_2_2_0233.jpg,5_15_2_2,56144,train
5_15_2_2_0235.jpg,5_15_2_2,58413,train
5_15_2_2_0236.jpg,5_15_2_2,58189,train
5_15_2_2_0237.jpg,5_15_2_2,29505,train
5_15_2_2_0239.jpg,5_15_2_2,58163,train
5_15_2_2_0240.jpg,5_15_2_2,57945,train
5_15_2_2_0241.jpg,5_15_2_2,58409,train
5_15_2_2_0243.jpg,5_15_2_2,29158,train
5_15_2_2_0244.jpg,5_15_2_2,30097,train
5_15_2_2_0246.jpg,5_15_2_2,58261,train
5_15_2_2_0249.jpg,5_15_2_2,58793,train
5_15_2_2_0253.jpg,5_15_2_2,30746,train
5_15_2_2_0254.jpg,5_15_2_2,24620,train
5_15_2_2_0255.jpg,5_15_2_2,59118,train
5_15_2_2_0257.jpg,5_15_2_2,26702,train
5_15_2_2_0258.jpg,5_15_2_2,46779,train
5_15_2_2_0260.jpg,5_15_2_2,27945,train
5_15_2_2_0261.jpg,5_15_2_2,35514,train
5_15_2_2_0263.jpg,5_15_2_2,57923,train
5_15_2_2_0264.jpg,5_15_2_2,29648,train
5_15_2_2_0265.jpg,5_15_2_2,58794,train
5_15_2_2_0266.jpg,5_15_2_2,3758,train
5_15_2_2_0268.jpg,5_15_2_2,57974,train
5_15_2_2_0270.jpg,5_15_2_2,59141,train
5_15_2_2_0271.jpg,5_15_2_2,21610,train
5_15_2_2_0272.jpg,5_15_2_2,8731,train
5_15_2_2_0273.jpg,5_15_2_2,48132,train
5_15_2_2_0274.jpg,5_15_2_2,58696,train
5_15_2_2_0275.jpg,5_15_2_2,30713,train
5_15_2_2_0276.jpg,5_15_2_2,48245,train
5_15_2_2_0277.jpg,5_15_2_2,30101,train
5_15_2_2_0279.jpg,5_15_2_2,56141,train
5_15_2_2_0280.jpg,5_15_2_2,58135,train
5_15_2_2_0281.jpg,5_15_2_2,58462,train
5_15_2_2_0282.jpg,5_15_2_2,57884,train
5_15_2_2_0283.jpg,5_15_2_2,58378,train
5_15_2_2_0284.jpg,5_15_2_2,57128,train
5_15_2_2_0286.jpg,5_15_2_2,8842,train
5_15_2_2_0287.jpg,5_15_2_2,58048,train
5_15_2_2_0289.jpg,5_15_2_2,53221,train
5_15_2_2_0290.jpg,5_15_2_2,29445,train
5_15_2_2_0292.jpg,5_15_2_2,29665,train
5_15_2_2_0293.jpg,5_15_2_2,58882,train
5_15_2_2_0295.jpg,5_15_2_2,59101,train
5_15_2_2_0296.jpg,5_15_2_2,24276,train
5_15_2_2_0297.jpg,5_15_2_2,9869,train
5_15_2_2_0298.jpg,5_15_2_2,3750,train
5_15_2_2_0299.jpg,5_15_2_2,57969,train
5_15_2_2_0301.jpg,5_15_2_2,7330,train
5_15_2_2_0302.jpg,5_15_2_2,29862,train
5_15_2_2_0303.jpg,5_15_2_2,56145,train
5_15_2_2_0304.jpg,5_15_2_2,29156,train
5_15_2_2_0306.jpg,5_15_2_2,47503,train
5_15_2_2_0308.jpg,5_15_2_2,58141,train
5_15_2_2_0310.jpg,5_15_2_2,26183,train
5_15_2_2_0311.jpg,5_15_2_2,8845,train
5_15_2_2_0312.jpg,5_15_2_2,48419,train
5_15_2_2_0313.jpg,5_15_2_2,29870,train
5_15_2_2_0315.jpg,5_15_2_2,10032,train
5_15_2_2_0316.jpg,5_15_2_2,47510,train
5_15_2_2_0317.jpg,5_15_2_2,35502,train
5_15_2_2_0318.jpg,5_15_2_2,33462,train
5_15_2_2_0319.jpg,5_15_2_2,58467,train
5_15_2_2_0320.jpg,5_15_2_2,58855,train
5_15_2_2_0321.jpg,5_15_2_2,24278,train
5_15_2_2_0324.jpg,5_15_2_2,58130,train
5_15_2_2_0325.jpg,5_15_2_2,59008,train
5_15_2_2_0326.jpg,5_15_2_2,21602,train
5_15_2_2_0330.jpg,5_15_2_2,29854,train
5_15_2_2_0332.jpg,5_15_2_2,30749,train
5_15_2_2_0335.jpg,5_15_2_2,58806,train
5_15_2_2_0336.jpg,5_15_2_2,7662,train
5_15_2_2_0337.jpg,5_15_2_2,35512,train
5_15_2_2_0341.jpg,5_15_2_2,58134,train
5_15_2_2_0342.jpg,5_15_2_2,19381,train
5_15_2_2_0345.jpg,5_15_2_2,58265,train
5_15_2_2_0347.jpg,5_15_2_2,28914,train
5_15_2_2_0350.jpg,5_15_2_2,33474,train
5_15_2_2_0352.jpg,5_15_2_2,7299,train
5_15_2_2_0353.jpg,5_15_2_2,27894,train
5_15_2_2_0354.jpg,5_15_2_2,18045,train
5_15_2_2_0355.jpg,5_15_2_2,48248,train
5_15_2_2_0356.jpg,5_15_2_2,53223,train
5_15_2_2_0357.jpg,5_15_2_2,58569,train
5_15_2_2_0358.jpg,5_15_2_2,47516,train
5_15_2_2_0359.jpg,5_15_2_2,30748,train
5_15_2_2_0360.jpg,5_15_2_2,30600,train
5_15_2_2_0363.jpg,5_15_2_2,35499,train
5_15_2_2_0364.jpg,5_15_2_2,30099,train
5_15_2_2_0365.jpg,5_15_2_2,58357,train
5_15_2_2_0366.jpg,5_15_2_2,58329,train
5_15_2_2_0367.jpg,5_15_2_2,28911,train
5_15_2_2_0369.jpg,5_15_2_2,33465,train
5_15_2_2_0370.jpg,5_15_2_2,11759,train
5_15_2_2_0371.jpg,5_15_2_2,57876,train
5_15_2_2_0372.jpg,5_15_2_2,7293,train
5_15_2_2_0373.jpg,5_15_2_2,29859,train
5_15_2_2_0374.jpg,5_15_2_2,29672,train
5_15_2_2_0375.jpg,5_15_2_2,47409,train
5_15_2_2_0376.jpg,5_15_2_2,58203,train
5_15_2_2_0377.jpg,5_15_2_2,7297,train
5_15_2_2_0378.jpg,5_15_2_2,33475,train
5_15_2_2_0380.jpg,5_15_2_2,10025,train
5_15_2_2_0382.jpg,5_15_2_2,30734,train
5_15_2_2_0383.jpg,5_15_2_2,25702,train
5_15_2_2_0384.jpg,5_15_2_2,8737,train
5_15_2_2_0386.jpg,5_15_2_2,30712,train
5_15_2_2_0387.jpg,5_15_2_2,21609,train
5_15_2_2_0388.jpg,5_15_2_2,6653,train
5_15_2_2_0389.jpg,5_15_2_2,47353,train
5_15_2_2_0390.jpg,5_15_2_2,58706,train
5_15_2_2_0391.jpg,5_15_2_2,27884,train
5_15_2_2_0392.jpg,5_15_2_2,3224,train
5_15_2_2_0394.jpg,5_15_2_2,24983,train
5_15_2_2_0395.jpg,5_15_2_2,58735,train
5_15_2_2_0396.jpg,5_15_2_2,58348,train
5_15_2_2_0397.jpg,5_15_2_2,48424,train
5_15_2_2_0400.jpg,5_15_2_2,11856,train
5_15_2_2_0401.jpg,5_15_2_2,24981,train
5_15_2_2_0402.jpg,5_15_2_2,7332,train
5_15_2_2_0403.jpg,5_15_2_2,30769,train
5_15_2_2_0405.jpg,5_15_2_2,58619,train
5_15_2_2_0406.jpg,5_15_2_2,30736,train
5_15_2_2_0407.jpg,5_15_2_2,47371,train
5_15_2_2_0408.jpg,5_15_2_2,57894,train
5_15_2_2_0409.jpg,5_15_2_2,25754,train
5_15_2_2_0410.jpg,5_15_2_2,58841,train
5_15_2_2_0411.jpg,5_15_2_2,58459,train
5_15_2_2_0412.jpg,5_15_2_2,6659,train
5_15_2_2_0413.jpg,5_15_2_2,57920,train
5_15_2_2_0414.jpg,5_15_2_2,58166,train
5_15_2_2_0415.jpg,5_15_2_2,58567,train
5_15_2_2_0416.jpg,5_15_2_2,58034,train
5_15_2_2_0417.jpg,5_15_2_2,30096,train
5_15_2_2_0418.jpg,5_15_2_2,24817,train
5_15_2_2_0419.jpg,5_15_2_2,47881,train
5_15_2_2_0420.jpg,5_15_2_2,58033,train
5_15_2_2_0421.jpg,5_15_2_2,3234,train
5_15_2_2_0422.jpg,5_15_2_2,27892,train
5_15_2_2_0423.jpg,5_15_2_2,29666,train
5_15_2_2_0424.jpg,5_15_2_2,24815,train
5_15_2_2_0425.jpg,5_15_2_2,18062,train
5_15_2_2_0426.jpg,5_15_2_2,27888,train
5_15_2_2_0428.jpg,5_15_2_2,59102,train
5_15_2_2_0429.jpg,5_15_2_2,19383,train
5_15_2_2_0430.jpg,5_15_2_2,33453,train
5_15_2_2_0431.jpg,5_15_2_2,54853,train
5_15_2_2_0433.jpg,5_15_2_2,48129,train
5_15_2_2_0434.jpg,5_15_2_2,58373,train
5_15_2_2_0435.jpg,5_15_2_2,24260,train
5_15_2_2_0437.jpg,5_15_2_2,58043,train
5_15_2_2_0441.jpg,5_15_2_2,3748,train
5_15_2_2_0444.jpg,5_15_2_2,29661,train
5_15_2_2_0446.jpg,5_15_2_2,47396,train
5_15_2_2_0447.jpg,5_15_2_2,7394,train
5_15_2_2_0448.jpg,5_15_2_2,33457,train
5_15_2_2_0450.jpg,5_15_2_2,58730,train
5_15_2_2_0451.jpg,5_15_2_2,58844,train
5_15_2_2_0456.jpg,5_15_2_2,57899,train
5_15_2_2_0458.jpg,5_15_2_2,57973,train
5_15_2_2_0459.jpg,5_15_2_2,47875,train
5_15_2_2_0460.jpg,5_15_2_2,28752,train
5_15_2_2_0461.jpg,5_15_2_2,29851,train
5_15_2_2_0464.jpg,5_15_2_2,21605,train
5_15_2_2_0466.jpg,5_15_2_2,58787,train
5_15_2_2_0467.jpg,5_15_2_2,3227,train
5_15_2_2_0470.jpg,5_15_2_2,47368,train
5_15_2_2_0471.jpg,5_15_2_2,29440,train
5_15_2_2_0472.jpg,5_15_2_2,57904,train
5_15_2_2_0473.jpg,5_15_2_2,48251,train
5_15_2_2_0474.jpg,5_15_2_2,3219,train
5_15_2_2_0475.jpg,5_15_2_2,33458,train
5_15_2_2_0476.jpg,5_15_2_2,30584,train
5_15_2_2_0477.jpg,5_15_2_2,6654,train
5_15_2_2_0478.jpg,5_15_2_2,29449,train
5_15_2_2_0481.jpg,5_15_2_2,9960,train
5_15_2_2_0482.jpg,5_15_2_2,29675,train
5_15_2_2_0483.jpg,5_15_2_2,57880,train
5_15_2_2_0484.jpg,5_15_2_2,33455,train
5_15_2_2_0485.jpg,5_15_2_2,58107,train
5_15_2_2_0487.jpg,5_15_2_2,57976,train
5_15_2_2_0488.jpg,5_15_2_2,57126,train
5_15_2_2_0489.jpg,5_15_2_2,47399,train
5_15_2_2_0490.jpg,5_15_2_2,58512,train
5_15_2_2_0491.jpg,5_15_2_2,57893,train
5_15_2_2_0492.jpg,5_15_2_2,58616,train
5_15_2_2_0493.jpg,5_15_2_2,27940,train
5_15_2_2_0496.jpg,5_15_2_2,24262,train
5_15_2_2_0498.jpg,5_15_2_2,7671,train
5_15_2_2_0500.jpg,5_15_2_2,59100,train
5_15_2_2_0501.jpg,5_15_2_2,21604,train
5_15_2_2_0504.jpg,5_15_2_2,57921,train
5_15_2_2_0505.jpg,5_15_2_2,58142,train
5_15_2_2_0506.jpg,5_15_2_2,3216,train
5_15_2_2_0508.jpg,5_15_2_2,56261,train
5_15_2_2_0509.jpg,5_15_2_2,7334,train
5_15_2_2_0511.jpg,5_15_2_2,9961,train
5_15_2_2_0512.jpg,5_15_2_2,57881,train
5_15_2_2_0513.jpg,5_15_2_2,58460,train
5_15_2_2_0515.jpg,5_15_2_2,58497,train
5_15_2_2_0517.jpg,5_15_2_2,49731,train
5_15_2_2_0519.jpg,5_15_2_2,47884,train
5_15_2_2_0521.jpg,5_15_2_2,58505,train
5_15_2_2_0522.jpg,5_15_2_2,57903,train
5_15_2_2_0524.jpg,5_15_2_2,29509,train
5_15_2_2_0525.jpg,5_15_2_2,53224,train
5_15_2_2_0526.jpg,5_15_2_2,9957,train
5_15_2_2_0527.jpg,5_15_2_2,48194,train
5_15_2_2_0529.jpg,5_15_2_2,58080,train
5_15_2_2_0530.jpg,5_15_2_2,33448,train
5_15_2_2_0531.jpg,5_15_2_2,19384,train
5_15_2_2_0532.jpg,5_15_2_2,58578,train
5_15_2_2_0533.jpg,5_15_2_2,57892,train
5_15_2_2_0534.jpg,5_15_2_2,21596,train
5_15_2_2_0537.jpg,5_15_2_2,58809,train
5_15_2_2_0539.jpg,5_15_2_2,47890,train
5_15_2_2_0540.jpg,5_15_2_2,47891,train
5_15_2_2_0542.jpg,5_15_2_2,24895,train
5_15_2_2_0544.jpg,5_15_2_2,59009,train
5_15_2_2_0545.jpg,5_15_2_2,58354,train
5_15_2_2_0546.jpg,5_15_2_2,53219,train
5_15_2_2_0547.jpg,5_15_2_2,6656,train
5_15_2_2_0548.jpg,5_15_2_2,54857,train
5_15_2_2_0549.jpg,5_15_2_2,29655,train
5_15_2_2_0550.jpg,5_15_2_2,58628,train
5_15_2_2_0552.jpg,5_15_2_2,24972,train
5_15_2_2_0553.jpg,5_15_2_2,57874,train
5_15_2_2_0554.jpg,5_15_2_2,57940,train
5_15_2_2_0555.jpg,5_15_2_2,11758,train
5_15_2_2_0556.jpg,5_15_2_2,58510,train
5_15_2_2_0557.jpg,5_15_2_2,57123,train
5_15_2_2_0558.jpg,5_15_2_2,25747,train
5_15_2_2_0559.jpg,5_15_2_2,33459,train
5_15_2_2_0561.jpg,5_15_2_2,58491,train
5_15_2_2_0562.jpg,5_15_2_2,29154,train
5_15_2_2_0563.jpg,5_15_2_2,11786,train
5_15_2_2_0564.jpg,5_15_2_2,49774,train
5_15_2_2_0565.jpg,5_15_2_2,21614,train
5_15_2_2_0567.jpg,5_15_2_2,29932,train
5_15_2_2_0568.jpg,5_15_2_2,9868,train
5_15_2_2_0569.jpg,5_15_2_2,58575,train
5_15_2_2_0571.jpg,5_15_2_2,57939,train
5_15_2_2_0572.jpg,5_15_2_2,24898,train
5_15_2_2_0573.jpg,5_15_2_2,24970,train
5_15_2_2_0576.jpg,5_15_2_2,59142,train
5_15_2_2_0577.jpg,5_15_2_2,7659,train
5_15_2_2_0578.jpg,5_15_2_2,7125,train
5_15_2_2_0579.jpg,5_15_2_2,58264,train
5_15_2_2_0580.jpg,5_15_2_2,48431,train
5_15_2_2_0581.jpg,5_15_2_2,30599,train
5_15_2_2_0582.jpg,5_15_2_2,3220,train
5_15_2_2_0583.jpg,5_15_2_2,29443,train
5_15_2_2_0584.jpg,5_15_2_2,47355,train
5_15_2_2_0585.jpg,5_15_2_2,47870,train
5_15_2_2_0586.jpg,5_15_2_2,3757,train
5_15_2_2_0587.jpg,5_15_2_2,58736,train
5_15_2_2_0588.jpg,5_15_2_2,58408,train
5_15_2_2_0589.jpg,5_15_2_2,58880,train
5_15_2_2_0590.jpg,5_15_2_2,18044,train
5_15_2_2_0591.jpg,5_15_2_2,58327,train
5_15_2_2_0592.jpg,5_15_2_2,30767,train
5_15_2_2_0593.jpg,5_15_2_2,58568,train
5_15_2_2_0594.jpg,5_15_2_2,47408,train
5_15_2_2_0599.jpg,5_15_2_2,27890,train
5_15_2_2_0602.jpg,5_15_2_2,58444,train
5_15_2_2_0603.jpg,5_15_2_2,58493,train
5_15_2_2_0604.jpg,5_15_2_2,58045,train
5_15_2_2_0606.jpg,5_15_2_2,48193,train
5_15_2_2_0608.jpg,5_15_2_2,47407,train
5_15_2_2_0609.jpg,5_15_2_2,29450,train
5_15_2_2_0610.jpg,5_15_2_2,56708,train
5_15_2_2_0611.jpg,5_15_2_2,48432,train
5_15_2_2_0615.jpg,5_15_2_2,30737,train
5_15_2_2_0617.jpg,5_15_2_2,11951,train
5_15_2_2_0618.jpg,5_15_2_2,29442,train
5_15_2_2_0620.jpg,5_15_2_2,48258,train
5_15_2_2_0623.jpg,5_15_2_2,58752,train
5_15_2_2_0625.jpg,5_15_2_2,7661,train
5_15_2_2_0627.jpg,5_15_2_2,33447,train
5_15_2_2_0628.jpg,5_15_2_2,25699,train
5_15_2_2_0630.jpg,5_15_2_2,29506,train
5_15_2_2_0632.jpg,5_15_2_2,33466,train
5_15_2_2_0634.jpg,5_15_2_2,24897,train
5_15_2_2_0635.jpg,5_15_2_2,58110,train
5_15_2_2_0636.jpg,5_15_2_2,58733,train
5_15_2_2_0639.jpg,5_15_2_2,57999,train
5_15_2_2_0641.jpg,5_15_2_2,17970,train
5_15_2_2_0642.jpg,5_15_2_2,58465,train
5_15_2_2_0643.jpg,5_15_2_2,29941,train
5_15_2_2_0644.jpg,5_15_2_2,3218,train
5_15_2_2_0645.jpg,5_15_2_2,47400,train
5_15_2_2_0646.jpg,5_15_2_2,58360,train
5_15_2_2_0647.jpg,5_15_2_2,29946,train
5_15_2_2_0648.jpg,5_15_2_2,3749,train
5_15_2_2_0650.jpg,5_15_2_2,30582,train
5_15_2_2_0651.jpg,5_15_2_2,21594,train
5_15_2_2_0652.jpg,5_15_2_2,58577,train
5_15_2_2_0653.jpg,5_15_2_2,48259,train
5_15_2_2_0654.jpg,5_15_2_2,7393,train
5_15_2_2_0655.jpg,5_15_2_2,58361,train
5_15_2_2_0657.jpg,5_15_2_2,58074,train
5_15_2_2_0659.jpg,5_15_2_2,57942,train
5_15_2_2_0660.jpg,5_15_2_2,24503,train
5_15_2_2_0662.jpg,5_15_2_2,58168,train
5_15_2_2_0664.jpg,5_15_2_2,58876,train
5_15_2_2_0667.jpg,5_15_2_2,11792,train
5_15_2_2_0669.jpg,5_15_2_2,21612,train
5_15_2_2_0670.jpg,5_15_2_2,58047,train
5_15_2_2_0671.jpg,5_15_2_2,56349,train
5_15_2_2_0673.jpg,5_15_2_2,30722,train
5_15_2_2_0674.jpg,5_15_2_2,33163,train
5_15_2_2_0675.jpg,5_15_2_2,26178,train
5_15_2_2_0677.jpg,5_15_2_2,49723,train
5_15_2_2_0678.jpg,5_15_2_2,7126,train
5_15_2_2_0679.jpg,5_15_2_2,58854,train
5_15_2_2_0680.jpg,5_15_2_2,24502,train
5_15_2_2_0682.jpg,5_15_2_2,28755,train
5_15_2_2_0683.jpg,5_15_2_2,47349,train
5_15_2_2_0684.jpg,5_15_2_2,58148,train
5_15_2_2_0685.jpg,5_15_2_2,48130,train
5_15_2_2_0686.jpg,5_15_2_2,59134,train
5_15_2_2_0687.jpg,5_15_2_2,30731,train
5_15_2_2_0688.jpg,5_15_2_2,24279,train
5_15_2_2_0689.jpg,5_15_2_2,21598,train
5_15_2_2_0690.jpg,5_15_2_2,6658,train
5_15_2_2_0692.jpg,5_15_2_2,55546,train
5_15_2_2_0693.jpg,5_15_2_2,9953,train
5_15_2_2_0694.jpg,5_15_2_2,8839,train
5_15_2_2_0695.jpg,5_15_2_2,59019,train
5_15_2_2_0696.jpg,5_15_2_2,58379,train
5_15_2_2_0697.jpg,5_15_2_2,18046,train
5_15_2_2_0699.jpg,5_15_2_2,29656,train
5_15_2_2_0700.jpg,5_15_2_2,57917,train
5_15_2_2_0701.jpg,5_15_2_2,57897,train
5_15_2_2_0703.jpg,5_15_2_2,33451,train
5_15_2_2_0705.jpg,5_15_2_2,48414,train
5_15_2_2_0707.jpg,5_15_2_2,57918,train
5_15_2_2_0709.jpg,5_15_2_2,11952,train
5_15_2_2_0710.jpg,5_15_2_2,49724,train
5_15_2_2_0711.jpg,5_15_2_2,58258,train
5_15_2_2_0713.jpg,5_15_2_2,12057,train
5_15_2_2_0714.jpg,5_15_2_2,47453,train
5_15_2_2_0716.jpg,5_15_2_2,59137,train
5_15_2_2_0718.jpg,5_15_2_2,30715,train
5_15_2_2_0719.jpg,5_15_2_2,58878,train
5_15_2_2_0720.jpg,5_15_2_2,25753,train
5_15_2_2_0726.jpg,5_15_2_2,56707,train
5_15_2_2_0729.jpg,5_15_2_2,58627,train
5_15_2_2_0730.jpg,5_15_2_2,58786,train
5_15_2_2_0734.jpg,5_15_2_2,11852,train
5_15_2_2_0735.jpg,5_15_2_2,30740,train
5_15_2_2_0736.jpg,5_15_2_2,56711,train
5_15_2_2_0737.jpg,5_15_2_2,57871,train
5_15_2_2_0738.jpg,5_15_2_2,29152,train
5_15_2_2_0740.jpg,5_15_2_2,29454,train
5_15_2_2_0741.jpg,5_15_2_2,24984,train
5_15_2_2_0742.jpg,5_15_2_2,28910,train
5_15_2_2_0743.jpg,5_15_2_2,59010,train
5_15_2_2_0744.jpg,5_15_2_2,57998,train
5_15_2_2_0745.jpg,5_15_2_2,18050,train
5_15_2_2_0746.jpg,5_15_2_2,29660,train
5_15_2_2_0748.jpg,5_15_2_2,30720,train
5_15_2_2_0749.jpg,5_15_2_2,26707,train
5_15_2_2_0750.jpg,5_15_2_2,28917,train
5_15_2_2_0752.jpg,5_15_2_2,18052,train
5_15_2_2_0753.jpg,5_15_2_2,59105,train
5_15_2_2_0754.jpg,5_15_2_2,26703,train
5_15_2_2_0755.jpg,5_15_2_2,3752,train
5_15_2_2_0756.jpg,5_15_2_2,54863,train
5_15_2_2_0759.jpg,5_15_2_2,56715,train
5_15_2_2_0760.jpg,5_15_2_2,57991,train
5_15_2_2_0762.jpg,5_15_2_2,48426,train
5_15_2_2_0763.jpg,5_15_2_2,58253,train
5_15_2_2_0765.jpg,5_15_2_2,58464,train
5_15_2_2_0766.jpg,5_15_2_2,57896,train
5_15_2_2_0767.jpg,5_15_2_2,58789,train
5_15_2_2_0768.jpg,5_15_2_2,33450,train
5_15_2_2_0769.jpg,5_15_2_2,56342,train
5_15_2_2_0770.jpg,5_15_2_2,35515,train
5_15_2_2_0771.jpg,5_15_2_2,58129,train
5_15_2_2_0772.jpg,5_15_2_2,54864,train
5_15_2_2_0773.jpg,5_15_2_2,55545,train
5_15_2_2_0774.jpg,5_15_2_2,35513,train
5_15_2_2_0775.jpg,5_15_2_2,35498,train
5_15_2_2_0776.jpg,5_15_2_2,47871,train
5_15_2_2_0777.jpg,5_15_2_2,58136,train
5_15_2_2_0778.jpg,5_15_2_2,58622,train
5_15_2_2_0779.jpg,5_15_2_2,8733,train
5_15_2_2_0780.jpg,5_15_2_2,58468,train
5_15_2_2_0781.jpg,5_15_2_2,33471,train
5_15_2_2_0783.jpg,5_15_2_2,11953,train
5_15_2_2_0784.jpg,5_15_2_2,29650,train
5_15_2_2_0785.jpg,5_15_2_2,29511,train
5_15_2_2_0787.jpg,5_15_2_2,18039,train
5_15_2_2_0788.jpg,5_15_2_2,48415,train
5_15_2_2_0789.jpg,5_15_2_2,30724,train
5_15_2_2_0790.jpg,5_15_2_2,56709,train
5_15_2_2_0793.jpg,5_15_2_2,47507,train
5_15_2_2_0794.jpg,5_15_2_2,58418,train
5_15_2_2_0795.jpg,5_15_2_2,49773,train
5_15_2_2_0799.jpg,5_15_2_2,29852,train
5_15_2_2_0801.jpg,5_15_2_2,47456,train
5_15_2_2_0802.jpg,5_15_2_2,58513,train
5_15_2_2_0803.jpg,5_15_2_2,46784,train
5_15_2_2_0804.jpg,5_15_2_2,58958,train
5_15_2_2_0805.jpg,5_15_2_2,26705,train
5_15_2_2_0808.jpg,5_15_2_2,30732,train
5_15_2_2_0811.jpg,5_15_2_2,29441,train
5_15_2_2_0814.jpg,5_15_2_2,29667,train
5_15_2_2_0815.jpg,5_15_2_2,47504,train
5_15_2_2_0816.jpg,5_15_2_2,58202,train
5_15_2_2_0817.jpg,5_15_2_2,33461,train
5_15_2_2_0818.jpg,5_15_2_2,47517,train
5_15_2_2_0819.jpg,5_15_2_2,27886,train
5_15_2_2_0821.jpg,5_15_2_2,54855,train
5_15_2_2_0822.jpg,5_15_2_2,10028,train
5_15_2_2_0823.jpg,5_15_2_2,11787,train
5_15_2_2_0826.jpg,5_15_2_2,56007,train
5_15_2_2_0827.jpg,5_15_2_2,3753,train
5_15_2_2_0828.jpg,5_15_2_2,29453,train
5_15_2_2_0830.jpg,5_15_2_2,29448,train
5_15_2_2_0831.jpg,5_15_2_2,7331,train
5_15_2_2_0832.jpg,5_15_2_2,57922,train
5_15_2_2_0834.jpg,5_15_2_2,26177,train
5_15_2_2_0835.jpg,5_15_2_2,8735,train
5_15_2_2_0839.jpg,5_15_2_2,7397,train
5_15_2_2_0840.jpg,5_15_2_2,58750,train
5_15_2_2_0841.jpg,5_15_2_2,29439,train
5_15_2_2_0842.jpg,5_15_2_2,10029,train
5_15_2_2_0843.jpg,5_15_2_2,30763,train
5_15_2_2_0844.jpg,5_15_2_2,58374,train
5_15_2_2_0845.jpg,5_15_2_2,6652,train
5_15_2_2_0846.jpg,5_15_2_2,29157,train
5_15_2_2_0847.jpg,5_15_2_2,56842,train
5_15_2_2_0848.jpg,5_15_2_2,21226,train
5_15_2_2_0851.jpg,5_15_2_2,48200,train
5_15_2_2_0853.jpg,5_15_2_2,30721,train
5_15_2_2_0855.jpg,5_15_2_2,48262,train
5_15_2_2_0856.jpg,5_15_2_2,21222,train
5_15_2_2_0857.jpg,5_15_2_2,58753,train
5_15_2_2_0858.jpg,5_15_2_2,57900,train
5_15_2_2_0859.jpg,5_15_2_2,56009,train
5_15_2_2_0862.jpg,5_15_2_2,29651,train
5_15_2_2_0865.jpg,5_15_2_2,58748,train
5_15_2_2_0866.jpg,5_15_2_2,58371,train
5_15_2_2_0867.jpg,5_15_2_2,58324,train
5_15_2_2_0868.jpg,5_15_2_2,25750,train
5_15_2_2_0869.jpg,5_15_2_2,47508,train
5_15_2_2_0871.jpg,5_15_2_2,56136,train
5_15_2_2_0873.jpg,5_15_2_2,58812,train
5_15_2_2_0876.jpg,5_15_2_2,49733,train
5_15_2_2_0877.jpg,5_15_2_2,30768,train
5_15_2_2_0878.jpg,5_15_2_2,29940,train
5_15_2_2_0882.jpg,5_15_2_2,25698,train
5_15_2_2_0883.jpg,5_15_2_2,29868,train
5_15_2_2_0884.jpg,5_15_2_2,30726,train
5_15_2_2_0885.jpg,5_15_2_2,7333,train
5_15_2_2_0886.jpg,5_15_2_2,628,train
5_15_2_2_0887.jpg,5_15_2_2,25700,train
5_15_2_2_0889.jpg,5_15_2_2,57905,train
5_15_2_2_0890.jpg,5_15_2_2,48410,train
5_15_2_2_0891.jpg,5_15_2_2,57898,train
5_15_2_2_0893.jpg,5_15_2_2,21595,train
5_15_2_2_0894.jpg,5_15_2_2,7664,train
5_15_2_2_0895.jpg,5_15_2_2,56259,train
5_15_2_2_0896.jpg,5_15_2_2,26184,train
5_15_2_2_0897.jpg,5_15_2_2,58843,train
5_15_2_2_0898.jpg,5_15_2_2,6650,train
5_15_2_2_0899.jpg,5_15_2_2,29514,train
5_15_2_2_0900.jpg,5_15_2_2,11809,train
5_15_2_2_0901.jpg,5_15_2_2,58508,train
5_15_2_2_0905.jpg,5_15_2_2,30729,train
5_15_2_2_0906.jpg,5_15_2_2,29658,train
5_15_2_2_0910.jpg,5_15_2_2,57970,train
5_15_2_2_0914.jpg,5_15_2_2,58383,train
5_15_2_2_0915.jpg,5_15_2_2,47397,train
5_15_2_2_0917.jpg,5_15_2_2,58256,train
5_15_2_2_0918.jpg,5_15_2_2,30592,train
5_15_2_2_0919.jpg,5_15_2_2,58808,train
5_15_2_2_0920.jpg,5_15_2_2,28918,train
5_15_2_2_0921.jpg,5_15_2_2,57870,train
5_15_2_2_0922.jpg,5_15_2_2,17964,train
5_15_2_2_0923.jpg,5_15_2_2,58382,train
5_15_2_2_0924.jpg,5_15_2_2,7396,train
5_15_2_2_0925.jpg,5_15_2_2,29444,train
5_15_2_2_0926.jpg,5_15_2_2,11788,train
5_15_2_2_0927.jpg,5_15_2_2,47452,train
5_15_2_2_0928.jpg,5_15_2_2,58566,train
5_15_2_2_0931.jpg,5_15_2_2,58259,train
5_15_2_2_0932.jpg,5_15_2_2,27889,train
5_15_2_2_0933.jpg,5_15_2_2,47889,train
5_15_2_2_0934.jpg,5_15_2_2,29935,train
5_15_2_2_0936.jpg,5_15_2_2,24900,train
5_15_2_2_0938.jpg,5_15_2_2,58262,train
5_15_2_2_0940.jpg,5_15_2_2,57975,train
5_15_2_2_0941.jpg,5_15_2_2,3215,train
5_15_2_2_0942.jpg,5_15_2_2,3221,train
5_15_2_2_0943.jpg,5_15_2_2,24264,train
5_15_2_2_0944.jpg,5_15_2_2,21600,train
5_15_2_2_0945.jpg,5_15_2_2,11756,train
5_15_2_2_0946.jpg,5_15_2_2,58678,train
5_15_2_2_0949.jpg,5_15_2_2,59025,train
5_15_2_2_0950.jpg,5_15_2_2,29155,train
5_15_2_2_0951.jpg,5_15_2_2,19387,train
5_15_2_2_0952.jpg,5_15_2_2,47347,train
5_15_2_2_0953.jpg,5_15_2_2,631,train
5_15_2_2_0954.jpg,5_15_2_2,48249,train
5_15_2_2_0956.jpg,5_15_2_2,58443,train
5_15_2_2_0957.jpg,5_15_2_2,24980,train
5_15_2_2_0958.jpg,5_15_2_2,58738,train
5_15_2_2_0959.jpg,5_15_2_2,18041,train
5_15_2_2_0960.jpg,5_15_2_2,56146,train
5_15_2_2_0961.jpg,5_15_2_2,58673,train
5_15_2_2_0962.jpg,5_15_2_2,47369,train
5_15_2_2_0963.jpg,5_15_2_2,58749,train
5_15_2_2_0964.jpg,5_15_2_2,47398,train
5_15_2_2_0965.jpg,5_15_2_2,29872,train
5_15_2_2_0966.jpg,5_15_2_2,58702,train
5_15_2_2_0967.jpg,5_15_2_2,47880,train
5_15_2_2_0968.jpg,5_15_2_2,35503,train
5_15_2_2_0969.jpg,5_15_2_2,27887,train
5_15_2_2_0970.jpg,5_15_2_2,56140,train
5_15_2_2_0971.jpg,5_15_2_2,48428,train
5_15_2_2_0972.jpg,5_15_2_2,29863,train
5_15_2_2_0973.jpg,5_15_2_2,9958,train
5_15_2_2_0975.jpg,5_15_2_2,35517,train
5_15_2_2_0976.jpg,5_15_2_2,58807,train
5_15_2_2_0978.jpg,5_15_2_2,7296,train
5_15_2_2_0980.jpg,5_15_2_2,30098,train
5_15_2_2_0982.jpg,5_15_2_2,58469,train
5_15_2_2_0983.jpg,5_15_2_2,56841,train
5_15_2_2_0984.jpg,5_15_2_2,33464,train
5_15_2_2_0985.jpg,5_15_2_2,30591,train
5_15_2_2_0986.jpg,5_15_2_2,18060,train
5_15_2_2_0989.jpg,5_15_2_2,57950,train
5_15_2_2_0990.jpg,5_15_2_2,59114,train
5_15_2_2_0991.jpg,5_15_2_2,58416,train
5_15_2_2_0993.jpg,5_15_2_2,58325,train
5_15_2_2_0994.jpg,5_15_2_2,28923,train
5_15_2_2_0996.jpg,5_15_2_2,47887,train
5_15_2_2_0997.jpg,5_15_2_2,35500,train
5_15_2_2_0998.jpg,5_15_2_2,10026,train
5_15_2_2_0999.jpg,5_15_2_2,29853,train
1_17_0000.jpg,1_17,15959,train
1_17_0001.jpg,1_17,29293,train
1_17_0002.jpg,1_17,2938,train
1_17_0003.jpg,1_17,37786,train
1_17_0004.jpg,1_17,16636,train
1_17_0005.jpg,1_17,29299,train
1_17_0006.jpg,1_17,25518,train
1_17_0008.jpg,1_17,1045,train
1_17_0010.jpg,1_17,20683,train
1_17_0014.jpg,1_17,28009,train
1_17_0015.jpg,1_17,41148,train
1_17_0016.jpg,1_17,23119,train
1_17_0017.jpg,1_17,43511,train
1_17_0018.jpg,1_17,25170,train
1_17_0019.jpg,1_17,43754,train
1_17_0020.jpg,1_17,28254,train
1_17_0022.jpg,1_17,26606,train
1_17_0023.jpg,1_17,15992,train
1_17_0024.jpg,1_17,27043,train
1_17_0026.jpg,1_17,37788,train
1_17_0027.jpg,1_17,15023,train
1_17_0028.jpg,1_17,43697,train
1_17_0029.jpg,1_17,26974,train
1_17_0030.jpg,1_17,24419,train
1_17_0032.jpg,1_17,35110,train
1_17_0034.jpg,1_17,32685,train
1_17_0036.jpg,1_17,31917,train
1_17_0037.jpg,1_17,43510,train
1_17_0039.jpg,1_17,28793,train
1_17_0040.jpg,1_17,27261,train
1_17_0041.jpg,1_17,28421,train
1_17_0042.jpg,1_17,43512,train
1_17_0043.jpg,1_17,43696,train
1_17_0044.jpg,1_17,33074,train
1_17_0045.jpg,1_17,29294,train
1_17_0046.jpg,1_17,26203,train
1_17_0047.jpg,1_17,28791,train
1_17_0049.jpg,1_17,28044,train
1_17_0050.jpg,1_17,27497,train
1_17_0051.jpg,1_17,23109,train
1_17_0052.jpg,1_17,12287,train
1_17_0053.jpg,1_17,17006,train
1_17_0054.jpg,1_17,12521,train
1_17_0055.jpg,1_17,43505,train
1_17_0056.jpg,1_17,37802,train
1_17_0057.jpg,1_17,38457,train
1_17_0058.jpg,1_17,32425,train
1_17_0060.jpg,1_17,22980,train
1_17_0061.jpg,1_17,26976,train
1_17_0062.jpg,1_17,45510,train
1_17_0063.jpg,1_17,27134,train
1_17_0065.jpg,1_17,20189,train
1_17_0069.jpg,1_17,15991,train
1_17_0070.jpg,1_17,27262,train
1_17_0071.jpg,1_17,43407,train
1_17_0072.jpg,1_17,23545,train
1_17_0073.jpg,1_17,31470,train
1_17_0074.jpg,1_17,12522,train
1_17_0075.jpg,1_17,24089,train
1_17_0076.jpg,1_17,31916,train
1_17_0078.jpg,1_17,31971,train
1_17_0079.jpg,1_17,15017,train
1_17_0080.jpg,1_17,32802,train
1_17_0081.jpg,1_17,37881,train
1_17_0082.jpg,1_17,27555,train
1_17_0084.jpg,1_17,33624,train
1_17_0085.jpg,1_17,35329,train
1_17_0087.jpg,1_17,28978,train
1_17_0088.jpg,1_17,26882,train
1_17_0089.jpg,1_17,31707,train
1_17_0090.jpg,1_17,18406,train
1_17_0091.jpg,1_17,1125,train
1_17_0092.jpg,1_17,22983,train
1_17_0095.jpg,1_17,17002,train
1_17_0096.jpg,1_17,37889,train
1_17_0098.jpg,1_17,32853,train
1_17_0099.jpg,1_17,26878,train
1_17_0101.jpg,1_17,28250,train
1_17_0103.jpg,1_17,23549,train
1_17_0105.jpg,1_17,31636,train
1_17_0106.jpg,1_17,23544,train
1_17_0107.jpg,1_17,43258,train
1_17_0108.jpg,1_17,51039,train
1_17_0110.jpg,1_17,27122,train
1_17_0111.jpg,1_17,43691,train
1_17_0112.jpg,1_17,26608,train
1_17_0114.jpg,1_17,38716,train
1_17_0115.jpg,1_17,1328,train
1_17_0118.jpg,1_17,32198,train
1_17_0119.jpg,1_17,43750,train
1_17_0120.jpg,1_17,23923,train
1_17_0121.jpg,1_17,29300,train
1_17_0122.jpg,1_17,34709,train
1_17_0125.jpg,1_17,27135,train
1_17_0126.jpg,1_17,26879,train
1_17_0128.jpg,1_17,28331,train
1_17_0129.jpg,1_17,37796,train
1_17_0131.jpg,1_17,28014,train
1_17_0132.jpg,1_17,16922,train
1_17_0133.jpg,1_17,32850,train
1_17_0134.jpg,1_17,29213,train
1_17_0136.jpg,1_17,28992,train
1_17_0137.jpg,1_17,28989,train
1_17_0141.jpg,1_17,28040,train
1_17_0142.jpg,1_17,1054,train
1_17_0144.jpg,1_17,1077,train
1_17_0145.jpg,1_17,33501,train
1_17_0146.jpg,1_17,25517,train
1_17_0147.jpg,1_17,10177,train
1_17_0148.jpg,1_17,32851,train
1_17_0150.jpg,1_17,23917,train
1_17_0151.jpg,1_17,24416,train
1_17_0152.jpg,1_17,32795,train
1_17_0153.jpg,1_17,32691,train
1_17_0154.jpg,1_17,28102,train
1_17_0156.jpg,1_17,31464,train
1_17_0158.jpg,1_17,27917,train
1_17_0159.jpg,1_17,16994,train
1_17_0160.jpg,1_17,24594,train
1_17_0161.jpg,1_17,38717,train
1_17_0163.jpg,1_17,15968,train
1_17_0164.jpg,1_17,35112,train
1_17_0165.jpg,1_17,37883,train
1_17_0166.jpg,1_17,26207,train
1_17_0168.jpg,1_17,32161,train
1_17_0169.jpg,1_17,17599,train
1_17_0170.jpg,1_17,43254,train
1_17_0171.jpg,1_17,33500,train
1_17_0172.jpg,1_17,15973,train
1_17_0174.jpg,1_17,23608,train
1_17_0175.jpg,1_17,26884,train
1_17_0176.jpg,1_17,42464,train
1_17_0178.jpg,1_17,32203,train
1_17_0180.jpg,1_17,979,train
1_17_0181.jpg,1_17,1147,train
1_17_0182.jpg,1_17,35120,train
1_17_0183.jpg,1_17,38560,train
1_17_0184.jpg,1_17,43703,train
1_17_0185.jpg,1_17,27972,train
1_17_0186.jpg,1_17,12436,train
1_17_0191.jpg,1_17,1193,train
1_17_0193.jpg,1_17,22974,train
1_17_0194.jpg,1_17,23116,train
1_17_0195.jpg,1_17,1080,train
1_17_0196.jpg,1_17,17600,train
1_17_0200.jpg,1_17,43694,train
1_17_0201.jpg,1_17,1143,train
1_17_0202.jpg,1_17,20681,train
1_17_0203.jpg,1_17,32419,train
1_17_0204.jpg,1_17,14407,train
1_17_0205.jpg,1_17,34702,train
1_17_0207.jpg,1_17,25173,train
1_17_0209.jpg,1_17,26610,train
1_17_0210.jpg,1_17,15020,train
1_17_0211.jpg,1_17,34708,train
1_17_0212.jpg,1_17,32261,train
1_17_0213.jpg,1_17,20679,train
1_17_0214.jpg,1_17,10171,train
1_17_0215.jpg,1_17,51067,train
1_17_0216.jpg,1_17,2935,train
1_17_0217.jpg,1_17,27836,train
1_17_0218.jpg,1_17,38559,train
1_17_0219.jpg,1_17,31923,train
1_17_0220.jpg,1_17,32687,train
1_17_0222.jpg,1_17,26972,train
1_17_0225.jpg,1_17,32263,train
1_17_0226.jpg,1_17,28042,train
1_17_0227.jpg,1_17,38562,train
1_17_0228.jpg,1_17,15963,train
1_17_0229.jpg,1_17,12286,train
1_17_0231.jpg,1_17,28781,train
1_17_0232.jpg,1_17,33069,train
1_17_0233.jpg,1_17,40911,train
1_17_0236.jpg,1_17,23242,train
1_17_0237.jpg,1_17,32855,train
1_17_0238.jpg,1_17,23550,train
1_17_0241.jpg,1_17,32264,train
1_17_0242.jpg,1_17,1079,train
1_17_0247.jpg,1_17,12434,train
1_17_0249.jpg,1_17,43705,train
1_17_0250.jpg,1_17,28336,train
1_17_0251.jpg,1_17,27344,train
1_17_0252.jpg,1_17,25172,train
1_17_0253.jpg,1_17,22984,train
1_17_0254.jpg,1_17,27044,train
1_17_0255.jpg,1_17,12284,train
1_17_0257.jpg,1_17,26876,train
1_17_0258.jpg,1_17,28249,train
1_17_0259.jpg,1_17,20786,train
1_17_0261.jpg,1_17,22976,train
1_17_0264.jpg,1_17,27838,train
1_17_0268.jpg,1_17,27599,train
1_17_0269.jpg,1_17,39148,train
1_17_0272.jpg,1_17,32688,train
1_17_0273.jpg,1_17,28048,train
1_17_0274.jpg,1_17,31981,train
1_17_0275.jpg,1_17,12442,train
1_17_0276.jpg,1_17,27169,train
1_17_0277.jpg,1_17,17011,train
1_17_0278.jpg,1_17,28337,train
1_17_0279.jpg,1_17,1081,train
1_17_0280.jpg,1_17,45279,train
1_17_0281.jpg,1_17,18403,train
1_17_0284.jpg,1_17,27493,train
1_17_0285.jpg,1_17,28251,train
1_17_0286.jpg,1_17,12517,train
1_17_0287.jpg,1_17,30847,train
1_17_0288.jpg,1_17,23241,train
1_17_0289.jpg,1_17,23610,train
1_17_0292.jpg,1_17,10170,train
1_17_0294.jpg,1_17,33066,train
1_17_0295.jpg,1_17,15983,train
1_17_0296.jpg,1_17,16923,train
1_17_0297.jpg,1_17,27561,train
1_17_0298.jpg,1_17,28786,train
1_17_0299.jpg,1_17,20191,train
1_17_0301.jpg,1_17,15388,train
1_17_0302.jpg,1_17,26612,train
1_17_0304.jpg,1_17,27489,train
1_17_0307.jpg,1_17,28256,train
1_17_0309.jpg,1_17,2037,train
1_17_0310.jpg,1_17,27596,train
1_17_0311.jpg,1_17,20211,train
1_17_0312.jpg,1_17,40912,train
1_17_0313.jpg,1_17,43771,train
1_17_0314.jpg,1_17,23921,train
1_17_0316.jpg,1_17,1168,train
1_17_0317.jpg,1_17,23548,train
1_17_0318.jpg,1_17,31709,train
1_17_0319.jpg,1_17,45507,train
1_17_0320.jpg,1_17,28792,train
1_17_0323.jpg,1_17,39151,train
1_17_0324.jpg,1_17,31711,train
1_17_0325.jpg,1_17,16993,train
1_17_0329.jpg,1_17,27602,train
1_17_0331.jpg,1_17,30856,train
1_17_0332.jpg,1_17,18407,train
1_17_0333.jpg,1_17,32202,train
1_17_0334.jpg,1_17,27258,train
1_17_0339.jpg,1_17,10168,train
1_17_0340.jpg,1_17,12439,train
1_17_0341.jpg,1_17,33627,train
1_17_0343.jpg,1_17,43826,train
1_17_0345.jpg,1_17,15016,train
1_17_0346.jpg,1_17,37785,train
1_17_0347.jpg,1_17,37794,train
1_17_0348.jpg,1_17,27918,train
1_17_0349.jpg,1_17,14404,train
1_17_0350.jpg,1_17,38718,train
1_17_0351.jpg,1_17,16491,train
1_17_0352.jpg,1_17,27054,train
1_17_0353.jpg,1_17,43829,train
1_17_0355.jpg,1_17,27039,train
1_17_0356.jpg,1_17,27598,train
1_17_0357.jpg,1_17,15984,train
1_17_0358.jpg,1_17,29214,train
1_17_0359.jpg,1_17,27970,train
1_17_0360.jpg,1_17,27558,train
1_17_0362.jpg,1_17,28049,train
1_17_0363.jpg,1_17,26975,train
1_17_0364.jpg,1_17,39426,train
1_17_0366.jpg,1_17,23110,train
1_17_0367.jpg,1_17,14132,train
1_17_0368.jpg,1_17,27050,train
1_17_0369.jpg,1_17,23108,train
1_17_0370.jpg,1_17,31637,train
1_17_0371.jpg,1_17,20680,train
1_17_0374.jpg,1_17,29198,train
1_17_0375.jpg,1_17,25167,train
1_17_0376.jpg,1_17,28252,train
1_17_0377.jpg,1_17,30854,train
1_17_0379.jpg,1_17,32417,train
1_17_0381.jpg,1_17,31639,train
1_17_0382.jpg,1_17,16920,train
1_17_0383.jpg,1_17,38712,train
1_17_0384.jpg,1_17,41147,train
1_17_0385.jpg,1_17,37886,train
1_17_0389.jpg,1_17,27260,train
1_17_0390.jpg,1_17,37885,train
1_17_0391.jpg,1_17,23606,train
1_17_0394.jpg,1_17,27969,train
1_17_0396.jpg,1_17,976,train
1_17_0397.jpg,1_17,40913,train
1_17_0398.jpg,1_17,26973,train
1_17_0399.jpg,1_17,16101,train
1_17_0400.jpg,1_17,15961,train
1_17_0403.jpg,1_17,32197,train
1_17_0404.jpg,1_17,33630,train
1_17_0405.jpg,1_17,16110,train
1_17_0406.jpg,1_17,16635,train
1_17_0408.jpg,1_17,28016,train
1_17_0409.jpg,1_17,38556,train
1_17_0411.jpg,1_17,30848,train
1_17_0412.jpg,1_17,42458,train
1_17_0413.jpg,1_17,29212,train
1_17_0414.jpg,1_17,27340,train
1_17_0416.jpg,1_17,35160,train
1_17_0418.jpg,1_17,24413,train
1_17_0419.jpg,1_17,28108,train
1_17_0420.jpg,1_17,17596,train
1_17_0421.jpg,1_17,24087,train
1_17_0422.jpg,1_17,29292,train
1_17_0423.jpg,1_17,1001,train
1_17_0424.jpg,1_17,16486,train
1_17_0425.jpg,1_17,20782,train
1_17_0427.jpg,1_17,27041,train
1_17_0428.jpg,1_17,43763,train
1_17_0431.jpg,1_17,32267,train
1_17_0432.jpg,1_17,20213,train
1_17_0433.jpg,1_17,32424,train
1_17_0437.jpg,1_17,28785,train
1_17_0438.jpg,1_17,15964,train
1_17_0439.jpg,1_17,12437,train
1_17_0440.jpg,1_17,17003,train
1_17_0442.jpg,1_17,15993,train
1_17_0444.jpg,1_17,31635,train
1_17_0446.jpg,1_17,15014,train
1_17_0447.jpg,1_17,27967,train
1_17_0448.jpg,1_17,28780,train
1_17_0450.jpg,1_17,30844,train
1_17_0451.jpg,1_17,28335,train
1_17_0453.jpg,1_17,20784,train
1_17_0455.jpg,1_17,32169,train
1_17_0457.jpg,1_17,9,train
1_17_0458.jpg,1_17,37892,train
1_17_0461.jpg,1_17,15958,train
1_17_0462.jpg,1_17,15390,train
1_17_0463.jpg,1_17,31467,train
1_17_0464.jpg,1_17,27491,train
1_17_0465.jpg,1_17,7,train
1_17_0466.jpg,1_17,40909,train
1_17_0467.jpg,1_17,29202,train
1_17_0468.jpg,1_17,1316,train
1_17_0469.jpg,1_17,15384,train
1_17_0470.jpg,1_17,27874,train
1_17_0471.jpg,1_17,51040,train
1_17_0472.jpg,1_17,43706,train
1_17_0473.jpg,1_17,43693,train
1_17_0474.jpg,1_17,23553,train
1_17_0475.jpg,1_17,33623,train
1_17_0476.jpg,1_17,27603,train
1_17_0477.jpg,1_17,31644,train
1_17_0478.jpg,1_17,20148,train
1_17_0481.jpg,1_17,35113,train
1_17_0482.jpg,1_17,25523,train
1_17_0483.jpg,1_17,33497,train
1_17_0484.jpg,1_17,24418,train
1_17_0486.jpg,1_17,31566,train
1_17_0488.jpg,1_17,51038,train
1_17_0489.jpg,1_17,4755,train
1_17_0490.jpg,1_17,17000,train
1_17_0491.jpg,1_17,31974,train
1_17_0492.jpg,1_17,20785,train
1_17_0494.jpg,1_17,27053,train
1_17_0495.jpg,1_17,39428,train
1_17_0496.jpg,1_17,32421,train
1_17_0497.jpg,1_17,20192,train
1_17_0498.jpg,1_17,14136,train
1_17_0499.jpg,1_17,31643,train
1_17_0501.jpg,1_17,28987,train
1_17_0502.jpg,1_17,32797,train
1_17_0503.jpg,1_17,24599,train
1_17_0504.jpg,1_17,27264,train
1_17_0505.jpg,1_17,24088,train
1_17_0507.jpg,1_17,16998,train
1_17_0508.jpg,1_17,16113,train
1_17_0510.jpg,1_17,45509,train
1_17_0511.jpg,1_17,37798,train
1_17_0515.jpg,1_17,24593,train
1_17_0516.jpg,1_17,43824,train
1_17_0518.jpg,1_17,30852,train
1_17_0519.jpg,1_17,23240,train
1_17_0520.jpg,1_17,23603,train
1_17_0521.jpg,1_17,30843,train
1_17_0523.jpg,1_17,20212,train
1_17_0524.jpg,1_17,27834,train
1_17_0525.jpg,1_17,34915,train
1_17_0526.jpg,1_17,20682,train
1_17_0527.jpg,1_17,43409,train
1_17_0530.jpg,1_17,35165,train
1_17_0531.jpg,1_17,1232,train
1_17_0532.jpg,1_17,32200,train
1_17_0533.jpg,1_17,33502,train
1_17_0534.jpg,1_17,1331,train
1_17_0536.jpg,1_17,43760,train
1_17_0537.jpg,1_17,27171,train
1_17_0538.jpg,1_17,27593,train
1_17_0539.jpg,1_17,15987,train
1_17_0540.jpg,1_17,43757,train
1_17_0541.jpg,1_17,12438,train
1_17_0542.jpg,1_17,31717,train
1_17_0543.jpg,1_17,32690,train
1_17_0544.jpg,1_17,43255,train
1_17_0545.jpg,1_17,31569,train
1_17_0546.jpg,1_17,45276,train
1_17_0547.jpg,1_17,43825,train
1_17_0549.jpg,1_17,43698,train
1_17_0550.jpg,1_17,14134,train
1_17_0551.jpg,1_17,1330,train
1_17_0552.jpg,1_17,27125,train
1_17_0553.jpg,1_17,2205,train
1_17_0554.jpg,1_17,23244,train
1_17_0555.jpg,1_17,12288,train
1_17_0556.jpg,1_17,33071,train
1_17_0557.jpg,1_17,35119,train
1_17_0559.jpg,1_17,51043,train
1_17_0560.jpg,1_17,29304,train
1_17_0563.jpg,1_17,23186,train
1_17_0564.jpg,1_17,28010,train
1_17_0565.jpg,1_17,703,train
1_17_0567.jpg,1_17,43257,train
1_17_0569.jpg,1_17,35122,train
1_17_0570.jpg,1_17,27137,train
1_17_0571.jpg,1_17,15970,train
1_17_0573.jpg,1_17,28327,train
1_17_0574.jpg,1_17,34921,train
1_17_0575.jpg,1_17,35123,train
1_17_0576.jpg,1_17,23107,train
1_17_0577.jpg,1_17,28017,train
1_17_0578.jpg,1_17,28414,train
1_17_0579.jpg,1_17,16105,train
1_17_0580.jpg,1_17,20218,train
1_17_0581.jpg,1_17,701,train
1_17_0582.jpg,1_17,31634,train
1_17_0584.jpg,1_17,16637,train
1_17_0587.jpg,1_17,37895,train
1_17_0588.jpg,1_17,23918,train
1_17_0589.jpg,1_17,31567,train
1_17_0591.jpg,1_17,43751,train
1_17_0592.jpg,1_17,26883,train
1_17_0593.jpg,1_17,51063,train
1_17_0594.jpg,1_17,28105,train
1_17_0596.jpg,1_17,24598,train
1_17_0597.jpg,1_17,15022,train
1_17_0599.jpg,1_17,10173,train
1_17_0600.jpg,1_17,35164,train
1_17_0602.jpg,1_17,15385,train
1_17_0603.jpg,1_17,23183,train
1_17_0604.jpg,1_17,12433,train
1_17_0605.jpg,1_17,24086,train
1_17_0606.jpg,1_17,32208,train
1_17_0607.jpg,1_17,31570,train
1_17_0608.jpg,1_17,27173,train
1_17_0609.jpg,1_17,31462,train
1_17_0610.jpg,1_17,37793,train
1_17_0611.jpg,1_17,26979,train
1_17_0612.jpg,1_17,43770,train
1_17_0613.jpg,1_17,8,train
1_17_0615.jpg,1_17,28420,train
1_17_0616.jpg,1_17,20788,train
1_17_0617.jpg,1_17,15989,train
1_17_0618.jpg,1_17,32260,train
1_17_0619.jpg,1_17,31714,train
1_17_0620.jpg,1_17,34923,train
1_17_0623.jpg,1_17,43831,train
1_17_0625.jpg,1_17,35159,train
1_17_0626.jpg,1_17,39145,train
1_17_0628.jpg,1_17,2036,train
1_17_0629.jpg,1_17,39143,train
1_17_0631.jpg,1_17,27176,train
1_17_0632.jpg,1_17,27047,train
1_17_0633.jpg,1_17,34705,train
1_17_0634.jpg,1_17,43503,train
1_17_0637.jpg,1_17,29205,train
1_17_0638.jpg,1_17,28980,train
1_17_0641.jpg,1_17,37801,train
1_17_0644.jpg,1_17,16109,train
1_17_0646.jpg,1_17,1191,train
1_17_0648.jpg,1_17,35116,train
1_17_0650.jpg,1_17,23924,train
1_17_0651.jpg,1_17,23547,train
1_17_0652.jpg,1_17,35327,train
1_17_0653.jpg,1_17,27133,train
1_17_0655.jpg,1_17,27914,train
1_17_0657.jpg,1_17,15966,train
1_17_0658.jpg,1_17,1105,train
1_17_0659.jpg,1_17,16112,train
1_17_0660.jpg,1_17,37894,train
1_17_0664.jpg,1_17,2895,train
1_17_0665.jpg,1_17,27046,train
1_17_0667.jpg,1_17,39424,train
1_17_0669.jpg,1_17,28011,train
1_17_0670.jpg,1_17,15026,train
1_17_0671.jpg,1_17,33499,train
1_17_0672.jpg,1_17,10175,train
1_17_0673.jpg,1_17,51069,train
1_17_0674.jpg,1_17,38564,train
1_17_0675.jpg,1_17,24091,train
1_17_0676.jpg,1_17,17007,train
1_17_0678.jpg,1_17,1245,train
1_17_0680.jpg,1_17,27840,train
1_17_0682.jpg,1_17,16104,train
1_17_0683.jpg,1_17,15988,train
1_17_0685.jpg,1_17,45512,train
1_17_0687.jpg,1_17,23246,train
1_17_0690.jpg,1_17,1052,train
1_17_0692.jpg,1_17,29291,train
1_17_0693.jpg,1_17,28423,train
1_17_0694.jpg,1_17,20678,train
1_17_0695.jpg,1_17,38714,train
1_17_0696.jpg,1_17,31976,train
1_17_0698.jpg,1_17,17004,train
1_17_0700.jpg,1_17,31638,train
1_17_0701.jpg,1_17,23925,train
1_17_0703.jpg,1_17,27876,train
1_17_0706.jpg,1_17,31565,train
1_17_0707.jpg,1_17,20783,train
1_17_0708.jpg,1_17,43830,train
1_17_0710.jpg,1_17,20215,train
1_17_0712.jpg,1_17,27049,train
1_17_0713.jpg,1_17,26971,train
1_17_0714.jpg,1_17,18405,train
1_17_0715.jpg,1_17,15019,train
1_17_0716.jpg,1_17,51061,train
1_17_0717.jpg,1_17,45275,train
1_17_0718.jpg,1_17,34706,train
1_17_0719.jpg,1_17,38710,train
1_17_0720.jpg,1_17,25165,train
1_17_0722.jpg,1_17,20145,train
1_17_0723.jpg,1_17,38721,train
1_17_0726.jpg,1_17,32856,train
1_17_0727.jpg,1_17,16108,train
1_17_0728.jpg,1_17,21635,train
1_17_0729.jpg,1_17,16111,train
1_17_0731.jpg,1_17,43704,train
1_17_0732.jpg,1_17,43701,train
1_17_0733.jpg,1_17,29211,train
1_17_0734.jpg,1_17,23245,train
1_17_0735.jpg,1_17,28043,train
1_17_0737.jpg,1_17,4756,train
1_17_0739.jpg,1_17,32170,train
1_17_0740.jpg,1_17,15980,train
1_17_0741.jpg,1_17,28789,train
1_17_0743.jpg,1_17,32205,train
1_17_0748.jpg,1_17,27973,train
1_17_0750.jpg,1_17,977,train
1_17_0752.jpg,1_17,17598,train
1_17_0753.jpg,1_17,31645,train
1_17_0756.jpg,1_17,30849,train
1_17_0758.jpg,1_17,31920,train
1_17_0760.jpg,1_17,43764,train
1_17_0762.jpg,1_17,20149,train
1_17_0765.jpg,1_17,34911,train
1_17_0769.jpg,1_17,26873,train
1_17_0771.jpg,1_17,32796,train
1_17_0772.jpg,1_17,29210,train
1_17_0773.jpg,1_17,51068,train
1_17_0774.jpg,1_17,26978,train
1_17_0775.jpg,1_17,27048,train
1_17_0776.jpg,1_17,32418,train
1_17_0778.jpg,1_17,20629,train
1_17_0779.jpg,1_17,27139,train
1_17_0780.jpg,1_17,23919,train
1_17_0781.jpg,1_17,2208,train
1_17_0783.jpg,1_17,31706,train
1_17_0785.jpg,1_17,26609,train
1_17_0786.jpg,1_17,51062,train
1_17_0787.jpg,1_17,24591,train
1_17_0788.jpg,1_17,37797,train
1_17_0789.jpg,1_17,31918,train
1_17_0790.jpg,1_17,43412,train
1_17_0791.jpg,1_17,32207,train
1_17_0793.jpg,1_17,27257,train
1_17_0794.jpg,1_17,25524,train
1_17_0795.jpg,1_17,38724,train
1_17_0796.jpg,1_17,32204,train
1_17_0799.jpg,1_17,12283,train
1_17_0801.jpg,1_17,28984,train
1_17_0803.jpg,1_17,27494,train
1_17_0804.jpg,1_17,14406,train
1_17_0806.jpg,1_17,23114,train
1_17_0807.jpg,1_17,28788,train
1_17_0808.jpg,1_17,20146,train
1_17_0809.jpg,1_17,32159,train
1_17_0810.jpg,1_17,15986,train
1_17_0811.jpg,1_17,28255,train
1_17_0813.jpg,1_17,27121,train
1_17_0814.jpg,1_17,24417,train
1_17_0815.jpg,1_17,12289,train
1_17_0816.jpg,1_17,45508,train
1_17_0818.jpg,1_17,31715,train
1_17_0820.jpg,1_17,37790,train
1_17_0821.jpg,1_17,25526,train
1_17_0822.jpg,1_17,51041,train
1_17_0824.jpg,1_17,43688,train
1_17_0825.jpg,1_17,29305,train
1_17_0827.jpg,1_17,27600,train
1_17_0833.jpg,1_17,35325,train
1_17_0835.jpg,1_17,28052,train
1_17_0836.jpg,1_17,22977,train
1_17_0837.jpg,1_17,32799,train
1_17_0838.jpg,1_17,27919,train
1_17_0839.jpg,1_17,31980,train
1_17_0840.jpg,1_17,23113,train
1_17_0841.jpg,1_17,31972,train
1_17_0842.jpg,1_17,32849,train
1_17_0843.jpg,1_17,12440,train
1_17_0844.jpg,1_17,15960,train
1_17_0845.jpg,1_17,20187,train
1_17_0847.jpg,1_17,29209,train
1_17_0848.jpg,1_17,20633,train
1_17_0850.jpg,1_17,28334,train
1_17_0852.jpg,1_17,28784,train
1_17_0853.jpg,1_17,45274,train
1_17_0855.jpg,1_17,39144,train
1_17_0857.jpg,1_17,16485,train
1_17_0858.jpg,1_17,43769,train
1_17_0862.jpg,1_17,14410,train
1_17_0863.jpg,1_17,32171,train
1_17_0865.jpg,1_17,43758,train
1_17_0866.jpg,1_17,30850,train
1_17_0867.jpg,1_17,28416,train
1_17_0868.jpg,1_17,1053,train
1_17_0870.jpg,1_17,31921,train
1_17_0871.jpg,1_17,1144,train
1_17_0872.jpg,1_17,14408,train
1_17_0874.jpg,1_17,23239,train
1_17_0877.jpg,1_17,32682,train
1_17_0879.jpg,1_17,43828,train
1_17_0881.jpg,1_17,15975,train
1_17_0882.jpg,1_17,20216,train
1_17_0884.jpg,1_17,1188,train
1_17_0885.jpg,1_17,17010,train
1_17_0887.jpg,1_17,27045,train
1_17_0888.jpg,1_17,38722,train
1_17_0889.jpg,1_17,31978,train
1_17_0891.jpg,1_17,33065,train
1_17_0892.jpg,1_17,43768,train
1_17_0893.jpg,1_17,16921,train
1_17_0894.jpg,1_17,28979,train
1_17_0895.jpg,1_17,28015,train
1_17_0896.jpg,1_17,28050,train
1_17_0897.jpg,1_17,32199,train
1_17_0899.jpg,1_17,38558,train
1_17_0900.jpg,1_17,33073,train
1_17_0901.jpg,1_17,28099,train
1_17_0902.jpg,1_17,12435,train
1_17_0903.jpg,1_17,10,train
1_17_0904.jpg,1_17,25516,train
1_17_0905.jpg,1_17,24597,train
1_17_0907.jpg,1_17,43827,train
1_17_0908.jpg,1_17,23115,train
1_17_0909.jpg,1_17,25519,train
1_17_0910.jpg,1_17,43509,train
1_17_0912.jpg,1_17,35158,train
1_17_0914.jpg,1_17,23551,train
1_17_0915.jpg,1_17,28007,train
1_17_0917.jpg,1_17,27496,train
1_17_0918.jpg,1_17,20188,train
1_17_0920.jpg,1_17,26200,train
1_17_0921.jpg,1_17,45511,train
1_17_0922.jpg,1_17,28013,train
1_17_0925.jpg,1_17,37789,train
1_17_0928.jpg,1_17,32423,train
1_17_0929.jpg,1_17,15957,train
1_17_0930.jpg,1_17,27170,train
1_17_0931.jpg,1_17,28986,train
1_17_0932.jpg,1_17,33629,train
1_17_0935.jpg,1_17,27492,train
1_17_0937.jpg,1_17,37887,train
1_17_0938.jpg,1_17,31640,train
1_17_0939.jpg,1_17,31572,train
1_17_0940.jpg,1_17,31979,train
1_17_0941.jpg,1_17,43756,train
1_17_0942.jpg,1_17,37784,train
1_17_0943.jpg,1_17,34912,train
1_17_0944.jpg,1_17,34714,train
1_17_0946.jpg,1_17,32160,train
1_17_0947.jpg,1_17,27172,train
1_17_0948.jpg,1_17,16102,train
1_17_0949.jpg,1_17,42459,train
1_17_0950.jpg,1_17,12519,train
1_17_0951.jpg,1_17,2936,train
1_17_0952.jpg,1_17,23184,train
1_17_0953.jpg,1_17,38555,train
1_17_0954.jpg,1_17,51064,train
1_17_0955.jpg,1_17,29207,train
1_17_0956.jpg,1_17,35161,train
1_17_0957.jpg,1_17,43506,train
1_17_0958.jpg,1_17,34913,train
1_17_0959.jpg,1_17,31471,train
1_17_0960.jpg,1_17,20402,train
1_17_0961.jpg,1_17,15971,train
1_17_0962.jpg,1_17,2257,train
1_17_0963.jpg,1_17,20150,train
1_17_0964.jpg,1_17,27915,train
1_17_0965.jpg,1_17,22981,train
1_17_0967.jpg,1_17,43695,train
1_17_0968.jpg,1_17,26201,train
1_17_0969.jpg,1_17,27835,train
1_17_0970.jpg,1_17,26980,train
1_17_0971.jpg,1_17,28418,train
1_17_0972.jpg,1_17,34703,train
1_17_0973.jpg,1_17,24421,train
1_17_0974.jpg,1_17,37800,train
1_17_0975.jpg,1_17,22979,train
1_17_0977.jpg,1_17,35121,train
1_17_0979.jpg,1_17,32686,train
1_17_0980.jpg,1_17,28051,train
1_17_0981.jpg,1_17,16490,train
1_17_0983.jpg,1_17,15974,train
1_17_0984.jpg,1_17,978,train
1_17_0985.jpg,1_17,24084,train
1_17_0986.jpg,1_17,32804,train
1_17_0988.jpg,1_17,33072,train
1_17_0989.jpg,1_17,28326,train
1_17_0990.jpg,1_17,39149,train
1_17_0991.jpg,1_17,28782,train
1_17_0992.jpg,1_17,12441,train
1_17_0993.jpg,1_17,35111,train
1_17_0994.jpg,1_17,29208,train
1_17_0995.jpg,1_17,20676,train
1_17_0996.jpg,1_17,34707,train
1_17_0997.jpg,1_17,31705,train
